Theta,Energia,Gradiente_PSR
0.0,-0.0,0.0
0.0017957088617260892,-0.007577826367183803,0.007577862888506907
0.0035914177234521783,-0.015155263617534238,0.01515555473010882
0.005387126585178268,-0.022731925559414144,0.02273290448271008
0.007182835446904357,-0.030307429218283943,0.030309741113819916
0.008978544308630446,-0.03788139486466413,0.037885893605366254
0.010774253170356535,-0.04545344604142743,0.04546119095848071
0.012569962032082624,-0.05302320959041968,0.0530354621983006
0.014365670893808713,-0.060590315678405546,0.060608536378745734
0.0161613797555348,-0.06815439782233895,0.06818024258730203
0.01795708861726089,-0.07571509291395469,0.0757504099497791
0.01975279747898698,-0.08327204124368046,0.08331886763507725
0.02154850634071307,-0.09082488652386758,0.09088544485991354
0.02334421520243916,-0.098373275911338,0.09844997089356658
0.025139924064165247,-0.10591686002924879,0.10601227506257857
0.026935632925891337,-0.11345529298826867,0.11357218675545405
0.028731341787617427,-0.12098823240707042,0.12112953542733851
0.030527050649343516,-0.12851533943213347,0.1286841506046772
0.0323227595110696,-0.13603627875686028,0.13623586188984882
0.034118468372795696,-0.14355071864000238,0.14378449896578382
0.03591417723452178,-0.15105833092339763,0.15132989160055366
0.037709886096247876,-0.1585587910490164,0.15887186965194044
0.03950559495797396,-0.1660517780753199,0.16641026307197132
0.04130130381970005,-0.17353697469292473,0.17394490191143624
0.04309701268142614,-0.18101406723958063,0.1814756163243696
0.04489272154315223,-0.1884827457144558,0.18900223657250592
0.04668843040487832,-0.19594270379173245,0.1965245930296967
0.04848413926660441,-0.20339363883351444,0.20404251618630875
0.050279848128330494,-0.21083525190204278,0.21155583665357197
0.05207555699005659,-0.2182672477712268,0.21906438516790655
0.053871265851782674,-0.2256893349374837,0.22656799259520352
0.05566697471350877,-0.23310122562989516,0.2340664899350741
0.05746268357523485,-0.24050263581967385,0.24155970832505716
0.05925839243696094,-0.24789328522895018,0.24904747904479216
0.06105410129868703,-0.25527289733887404,0.25652963352013913
0.06284981016041312,-0.26264119939703245,0.2640060033272751
0.0646455190221392,-0.26999792242419135,0.2714764201967278
0.0664412278838653,-0.27734280122035493,0.2789407160173849
0.06823693674559139,-0.28467557437015145,0.286398722840438
0.07003264560731748,-0.291995984247542,0.29385027288329507
0.07182835446904356,-0.2993037770198576,0.30129519853344283
0.07362406333076965,-0.30659870265116673,0.3087333323522583
0.07541977219249575,-0.31388051490497343,0.316164507078769
0.07721548105422184,-0.32114897134624915,0.32358855563336786
0.07901118991594792,-0.3284038333428015,0.3310053111214798
0.08080689877767401,-0.33564486606598487,0.3384146068371653
0.0826026076394001,-0.3428718384907531,0.3458162762666843
0.0843983165011262,-0.35008452339505086,0.3532101530919942
0.08619402536285228,-0.357282697358563,0.36059607119420883
0.08798973422457837,-0.36446614076080924,0.36797386465698306
0.08978544308630446,-0.3716346377785942,0.37534336776985733
0.09158115194803054,-0.37878797638281414,0.3827044150315384
0.09337686080975664,-0.38592594833463406,0.3900568411531268
0.09517256967148273,-0.3930483491810144,0.397400481061278
0.09696827853320882,-0.40015497824962204,0.40473516990131675
0.0987639873949349,-0.4072456386431043,0.4120607430402771
0.10055969625666099,-0.4143201372327403,0.41937703606990406
0.10235540511838709,-0.4213782846514813,0.42668388480956965
0.10415111398011317,-0.4284198952863632,0.4339811253091462
0.10594682284183926,-0.43544478727032043,0.44126859385181105
0.10774253170356535,-0.4424527824733843,0.4485461269567931
0.10953824056529143,-0.44944370649328197,0.4558135613820459
0.11133394942701753,-0.45641738864544196,0.4630707341268777
0.11312965828874362,-0.46337366195240215,0.47031748243449545
0.1149253671504697,-0.47031236313262914,0.4775536437945046
0.11672107601219579,-0.47723333258876044,0.4847790559453304
0.11851678487392188,-0.4841364143952627,0.4919935568765911
0.12031249373564798,-0.4910214562855195,0.49919698483137986
0.12210820259737407,-0.4978883096383494,0.5063891783085211
0.12390391145910015,-0.504736829463967,0.5135699760647189
0.12569962032082624,-0.5115668743893765,0.5207392171166767
0.12749532918255232,-0.5183783066432244,0.5278967407431239
0.1292910380442784,-0.5251709920401003,0.5350423864868021
0.1310867469060045,-0.531944799964297,0.5421759941563646
0.1328824557677306,-0.5386996033530344,0.5492974038282223
0.1346781646294567,-0.5454352786791639,0.5564064558483193
0.13647387349118278,-0.5521517059333352,0.5635029908338485
0.13826958235290887,-0.5588487686056556,0.5705868496748974
0.14006529121463496,-0.5655263536668398,0.5776578735360325
0.14186100007636104,-0.572184351548841,0.584715903857807
0.14365670893808713,-0.5788226561250039,0.5917607823582202
0.14545241779981322,-0.5854411646897059,0.5987923510341084
0.1472481266615393,-0.592039777937526,0.6058104521624611
0.1490438355232654,-0.598618399941923,0.6128149283016769
0.1508395443849915,-0.6051769381334526,0.6198056222927679
0.1526352532467176,-0.6117153032775049,0.6267823772604867
0.15443096210844368,-0.6182334094515929,0.6337450366143896
0.15622667097016976,-0.6247311740221787,0.6406934440498534
0.15802237983189585,-0.631208517621066,0.647627443549007
0.15981808869362193,-0.6376653641213348,0.6545468793816235
0.16161379755534802,-0.6441016406128605,0.6614515961059296
0.1634095064170741,-0.6505172773773998,0.6683414385693793
0.1652052152788002,-0.6569122078632527,0.6752162519093392
0.16700092414052628,-0.6632863686595272,0.6820758815537392
0.1687966330022524,-0.6696396994699843,0.6889201732216458
0.17059234186397848,-0.6759721430864957,0.6957489729237952
0.17238805072570457,-0.68228364536211,0.7025621269630482
0.17418375958743065,-0.6885741551837304,0.7093594819348088
0.17597946844915674,-0.6948436244444229,0.7161408847273678
0.17777517731088283,-0.7010920080153591,0.7229061825222114
0.1795708861726089,-0.7073192637173891,0.7296552227942554
0.181366595034335,-0.7135253522922707,0.7363878533120471
0.18316230389606108,-0.7197102373735441,0.7431039221378894
0.18495801275778717,-0.7258738854570825,0.7498032776279422
0.18675372161951329,-0.7320162658712983,0.7564857684322468
0.18854943048123937,-0.7381373507470304,0.7631512434947219
0.19034513934296546,-0.7442371149871237,0.7697995520530969
0.19214084820469154,-0.7503155362356952,0.7764305436388057
0.19393655706641763,-0.7563725948470981,0.7830440680768294
0.19573226592814372,-0.7624082738546049,0.7896399754855006
0.1975279747898698,-0.7684225589387904,0.7962181162762538
0.1993236836515959,-0.7744154383956544,0.8027783411533473
0.20111939251332198,-0.7803869031044718,0.809320501113526
0.20291510137504806,-0.7863369464953716,0.81584444744566
0.20471081023677418,-0.7922655645166818,0.8223500317303368
0.20650651909850026,-0.7981727556020142,0.8288371058394151
0.20830222796022635,-0.8040585206371241,0.8353055219355452
0.21009793682195244,-0.8099228629265278,0.8417551324716539
0.21189364568367852,-0.8157657881599208,0.8481857901903966
0.2136893545454046,-0.821587304378355,0.8545973481235785
0.2154850634071307,-0.8273874219402425,0.8609896595915398
0.21728077226885678,-0.833166153487136,0.8673625782025136
0.21907648113058287,-0.8389235139093375,0.8737159578519671
0.22087218999230895,-0.8446595203113184,0.8800496527219057
0.22266789885403507,-0.8503741919769685,0.8863635172801466
0.22446360771576115,-0.8560675503346864,0.8926574062795926
0.22625931657748724,-0.861739618922302,0.8989311747574562
0.22805502543921333,-0.8673904233518575,0.9051846780344919
0.2298507343009394,-0.8730199912742561,0.9114177717141916
0.2316464431626655,-0.8786283523437558,0.9176303116819637
0.23344215202439159,-0.8842155381823654,0.9238221541043197
0.23523786088611767,-0.8897815823440967,0.9299931554280161
0.23703356974784376,-0.8953265202791371,0.9361431723792131
0.23882927860956987,-0.9008503892978988,0.942272061962605
0.24062498747129596,-0.9063532285349835,0.9483796814605596
0.24242069633302205,-0.9118350789130606,0.9544658884322363
0.24421640519474813,-0.9172959831066856,0.9605305407127125
0.24601211405647422,-0.9227359855060083,0.9665734964121011
0.2478078229182003,-0.9281551321804747,0.9725946139146739
0.2496035317799264,-0.9335534708424243,0.9785937518779803
0.2513992406416525,-0.9389310508106825,0.9845707692319768
0.25319494950337856,-0.9442879229740898,0.9905255251781586
0.25499065836510465,-0.9496241397550113,0.9964578791886959
0.25678636722683074,-0.954939755072823,1.0023676910055905
0.2585820760885568,-0.9602348243073919,1.0082548206398307
0.2603777849502829,-0.9655094042625294,1.0141191283705662
0.262173493812009,-0.9707635531294659,1.019960474744309
0.2639692026737351,-0.9759973304503282,1.0257787205741273
0.2657649115354612,-0.9812107970816292,1.031573726938887
0.2675606203971873,-0.9864040151577822,1.037345355182493
0.2693563292589134,-0.9915770480546541,1.0430934669131648
0.2711520381206395,-0.9967299603531494,1.0488179240027429
0.27294774698236557,-1.0018628178028448,1.0545185885860104
0.27474345584409166,-1.0069756872856737,1.0601953230600487
0.27653916470581774,-1.0120686367796754,1.0658479900836335
0.27833487356754383,-1.017141735322819,1.0714764525766594
0.2801305824292699,-1.0221950529768855,1.0770805737195963
0.281926291290996,-1.0272286607914436,1.0826602169529895
0.2837220001527221,-1.0322426307679267,1.0882152459769971
0.2855177090144482,-1.0372370358237826,1.0937455247509806
0.28731341787617426,-1.0422119497567393,1.0992509174931238
0.28910912673790035,-1.0471674472091959,1.1047312886801084
0.29090483559962643,-1.0521036036327076,1.110186503046832
0.2927005444613525,-1.0570204952526052,1.1156164255861976
0.2944962533230786,-1.0619181990327493,1.1210209215489235
0.2962919621848047,-1.0667967926404278,1.1263998564434328
0.2980876710465308,-1.0716563544113753,1.1317530960357898
0.29988337990825686,-1.07649696331498,1.1370805063497058
0.301679088769983,-1.081318698919613,1.1423819536665976
0.3034747976317091,-1.086121641358144,1.1476573045257052
0.3052705064934352,-1.090905871293629,1.152906425724289
0.30706621535516126,-1.0956714698851544,1.158129184317891
0.30886192421688735,-1.100418518753899,1.1633254476206543
0.31065763307861344,-1.1051470999493511,1.1684950832057348
0.3124533419403395,-1.1098572959157411,1.173637958905763
0.3142490508020656,-1.1145491894586737,1.178753942813407
0.3160447596637917,-1.1192228637119703,1.183842903281994
0.3178404685255178,-1.1238784021047188,1.188904708926227
0.31963617738724387,-1.1285158883285429,1.1939392286229689
0.32143188624896996,-1.1331354063051076,1.1989463315121252
0.32322759511069604,-1.1377370401538478,1.2039258869976053
0.32502330397242213,-1.1423208741599324,1.2088777647483746
0.3268190128341482,-1.1468869927424765,1.2138018346995934
0.3286147216958743,-1.151435480422998,1.218697967053856
0.3304104305576004,-1.1559664217941295,1.2235660322825175
0.3322061394193265,-1.1604799014885863,1.2284059011271138
0.33400184828105256,-1.1649760041484023,1.2332174446008923
0.33579755714277865,-1.1694548143944257,1.2380005339904323
0.3375932660045048,-1.1739164167961065,1.2427550408573684
0.3393889748662309,-1.1783608958415388,1.247480837040221
0.34118468372795696,-1.1827883359078064,1.2521777946563335
0.34298039258968305,-1.1871988212316054,1.256845786103907
0.34477610145140913,-1.191592435880171,1.261484684064162
0.3465718103131352,-1.1959692637224908,1.2660943615035953
0.3483675191748613,-1.2003293884008233,1.2706746916763563
0.3501632280365874,-1.2046728933025226,1.2752255481267305
0.3519589368983135,-1.2089998615321864,1.2797468046917646
0.35375464576003957,-1.2133103758840926,1.2842383355039697
0.35555035462176565,-1.2176045188149915,1.2887000149941783
0.35734606348349174,-1.221882372417176,1.2931317178945014
0.3591417723452178,-1.2261440183919203,1.2975333192414258
0.3609374812069439,-1.2303895380232326,1.3019046943790191
0.36273319006867,-1.2346190121519407,1.3062457189622692
0.3645288989303961,-1.23883252115011,1.3105562689605457
0.36632460779212217,-1.243030144895822,1.3148362206612143
0.36812031665384826,-1.247211962748292,1.319085450673333
0.36991602551557434,-1.251378053523316,1.32330383593153
0.3717117343773005,-1.255528495469095,1.3274912536999843
0.37350744323902657,-1.2596633662424117,1.331647581576556
0.37530315210075266,-1.2637827428851445,1.3357726974970372
0.37709886096247874,-1.2678867018011657,1.3398664797395616
0.37889456982420483,-1.2719753187335956,1.3439288069291306
0.3806902786859309,-1.2760486687424186,1.3479595580422905
0.382485987547657,-1.2801068261824822,1.351958612411952
0.3842816964093831,-1.2841498646818388,1.3559258497323432
0.3860774052711092,-1.2881778571205156,1.359861150064115
0.38787311413283526,-1.2921908756096014,1.3637643938395778
0.38966882299456135,-1.2961889914707454,1.3676354618681028
0.39146453185628743,-1.3001722752160445,1.371474235341644
0.3932602407180135,-1.3041407965282907,1.3752805958404306
0.3950559495797396,-1.3080946242416174,1.3790544253387935
0.3968516584414657,-1.312033826322534,1.3827956062111406
0.3986473673031918,-1.3159584698513456,1.386504021238093
0.40044307616491787,-1.319868621003958,1.3901795536127532
0.40223878502664395,-1.3237643450341003,1.3938220869471434
0.40403449388837004,-1.3276457062559004,1.3974315052787785
0.4058302027500961,-1.331512768026891,1.401007693077402
0.40762591161182227,-1.3353655927314025,1.4045505352518752
0.40942162047354835,-1.3392042417643437,1.4080599171572081
0.41121732933527444,-1.3430287755153905,1.4115357246017572
0.4130130381970005,-1.3468392533535822,1.414977843854572
0.4148087470587266,-1.350635733612286,1.4183861616528968
0.4166044559204527,-1.354418273574614,1.4217605652098195
0.4184001647821788,-1.3581869294591968,1.4251009422220964
0.42019587364390487,-1.3619417564063832,1.4284071808781083
0.42199158250563096,-1.3656828084648298,1.431679169865987
0.42378729136735704,-1.3694101385785142,1.4349167983818916
0.42558300022908313,-1.3731237985741398,1.4381199561384497
0.4273787090908092,-1.3768238391489287,1.4412885333733398
0.4291744179525353,-1.3805103098588511,1.4444224208580425
0.4309701268142614,-1.3841832591072352,1.4475215099067378
0.4327658356759875,-1.3878427341337976,1.4505856923853724
0.43456154453771356,-1.391488781004059,1.4536148607208612
0.43635725339943965,-1.395121444599169,1.4566089079104696
0.43815296226116573,-1.3987407686061648,1.4595677275313248
0.4399486711228918,-1.4023467955085716,1.4624912137501083
0.4417443799846179,-1.4059395665774714,1.465379261332878
0.44354008884634405,-1.409519121862921,1.4682317656550645
0.44533579770807014,-1.4130855001858031,1.4710486227116082
0.4471315065697962,-1.4166387391300599,1.4738297291272535
0.4489272154315223,-1.4201788750353403,1.476574982166999
0.4507229242932484,-1.4237059429900345,1.479284279746695
0.4525186331549745,-1.4272199768247005,1.4819575204437898
0.45431434201670057,-1.4307210091059037,1.4845946035082362
0.45611005087842665,-1.4342090711304356,1.4871954288735403
0.45790575974015274,-1.4376841929199324,1.4897598971679566
0.4597014686018788,-1.441146403215885,1.4922879097258386
0.4614971774636049,-1.4445957294750424,1.4947793685991262
0.463292886325331,-1.448032197865182,1.4972341765689952
0.4650885951870571,-1.451455833261304,1.4996522371576335
0.46688430404878317,-1.4548666592421746,1.50203345464017
0.46868001291050926,-1.4582646980872858,1.504377734056746
0.47047572177223534,-1.4616499707741468,1.506684981224728
0.47227143063396143,-1.4650224969760168,1.5089551027510564
0.4740671394956875,-1.4683822950599636,1.5111880060447365
0.4758628483574136,-1.4717293820853283,1.5133835993294626
0.47765855721913975,-1.4750637738025398,1.5155417916563898
0.47945426608086583,-1.4783854846523135,1.5176624929170162
0.4812499749425919,-1.4816945277652107,1.5197456138562255
0.483045683804318,-1.4849909149615734,1.5217910660854357
0.4848413926660441,-1.4882746567518006,1.5237987620959066
0.4866371015277702,-1.4915457623370036,1.5257686152721321
0.48843281038949626,-1.4948042396100119,1.5277005399053996
0.49022851925122235,-1.498050095156732,1.5295944512074535
0.49202422811294844,-1.5012833342578509,1.5314502653242792
0.4938199369746745,-1.504503960890906,1.5332678993500153
0.4956156458364006,-1.5077119777326764,1.5350472713409817
0.4974113546981267,-1.5109073861619307,1.5367883003298135
0.4992070635598528,-1.51409018626252,1.5384909063397247
0.5010027724215789,-1.5172603768267887,1.5401550103988688
0.502798481283305,-1.520417955359323,1.5417805345548228
0.504594190145031,-1.5235629180810388,1.543367401889165
0.5063898990067571,-1.5266952599335892,1.5449155365321676
0.5081856078684832,-1.5298149745840774,1.5464248636775828
0.5099813167302093,-1.5329220544301219,1.5478953095975332
0.5117770255919354,-1.536016490605211,1.5493268016575024
0.5135727344536615,-1.539098272984358,1.5507192683314144
0.5153684433153876,-1.542167390190112,1.5520726392168183
0.5171641521771136,-1.5452238295988148,1.553386845050135
0.5189598610388397,-1.5482675773471894,1.5546618177220215
0.5207555699005658,-1.5512986183392272,1.5558974902927996
0.5225512787622919,-1.554316936253353,1.5570937970079781
0.524346987624018,-1.557322513549881,1.5582506733138377
0.5261426964857441,-1.5603153314787592,1.5593680558731156
0.5279384053474702,-1.5632953700875927,1.5604458825807324
0.5297341142091962,-1.5662626082299353,1.5614840925796143
0.5315298230709224,-1.5692170235738714,1.5624826262765685
0.5333255319326485,-1.5721585926108401,1.5634414253582263
0.5351212407943746,-1.5750872906647415,1.564360432807049
0.5369169496561007,-1.578003091901284,1.565239592917376
0.5387126585178268,-1.5809059693376206,1.5660788513115556
0.5405083673795529,-1.583795894852182,1.5668781549560955
0.542304076241279,-1.586672839194808,1.5676374521778764
0.544099785103005,-1.5895367719970794,1.5683566926804104
0.5458954939647311,-1.5923876617829213,1.569035827560135
0.5476912028264572,-1.5952254759794025,1.569674809322751
0.5494869116881833,-1.5980501809277903,1.5702735918995727
0.5512826205499094,-1.6008617418948194,1.570832130663951
0.5530783294116355,-1.6036601230841763,1.5713503824476682
0.5548740382733616,-1.606445287648195,1.5718283055574052
0.5566697471350877,-1.6092171976997685,1.5722658597911896
0.5584654559968137,-1.6119758143244713,1.5726630064548965
0.5602611648585398,-1.6147210975928572,1.5730197083787194
0.5620568737202659,-1.6174530065729638,1.5733359299336822
0.563852582581992,-1.6201714993430334,1.5736116370481477
0.5656482914437181,-1.622876533004369,1.5738467972243098
0.5674440003054442,-1.6255680636944143,1.5740413795547101
0.5692397091671703,-1.6282460465999793,1.5741953547387197
0.5710354180288963,-1.6309104359706574,1.5743086950990297
0.5728311268906224,-1.6335611851323963,1.5743813745981252
0.5746268357523485,-1.636198246501237,1.5744133688547122
0.5764225446140746,-1.638821571597196,1.574404655160175
0.5782182534758007,-1.6414311110583188,1.5743552124949436
0.5800139623375268,-1.6440268146548662,1.5742650215448863
0.5818096711992529,-1.646608631303638,1.5741340647176254
0.583605380060979,-1.6491765090824386,1.5739623261588365
0.585401088922705,-1.6517303952446951,1.5737497917684995
0.5871967977844311,-1.6542702362341488,1.5734964492170906
0.5889925066461572,-1.656795977699723,1.57320228796174
0.5907882155078833,-1.659307564510488,1.5728672992623192
0.5925839243696094,-1.6618049407707178,1.5724914761974789
0.5943796332313355,-1.6642880498350827,1.572074813680611
0.5961753420930616,-1.6667568343239365,1.5716173084757445
0.5979710509547876,-1.6692112361386802,1.5711189592133805
0.5997667598165137,-1.6716511964772458,1.570579766406234
0.6015624686782399,-1.6740766558496483,1.5699997324648942
0.603358177539966,-1.6764875540936324,1.5693788617134121
0.6051538864016921,-1.6788838303903844,1.5687171604047836
0.6069495952634182,-1.6812654232803186,1.5680146367363443
0.6087453041251443,-1.68363227067895,1.5672713008650678
0.6105410129868704,-1.685984309892794,1.5664871649227408
0.6123367218485964,-1.6883214776353537,1.5656622430310658
0.6141324307103225,-1.6906437100431546,1.5647965513166129
0.6159281395720486,-1.6929509426918101,1.5638901079256828
0.6177238484337747,-1.6952431106121575,1.562942933039027
0.6195195572955008,-1.6975201483064002,1.5619550488864606
0.6213152661572269,-1.6997819897643205,1.5609264797613336
0.623110975018953,-1.7020285684794838,1.5598572520348708
0.624906683880679,-1.7042598174654928,1.5587473941703651
0.6267023927424051,-1.7064756692722574,1.5575969367372422
0.6284981016041312,-1.70867605600226,1.556405912424967
0.6302938104658573,-1.7108609093268616,1.5551743560567912
0.6320895193275834,-1.7130301605025957,1.5539023046033633
0.6338852281893095,-1.7151837403874477,1.552589797196151
0.6356809370510356,-1.7173215794571688,1.5512368751407242
0.6374766459127617,-1.7194436078215491,1.5498435819298462
0.6392723547744877,-1.7215497552406838,1.5484099632564061
0.6410680636362138,-1.7236399511412483,1.5469360670261594
0.6428637724979399,-1.7257141246327046,1.5454219433702945
0.644659481359666,-1.7277722045235255,1.5438676446578
0.6464551902213921,-1.7298141193373604,1.5422732255076552
0.6482508990831182,-1.7318397973291957,1.540638742800812
0.6500466079448443,-1.7338491665014188,1.5389642556919696
0.6518423168065703,-1.7358421546199112,1.5372498256211746
0.6536380256682964,-1.7378186892300527,1.5354955163251616
0.6554337345300225,-1.739778697672661,1.5337013938485313
0.6572294433917486,-1.741722107099913,1.5318675265546737
0.6590251522534747,-1.7436488444911868,1.5299939851364854
0.6608208611152008,-1.745558836668835,1.528080842626852
0.6626165699769269,-1.7474520103138875,1.5261281744089097
0.664412278838653,-1.7493282919817064,1.5241360582260555
0.666207987700379,-1.7511876081175404,1.5221045741917407
0.6680036965621051,-1.7530298850720052,1.5200338047989923
0.6697994054238312,-1.7548550491164778,1.5179238349297137
0.6715951142855573,-1.7566630264584233,1.5157747518637101
0.6733908231472835,-1.7584537432566,1.5135866452874809
0.6751865320090096,-1.76022712563619,1.511359607302728
0.6769822408707357,-1.7619830997038264,1.5090937324346223
0.6787779497324617,-1.7637215915625164,1.506789117639787
0.6805736585941878,-1.7654425273264573,1.504445862314011
0.6823693674559139,-1.7671458331357521,1.5020640682996977
0.68416507631764,-1.7688314351709997,1.4996438398930185
0.6859607851793661,-1.7704992596677904,1.4971852838507895
0.6877564940410922,-1.7721492329310418,1.4946885093970677
0.6895522029028183,-1.7737812813492644,1.492153628229438
0.6913479117645444,-1.7753953314086623,1.489580754525032
0.6931436206262704,-1.7769913097071237,1.486970004946223
0.6949393294879965,-1.7785691429680686,1.4843214986460254
0.6967350383497226,-1.7801287580541747,1.481635357273201
0.6985307472114487,-1.7816700819809488,1.4789117049770415
0.7003264560731748,-1.7831930419301805,1.4761506684118466
0.7021221649349009,-1.7846975652632264,1.4733523767410768
0.703917873796627,-1.7861835795341652,1.470516961641199
0.705713582658353,-1.7876510125028064,1.4676445573051995
0.7075092915200791,-1.789099792147521,1.464735300445775
0.7093050003818052,-1.7905298466779613,1.4617893302981888
0.7111007092435313,-1.7919411045475755,1.458806788622805
0.7128964181052574,-1.7933334944660069,1.4557878197072758
0.7146921269669835,-1.7947069454113047,1.4527325703683927
0.7164878358287096,-1.7960613866419717,1.4496411899536037
0.7182835446904356,-1.7973967477088635,1.4465138303421679
0.7200792535521617,-1.7987129584668942,1.44335064594599
0.7218749624138878,-1.8000099490865984,1.440151793710072
0.7236706712756139,-1.801287650065501,1.4369174331126295
0.72546638013734,-1.8025459922393205,1.4336477261648606
0.7272620889990661,-1.8037849067929816,1.430342837410329
0.7290577978607922,-1.8050043252714898,1.4270029339240118
0.7308535067225183,-1.8062041795905628,1.4236281853109665
0.7326492155842443,-1.80738440204714,1.4202187637046397
0.7344449244459704,-1.808544925329673,1.416774843764804
0.7362406333076965,-1.8096856825282437,1.4132966026751221
0.7380363421694226,-1.8108066071444813,1.4097842201403448
0.7398320510311487,-1.811907633101323,1.4062378783831198
0.7416277598928748,-1.8129886947525422,1.402657762140436
0.743423468754601,-1.8140497268921196,1.3990440586596784
0.745219177616327,-1.8150906647634097,1.3953969576943084
0.7470148864780531,-1.8161114440681092,1.391716651499151
0.7488105953397792,-1.8171120009750343,1.3880033348253065
0.7506063042015053,-1.8180922721287127,1.3842572049146658
0.7524020130632314,-1.819052194657754,1.3804784614940455
0.7541977219249575,-1.819991706183051,1.3766673067689146
0.7559934307866836,-1.8209107448257664,1.3728239454167581
0.7577891396484097,-1.8218092492151154,1.368948584580013
0.7595848485101357,-1.8226871584959703,1.3650414338586323
0.7613805573718618,-1.8235444123362246,1.3611027053022482
0.7631762662335879,-1.8243809509340172,1.3571326134019246
0.764971975095314,-1.825196715024678,1.3531313750815273
0.7667676839570401,-1.825991645887551,1.3490992096886851
0.7685633928187662,-1.826765685352539,1.3450363389853484
0.7703591016804923,-1.8275187758065103,1.3409429871379497
0.7721548105422184,-1.828250860199455,1.336819380707158
0.7739505194039444,-1.828961882050467,1.332665748637233
0.7757462282656705,-1.8296517854535048,1.328482322244972
0.7775419371273966,-1.8303205150829616,1.3242693352082497
0.7793376459891227,-1.830968016199017,1.320027023554155
0.7811333548508488,-1.8315942346528002,1.3157556256467264
0.7829290637125749,-1.8321991168913463,1.3114553821742685
0.784724772574301,-1.832782609962331,1.3071265361362763
0.786520481436027,-1.833344661518634,1.3027693328299403
0.7883161902977531,-1.8338852198226836,1.298384019836249
0.7901118991594792,-1.83440423375058,1.2939708470056936
0.7919076080212053,-1.8349016527960529,1.2895300664435516
0.7937033168829314,-1.8353774270741976,1.2850619324947647
0.7954990257446575,-1.8358315073250084,1.2805667017284241
0.7972947346063836,-1.8362638449167166,1.2760446329218378
0.7990904434681096,-1.8366743918489354,1.271495987044194
0.8008861523298357,-1.8370631007555978,1.266921027239812
0.8026818611915618,-1.8374299249076929,1.262320018811019
0.8044775700532879,-1.837774818215819,1.2576932292005745
0.806273278915014,-1.8380977352325307,1.2530409279737404
0.8080689877767401,-1.838398631154493,1.248363386799909
0.8098646966384662,-1.8386774618244448,1.243660879433857
0.8116604055001923,-1.8389341837329591,1.238933681696589
0.8134561143619184,-1.8391687540200365,1.2341820714557805
0.8152518232236445,-1.839381130476467,1.229406328605823
0.8170475320853706,-1.8395712715450554,1.2246067350474765
0.8188432409470967,-1.8397391363216098,1.2197835746671306
0.8206389498088228,-1.8398846845557704,1.2149371333156593
0.8224346586705489,-1.8400078766516563,1.2100676987868901
0.824230367532275,-1.8401086736683117,1.2051755607956944
0.826026076394001,-1.8401870373199838,1.200261010955664
0.8278217852557271,-1.8402429299762126,1.195324342756434
0.8296174941174532,-1.8402763146617562,1.190365851540585
0.8314132029791793,-1.8402871550563127,1.1853858344801917
0.8332089118409054,-1.8402754154941028,1.1803845905529808
0.8350046207026315,-1.84024106096325,1.1753624205181052
0.8368003295643576,-1.8401840571049928,1.1703196268915486
0.8385960384260837,-1.8401043702127549,1.1652565139211546
0.8403917472878097,-1.840001967231007,1.1601733875612912
0.8421874561495358,-1.839876815754002,1.155070555447135
0.8439831650112619,-1.8397288840243107,1.1499483268685975
0.845778873872988,-1.8395581409312316,1.1448070127438916
0.8475745827347141,-1.839364556009014,1.1396469255927264
0.8493702915964402,-1.83914809943494,1.134468379509155
0.8511660004581663,-1.8389087420272436,1.1292716901340745
0.8529617093198923,-1.8386464552428867,1.1240571746273518
0.8547574181816184,-1.838361211175167,1.1188251516396202
0.8565531270433445,-1.8380529825512035,1.1135759412837338
0.8583488359050706,-1.837721742729258,1.1083098651058734
0.8601445447667967,-1.8373674656959165,1.1030272460563069
0.8619402536285228,-1.8369901260631314,1.0977284084598347
0.8637359624902489,-1.8365896990651411,1.0924136779858926
0.865531671351975,-1.8361661605552209,1.0870833816183274
0.867327380213701,-1.8357194870023286,1.0817378476248585
0.8691230890754271,-1.8352496554876183,1.0763774055262088
0.8709187979371532,-1.8347566437008112,1.0710023860649371
0.8727145067988793,-1.8342404299364514,1.0656131211739375
0.8745102156606054,-1.8337009930900412,1.0602099439446533
0.8763059245223315,-1.8331383126540486,1.0547931885949762
0.8781016333840576,-1.8325523687138177,1.049363190436856
0.8798973422457836,-1.831943141943324,1.0439202858436056
0.8816930511075097,-1.831310613600877,1.0384648122169235
0.8834887599692358,-1.8306547655246521,1.0329971079536366
0.885284468830962,-1.8299755801281743,1.027517512412154
0.8870801776926881,-1.8292730403956574,1.0220263658786501
0.8888758865544142,-1.8285471298772573,1.016524009532971
0.8906715954161403,-1.827797832684235,1.0110107854142936
0.8924673042778664,-1.8270251334840237,1.005487036386497
0.8942630131395924,-1.826229017495192,0.9999531061033011
0.8960587220013185,-1.8254094704823403,0.9944093389731452
0.8978544308630446,-1.8245664787508893,0.988856080123817
0.8996501397247707,-1.8237000291418075,0.983293675366851
0.9014458485864968,-1.8228101090262407,0.977722471161688
0.9032415574482229,-1.8218967063000924,0.9721428145796029
0.905037266309949,-1.8209598093784911,0.9665550532674114
0.906832975171675,-1.8199994071902317,0.9609595354109544
0.9086286840334011,-1.8190154891721109,0.9553566096983783
0.9104243928951272,-1.8180080452632428,0.9497466252831989
0.9122201017568533,-1.8169770658992597,0.9441299317471623
0.9140158106185794,-1.8159225420065086,0.9385068790629257
0.9158115194803055,-1.8148444649961581,0.932877817556525
0.9176072283420316,-1.8137428267582631,0.927243097869683
0.9194029372037577,-1.812617619655798,0.9216030709219195
0.9211986460654837,-1.8114688365186147,0.9159580878724995
0.9229943549272098,-1.8102964706373883,0.910308500082215
0.9247900637889359,-1.8091005157575006,0.9046546590750055
0.926585772650662,-1.807880966072903,0.8989969164994207
0.9283814815123881,-1.806637816219954,0.8933356240899466
0.9301771903741142,-1.8053710612711948,0.8876711336281832
0.9319728992358403,-1.8040806967291358,0.8820037969038841
0.9337686080975663,-1.8027667185199974,0.876333965675879
0.9355643169592924,-1.8014291229874495,0.8706619916328657
0.9373600258210185,-1.8000679068863035,0.8649882263540847
0.9391557346827446,-1.798683067376223,0.8593130212699
0.9409514435444707,-1.7972746020154196,0.8536367276222603
0.9427471524061968,-1.7958425087543117,0.8479596964250774
0.9445428612679229,-1.794386785929216,0.842282278424506
0.946338570129649,-1.7929074322560148,0.8366048240591478
0.948134278991375,-1.7914044468238381,0.8309276834201916
0.9499299878531011,-1.7898778290887378,0.8252512062114518
0.9517256967148272,-1.7883275788673865,0.8195757417093837
0.9535214055765533,-1.78675369633076,0.8139016387230258
0.9553171144382795,-1.7851561819978785,0.8082292455538894
0.9571128233000056,-1.7835350367295122,0.8025589099558197
0.9589085321617317,-1.7818902617219432,0.7968909790948192
0.9607042410234578,-1.7802218585007443,0.7912257995088414
0.9624999498851838,-1.7785298289145688,0.7855637170675758
0.9642956587469099,-1.776814175128986,0.7799050769321957
0.966091367608636,-1.7750748996203383,0.7742502235151375
0.9678870764703621,-1.7733120051696412,0.7685995004398515
0.9696827853320882,-1.7715254948565085,0.7629532505005737
0.9714784941938143,-1.7697153720531351,0.7573118156221198
0.9732742030555404,-1.767881640418296,0.7516755368196856
0.9750699119172664,-1.7660243038914318,0.7460447541587014
0.9768656207789925,-1.7641433666867363,0.7404198067147045
0.9786613296407186,-1.7622388332873342,0.7348010325332676
0.9804570385024447,-1.760310708439487,0.7291887685899805
0.9822527473641708,-1.75835899714688,0.723583350750484
0.9840484562258969,-1.7563837046649329,0.7179851137305826
0.985844165087623,-1.7543848364952146,0.7123943910564189
0.987639873949349,-1.752362398379892,0.7068115150247443
0.9894355828110751,-1.7503163962962622,0.7012368166632698
0.9912312916728012,-1.7482468364513448,0.6956706256911149
0.9930270005345273,-1.7461537252765416,0.690113270479364
0.9948227093962534,-1.7440370694223992,0.68456507801173
0.9966184182579795,-1.7418968757534168,0.6790263738453471
0.9984141271197056,-1.739733151342953,0.6734974820716715
1.0002098359814318,-1.737545903468195,0.6679787252775402
1.0020055448431577,-1.7353351396052425,0.6624704245063433
1.003801253704884,-1.7331008674242467,0.6569728992193744
1.00559696256661,-1.7308430947846534,0.6514864672573157
1.007392671428336,-1.7285618297305503,0.6460114448018877
1.009188380290062,-1.7262570804860724,0.6405481463376859
1.0109840891517883,-1.7239288554509333,0.6350968846141747
1.0127797980135143,-1.7215771631960424,0.6296579706078849
1.0145755068752405,-1.7192020124592275,0.6242317134847905
1.0163712157369664,-1.7168034121410487,0.6188184205628915
1.0181669245986926,-1.7143813713007132,0.6134183972750042
1.0199626334604186,-1.7119358991521323,0.6080319471317648
1.0217583423221448,-1.7094670050600185,0.6026593716848515
1.0235540511838708,-1.706974698536157,0.5973009704904486
1.025349760045597,-1.7044589892357553,0.5919570410729232
1.027145468907323,-1.701919886953906,0.5866278788887733
1.0289411777690491,-1.6993574016221762,0.5813137772908037
1.0307368866307751,-1.6967715433052988,0.576015027492569
1.0325325954925013,-1.6941623221979838,0.5707319185330862
1.0343283043542273,-1.6915297486218843,0.5654647372418095
1.0361240132159535,-1.6888738330226079,0.5602137682038855
1.0379197220776795,-1.6861945859669243,0.5549792937257041
1.0397154309394057,-1.6834920181400626,0.5497615938007272
1.0415111398011316,-1.6807661403431293,0.5445609460756293
1.0433068486628578,-1.6780169634906672,0.5393776258167366
1.0451025575245838,-1.6752444986083332,0.5342119058767876
1.04689826638631,-1.6724487568307103,0.5290640566620051
1.048693975248036,-1.6696297493992467,0.5239343460995013
1.0504896841097622,-1.6667874876603186,0.5188230396050104
1.0522853929714882,-1.6639219830634457,0.5137304000509734
1.0540811018332144,-1.6610332471596065,0.5086566877349508
1.0558768106949403,-1.6581212915997356,0.5036021603484093
1.0576725195566665,-1.655186128133307,0.4985670729458517
1.0594682284183925,-1.6522277686070697,0.4935516779143289
1.0612639372801187,-1.6492462249639552,0.4885562249433064
1.063059646141845,-1.6462415092420581,0.4835809609949221
1.0648553550035709,-1.6432136335738081,0.4786261302746337
1.066651063865297,-1.6401626101852615,0.47369197420223946
1.068446772727023,-1.6370884513955288,0.46877873138331694
1.0702424815887492,-1.6339911696163407,0.4638866375810527
1.0720381904504752,-1.6308707773517728,0.4590159256884858
1.0738338993122014,-1.6277272871980901,0.4541668257011696
1.0756296081739274,-1.6245607118437448,0.44933956469024733
1.0774253170356536,-1.6213710640695107,0.44453436677596603
1.0792210258973796,-1.6181583567487658,0.4397514531016186
1.0810167347591058,-1.6149226028479033,0.43499104180791964
1.0828124436208317,-1.6116638154269143,0.4302533480078337
1.084608152482558,-1.6083820076400688,0.42553858376185005
1.086403861344284,-1.605077192736781,0.4208469580537155
1.08819957020601,-1.6017493840626038,0.4161786767666256
1.089995279067736,-1.5983985950603512,0.41153394265987975
1.0917909879294623,-1.5950248392713768,0.4069129553460169
1.0935866967911883,-1.591628130337002,0.40231591126841837
1.0953824056529144,-1.5882084820000741,0.397743003679397
1.0971781145146404,-1.5847659081066638,0.39319442261877036
1.0989738233763666,-1.5813004226079188,0.38867035489293383
1.1007695322380926,-1.57781203956205,0.3841709840544133
1.1025652410998188,-1.5743007731364547,0.37969649038193715
1.1043609499615448,-1.5707666376099898,0.3752470508610072
1.106156658823271,-1.5672096473753818,0.37082283916497427
1.107952367684997,-1.5636298169417786,0.3664240256366355
1.1097480765467231,-1.5600271609374246,0.36205077727034973
1.1115437854084491,-1.5564016941125003,0.3577032576946758
1.1133394942701753,-1.5527534313420812,0.35338162715553434
1.1151352031319013,-1.549082387629238,0.3490860424999121
1.1169309119936275,-1.545388578108279,0.3448166571600854
1.1187266208553535,-1.541672018048107,0.3405736211384072
1.1205223297170797,-1.53793272285575,0.3363570809926057
1.1223180385788056,-1.5341707080799798,0.33216717982166266
1.1241137474405318,-1.5303859894150942,0.3280040572522198
1.1259094563022578,-1.5265785827048217,0.32386784942554725
1.127705165163984,-1.522748503946352,0.31975868898507265
1.12950087402571,-1.5188957692945013,0.31567670506446577
1.1312965828874362,-1.5150203950660006,0.3116220232762922
1.1330922917491624,-1.5111223977439208,0.30759476570122635
1.1348880006108883,-1.5072017939822067,0.3035950508778424
1.1366837094726145,-1.5032586006103488,0.2996229937929784
1.1384794183343405,-1.4992928346381844,0.29567870587266937
1.1402751271960667,-1.4953045132607792,0.2917622949736633
1.1420708360577927,-1.4912936538634902,0.2878738653755217
1.143866544919519,-1.4872602740271073,0.2840135177732906
1.1456622537812449,-1.4832043915330972,0.28018134927077926
1.147457962642971,-1.47912602436902,0.2763774533744016
1.149253671504697,-1.4750251907340004,0.272601919987626
1.1510493803664232,-1.4709019090443372,0.26885483540601207
1.1528450892281492,-1.4667561979392256,0.26513628231283665
1.1546407980898754,-1.4625880762865817,0.26144633977531984
1.1564365069516014,-1.4583975631889734,0.257785083241452
1.1582322158133276,-1.4541846779896515,0.25415258453741185
1.1600279246750536,-1.4499494402786957,0.2505489118655878
1.1618236335367798,-1.4456918698992536,0.24697412980319933
1.1636193423985057,-1.4414119869538704,0.2434282993015362
1.165415051260232,-1.4371098118109404,0.23991147768576954
1.167210760121958,-1.432785365111222,0.23642371865540124
1.169006468983684,-1.4284386677744685,0.23296507228530083
1.17080217784541,-1.424069741006143,0.22953558502734805
1.1725978867071363,-1.419678606304213,0.22613529971269403
1.1743935955688622,-1.41526528546605,0.22276425555461848
1.1761893044305884,-1.4108298005953888,0.2194224881519926
1.1779850132923144,-1.406372174109391,0.21611002949337405
1.1797807221540406,-1.4018924287457797,0.21282690796167525
1.1815764310157666,-1.3973905875700456,0.20957314833946217
1.1833721398774928,-1.392866673982732,0.20634877181485628
1.1851678487392188,-1.388320711726799,0.20315379598804828
1.186963557600945,-1.3837527248950494,0.1999882348784056
1.188759266462671,-1.3791627379376183,0.1968520989322023
1.1905549753243971,-1.3745507756695463,0.19374539503094845
1.192350684186123,-1.369916863278399,0.1906681265003231
1.1941463930478493,-1.3652610263319442,0.18762029311971362
1.1959421019095753,-1.360583290785906,0.18460189113236414
1.1977378107713015,-1.3558836829917447,0.18161291325611845
1.1995335196330275,-1.3511622297045343,0.17865334869477
1.2013292284947537,-1.3464189580908288,0.17572318315000496
1.2031249373564799,-1.3416538957366295,0.17282239883395617
1.2049206462182058,-1.3368670706553782,0.16995097448234264
1.206716355079932,-1.3320585112959757,0.16710888536820923
1.208512063941658,-1.3272282465508656,0.164296103316258
1.2103077728033842,-1.3223763057641404,0.16151259671777562
1.2121034816651102,-1.3175027187396817,0.15875833054614402
1.2138991905268364,-1.3126075157493413,0.15603326637294457
1.2156948993885623,-1.3076907275411327,0.15333736238464213
1.2174906082502885,-1.3027523853474712,0.15067057339985235
1.2192863171120145,-1.2977925208934056,0.1480328508871953
1.2210820259737407,-1.2928111664049164,0.14542414298371525
1.2228777348354667,-1.2878083546171761,0.14284439451389347
1.2246734436971929,-1.2827841187828646,0.14029354700920355
1.2264691525589189,-1.2777384926804831,0.13777153872826836
1.228264861420645,-1.2726715106226636,0.13527830467755964
1.230060570282371,-1.2675832074645177,0.1328137766326702
1.2318562791440972,-1.262473618611939,0.130377883160137
1.2336519880058232,-1.2573427800299595,0.12797054963983473
1.2354476968675494,-1.2521907282510598,0.12559169828790356
1.2372434057292754,-1.2470175003834953,0.12324124818023624
1.2390391145910016,-1.2418231341196122,0.12091911527650684
1.2408348234527276,-1.2366076677441424,0.11862521244473612
1.2426305323144538,-1.2313711401424936,0.11635944948640187
1.2444262411761797,-1.2261135908090186,0.11412173316207419
1.246221950037906,-1.2208350598552602,0.11191196721757879
1.248017658899632,-1.2155355880181822,0.10973005241068817
1.249813367761358,-1.2102152166683637,0.10757588653832806
1.251609076623084,-1.20487398781817,0.10544936446430181
1.2534047854848103,-1.1995119441298951,0.10335037814751902
1.2552004943465362,-1.194129128923859,0.10127881667073502
1.2569962032082624,-1.1887255861864767,0.09923456626978883
1.2587919120699884,-1.183301360578285,0.09721751036332815
1.2605876209317146,-1.1778564974419161,0.0952275295830381
1.2623833297934406,-1.1723910428100432,0.09326450180434764
1.2641790386551668,-1.1669050434132608,0.09132830217760429
1.2659747475168928,-1.161398546687914,0.08941880315974354
1.267770456378619,-1.1558716007838863,0.08753587454641332
1.269566165240345,-1.1503242545723142,0.085679383504561
1.2713618741020711,-1.1447565576532515,0.08384919460547824
1.2731575829637973,-1.1391685603632598,0.0820451698583044
1.2749532918255233,-1.1335603137829455,0.08026716874396184
1.2767490006872495,-1.127931869744419,0.07851504824953709
1.2785447095489755,-1.1222832808386798,0.0767886629031001
1.2803404184107017,-1.1166146004229418,0.07508786480893753
1.2821361272724277,-1.1109258826278603,0.07341250368321534
1.2839318361341538,-1.1052171823646906,0.07176242689005374
1.2857275449958798,-1.0994885553323768,0.07013747947800625
1.287523253857606,-1.0937400580245227,0.06853750421694321
1.289318962719332,-1.0879717477363013,0.06696234163532588
1.2911146715810582,-1.0821836825712658,0.0654118300578681
1.2929103804427842,-1.0763759214480693,0.06388580564358287
1.2947060893045104,-1.0705485241070734,0.06238410242419451
1.2965017981662363,-1.0647015511168896,0.06090655234292447
1.2982975070279625,-1.058835063880783,0.05945298529363319
1.3000932158896885,-1.052949124643006,0.05802322916031022
1.3018889247514147,-1.047043796494986,0.0566171098569182
1.3036846336131407,-1.04111914338146,0.05523445136756583
1.3054803424748669,-1.0351752301064405,0.05387507578701284
1.3072760513365929,-1.0292121223391042,0.05253880336150246
1.309071760198319,-1.0232298866195533,0.05122545252990118
1.310867469060045,-1.017228590364458,0.049934839965151134
1.3126631779217712,-1.01120830187258,0.04866678061602292
1.3144588867834972,-1.0051690903301707,0.04742108774915332
1.3162545956452234,-0.9991110258162531,0.046197572991375
1.3180503045069494,-0.9930341793077598,0.0449960463723178
1.3198460133686756,-0.9869386226845577,0.04381631636727801
1.3216417222304015,-0.9808244287343291,0.04265818994035164
1.3234374310921277,-0.9746916711573282,0.04152147258781308
1.3252331399538537,-0.9685404245709898,0.04040596838174765
1.32702884881558,-0.9623707645144133,0.039311480013906275
1.328824557677306,-0.956182767452698,0.038237808839799714
1.330620266539032,-0.9499765107811367,0.03718475492300616
1.332415975400758,-0.9437520728292672,0.03615211707969046
1.3342116842624843,-0.9375095328647705,0.03513969292332164
1.3360073931242102,-0.9312489710972407,0.03414727890959579
1.3378031019859364,-0.9249704686817793,0.03317467038152949
1.3395988108476624,-0.9186741077224544,0.032221661614739994
1.3413945197093886,-0.9123599712756009,0.031288045862892744
1.3431902285711146,-0.9060281433529701,0.030373615403300747
1.3449859374328408,-0.8996787089247082,0.02947816158268679
1.346781646294567,-0.8933117539222051,0.02860147486307285
1.348577355156293,-0.8869273652407442,0.027743344867822095
1.3503730640180192,-0.8805256307420231,0.026903560427783413
1.3521687728797451,-0.8741066392565008,0.026081909627570787
1.3539644817414713,-0.8676704805855667,0.025278179851936144
1.3557601906031973,-0.8612172455035652,0.024492157832248895
1.3575558994649235,-0.8547470257596408,0.0237236296930598
1.3593516083266495,-0.8482599140794157,0.022972380998746378
1.3611473171883757,-0.8417560041664922,0.022238196800225873
1.3629430260501016,-0.8352353907037939,0.021520861681742998
1.3647387349118278,-0.8286981693547302,0.020820159807689587
1.3665344437735538,-0.8221444367641889,0.020135874969489764
1.36833015263528,-0.8155742905593388,0.019467790632504756
1.370125861497006,-0.808987829350289,0.018815689982974115
1.3719215703587322,-0.8023851527305221,0.01817935597496817
1.3737172792204582,-0.7957663612772111,0.017558571377347787
1.3755129880821844,-0.7891315565513017,0.01695311882072792
1.3773086969439103,-0.7824808410974478,0.016362780844425384
1.3791044058056365,-0.7758143184437468,0.015787339943390544
1.3809001146673625,-0.769132093101319,0.015226578615110564
1.3826958235290887,-0.7624342705636759,0.014680279406472485
1.3844915323908147,-0.7557209573059209,0.014148224960582656
1.3862872412525409,-0.7489922607837726,0.013630198063528609
1.3880829501142669,-0.7422482894323847,0.013125981691075539
1.389878658975993,-0.7354891526650043,0.012635359055291062
1.391674367837719,-0.7287149608714287,0.012158113651084601
1.3934700766994452,-0.7219258254162795,0.011694029302653508
1.3952657855611712,-0.7151218586370993,0.011242890209834766
1.3970614944228974,-0.7083031738422534,0.010804480994336896
1.3988572032846234,-0.7014698853086544,0.010378586745859175
1.4006529121463496,-0.6946221082792828,0.00996499306808285
1.4024486210080755,-0.6877599589605461,0.009563486124517906
1.4042443298698017,-0.6808835545194281,0.009173852684213946
1.4060400387315277,-0.6739930130804671,0.008795880167306924
1.407835747593254,-0.6670884537225386,0.008429356690405176
1.40963145645498,-0.6601699964754514,0.008074071111805858
1.411427165316706,-0.6532377623163641,0.007729813076521208
1.413222874178432,-0.6462918731660084,0.007396373061123895
1.4150185830401583,-0.639332451884726,0.007073542418386036
1.4168142919018845,-0.6323596222683259,0.00676111342171043
1.4186100007636104,-0.6253735090437461,0.006458879309347576
1.4204057096253366,-0.6183742378645379,0.006166634328384435
1.4222014184870626,-0.6113619353061605,0.005884173778502644
1.4239971273487888,-0.6043367288610962,0.0056112940554881585
1.4257928362105148,-0.5972987469337767,0.005347792694490705
1.427588545072241,-0.590248118835323,0.005093468413028102
1.429384253933967,-0.5831849747781113,0.004848121153716467
1.4311799627956932,-0.5761094458701538,0.0046115521267268145
1.4329756716574191,-0.5690216641092901,0.004383563851951711
1.4347713805191453,-0.5619217623772051,0.004163960200884276
1.4365670893808713,-0.5548098744332695,0.003952546438191429
1.4383627982425975,-0.5476861349081953,0.00374912926297416
1.4401585071043235,-0.5405506792975102,0.0035535168497195513
1.4419542159660497,-0.5334036439548673,0.0033655188889130105
1.4437499248277756,-0.5262451660851655,0.0031849466273270455
1.4455456336895018,-0.5190753837375008,0.0030116129079620357
1.4473413425512278,-0.5118944357979464,0.0028453322096377576
1.449137051412954,-0.504702461982147,0.0026859206862247242
1.45093276027468,-0.4974996028277633,0.002533196205514787
1.4527284691364062,-0.4902859996867177,0.0023869783877111528
1.4545241779981322,-0.48306179471730254,0.0022470886435438098
1.4563198868598584,-0.4758271308760891,0.0021133502119921044
1.4581155957215843,-0.4685821519097001,0.0019855881976079404
1.4599113045833105,-0.4613270023463865,0.0018636296074453773
1.4617070134450365,-0.45406182748747215,0.0017473033875664845
1.4635027223067627,-0.44678677339860434,0.0016364404591391046
1.4652984311684887,-0.43950198690088,0.0015308737541021022
1.4670941400302149,-0.4322076155617731,0.0014304382504006785
1.4688898488919409,-0.42490380768594455,0.001334971006784591
1.470685557753667,-0.41759071230585804,0.0012443111971536525
1.472481266615393,-0.4102684791722821,0.001158300144455754
1.4742769754771192,-0.4029372587446035,0.0010767813541224525
1.4760726843388452,-0.39559720218101385,0.0009996005470344627
1.4778683932005714,-0.3882484613285413,0.0009266056920209931
1.4796641020622974,-0.3808911887129368,0.0008576470378713896
1.4814598109240236,-0.3735255375284104,0.0007925771448649976
1.4832555197857495,-0.3661516616272347,0.0007312509158098057
1.4850512286474757,-0.358769715509198,0.0006735256265759937
1.486846937509202,-0.3513798543109373,0.0006192609561334883
1.488642646370928,-0.3439822337951049,0.000568319016069907
1.490438355232654,-0.3365770103394334,0.0005205643795993531
1.49223406409438,-0.3291643409256449,0.00047586411004146845
1.4940297729561063,-0.32174438312824905,0.00043408778878009646
1.4958254818178323,-0.31431729510319767,0.0003951075426808781
1.4976211906795585,-0.30688323557642816,0.00035879807097319305
1.4994168995412844,-0.2994423638322733,0.0003250366715899511
1.5012126084030106,-0.29199483970175816,0.0002937032669506623
1.5030083172647366,-0.2845408235507815,0.0002646804291964455
1.5048040261264628,-0.27708047626816856,0.00023785340486204287
1.5065997349881888,-0.26961395925362897,0.000213110138979844
1.508395443849915,-0.26214143440558807,0.00019034129862074978
1.510191152711641,-0.25466306410892303,0.0001694402958540009
1.5119868615733671,-0.24717901122258604,0.00015030331013056453
1.5137825704350931,-0.2396894390671288,0.00013282931008527787
1.5155782792968193,-0.23219451141212133,0.00011692007474665977
1.5173739881585453,-0.22469439246348613,0.0001024802141563752
1.5191696970202715,-0.21718924685071872,8.941718939500798e-05
1.5209654058819975,-0.20967923961403556,7.764133200102719e-05
1.5227611147437237,-0.20216453619141989,6.706586279336957e-05
1.5245568236054496,-0.19464530240558645,5.7606910079055496e-05
1.5263525324671758,-0.18712170445085952,4.9183527252277814e-05
1.5281482413289018,-0.17959390887997254,4.1717709780772494e-05
1.529943950190628,-0.17206208259079198,3.513441156731412e-05
1.531739659052354,-0.16452639281296144,2.9361560695634337e-05
1.5335353679140802,-0.15698700709446678,2.4330074548661873e-05
1.5353310767758062,-0.1494440932881609,1.9973874295850513e-05
1.5371267856375324,-0.14189781953817318,1.6229898755965033e-05
1.5389224944992583,-0.13434835426630884,1.3038117619851297e-05
1.5407182033609845,-0.12679586615834776,1.0341544039130235e-05
1.5425139122227105,-0.11924052415030417,8.086246579469547e-06
1.5443096210844367,-0.11168249741462644,6.221360525124342e-06
1.5461053299461627,-0.10412195534634866,4.699098547292224e-06
1.5479010388078889,-0.09655906754918972,3.4747607231960798e-06
1.5496967476696148,-0.08899400382160699,2.5067439051867924e-06
1.551492456531341,-0.08142693414281194,1.7565504463468162e-06
1.553288165393067,-0.07385802865873893,1.1887962685433462e-06
1.5550838742547932,-0.06628745766798363,7.712182798838563e-07
1.5568795831165194,-0.058715391607707286,4.7468114043255905e-07
1.5586752919782454,-0.051142001039508056,2.731833681143825e-07
1.5604710008399716,-0.043567456635260265,1.4386278758896087e-07
1.5622667097016976,-0.03599192916294726,6.700132475917497e-08
1.5640624185634238,-0.028415589472452842,2.6029139779323862e-08
1.5658581274251497,-0.020838608481344875,7.52809734341775e-09
1.567653836286876,-0.013261157160641013,1.2345828422077876e-09
1.569449545148602,-0.005683406520572352,4.165080997112214e-11
1.571245254010328,0.0018944724036824127,5.14464447605445e-13
1.573040962872054,0.00947230856624544,3.21376193018752e-10
1.5748366717337803,0.01704993092480429,3.373589333235949e-09
1.5766323805955063,0.02462716845487151,1.468516436405054e-08
1.5784280894572325,0.03220385016404436,4.294161030232724e-08
1.5802237983189584,0.039779805106246215,9.998411139300334e-08
1.5820195071806846,0.0473548623959773,2.008070490201741e-07
1.5838152160424106,0.05492885122252389,3.6355485602199145e-07
1.5856109249041368,0.06250160086418663,6.095182135436306e-07
1.5874066337658628,0.070072940702455,9.631295911846638e-07
1.589202342627589,0.07764270023618478,1.4519581218591648e-06
1.590998051489315,0.08521070909573233,2.106703825680012e-06
1.5927937603510411,0.09277679705707191,2.9611911744817365e-06
1.5945894692127671,0.10034079405587445,4.052361998387044e-06
1.5963851780744933,0.10790253020155663,5.420267745172291e-06
1.5981808869362193,0.11546183579128197,7.108061080951522e-06
1.5999765957979455,0.12301854132393648,9.161986843066183e-06
1.6017723046596715,0.13057247751404102,1.1631372347054025e-05
1.6035680135213977,0.1381234753056394,1.4568617040341958e-05
1.6053637223831236,0.1456713658861101,1.8029181518386395e-05
1.6071594312448498,0.153215980699949,2.2071575893733986e-05
1.6089551401065758,0.1607571514624784,2.67573475247751e-05
1.610750848968302,0.1682947101735115,3.215106811116364e-05
1.612546557830028,0.17582848913093366,3.832032014859654e-05
1.6143422666917542,0.1833583209442498,4.533568275384703e-05
1.6161379755534802,0.19088403854803127,5.3270716863049183e-05
1.6179336844152064,0.1984054752153144,6.220194979696114e-05
1.6197293932769323,0.2059224645709116,7.220885920877773e-05
1.6215251021386585,0.21343484060466186,8.337385640999617e-05
1.6233208110003845,0.22094243768457925,9.578226907533405e-05
1.6251165198621107,0.22844509056994056,0.00010952232334147938
1.626912228723837,0.23594263442427635,0.00012468512528865383
1.6287079375855629,0.24343490482827454,0.0001413646418219061
1.630503646447289,0.2509217377926012,0.00015965768094505783
1.632299355309015,0.2584029697706142,0.00017966387144224827
1.6340950641707412,0.2658784376709966,0.00020148564195765495
1.6358907730324672,0.2733479788702828,0.00022522819949238881
1.6376864818941934,0.2808114312252798,0.0002509995073119442
1.6394821907559194,0.28826863308539086,0.00027891026227014337
1.6412778996176456,0.29571942330483875,0.00030907387156220434
1.6430736084793716,0.3031636412547582,0.00034160642889938253
1.6448693173410978,0.31060112683520663,0.0003766266901192028
1.6466650262028237,0.31803172048703277,0.00041425604823513984
1.64846073506455,0.3254552632036438,0.0004546185079230547
1.650256443926276,0.33287159654265647,0.0004978406594610962
1.652052152788002,0.34028056263741624,0.0005440516521201255
1.653847861649728,0.34768200420839523,0.0005933831670083822
1.6556435705114543,0.35507576457447465,0.000645969389387574
1.6574392793731803,0.3624616876640825,0.0007019469804501188
1.6592349882349064,0.3698396180262167,0.0007614550485744442
1.6610306970966324,0.37720940084132054,0.0008246351200635327
1.6628264059583586,0.38457088193203814,0.000891631109363078
1.6646221148200846,0.3919239077738147,0.0009625892887780152
1.6664178236818108,0.3992683255053839,0.0010376582576849258
1.6682135325435368,0.4066039829390787,0.0011169889112457032
1.670009241405263,0.413930728571038,0.0012007344086385763
1.671804950266989,0.4212484115912303,0.0012890501407986643
1.6736006591287151,0.4285568818933658,0.0013820936976863263
1.6753963679904411,0.4358559900846251,0.0014800248350865797
1.6771920768521673,0.44314558749526867,0.0015830054409390615
1.6789877857138933,0.4504255261880629,0.0016911995012182102
1.6807834945756195,0.4576956589675863,0.0018047730653593386
1.6825792034373455,0.46495583938934143,0.0019238942112402013
1.6843749122990717,0.472205921768745,0.002048733009732129
1.6861706211607976,0.4794457611899235,0.002179461488815343
1.6879663300225238,0.48667521351438386,0.002316253597275747
1.6897620388842498,0.49389413538948307,0.0024592851679887395
1.691557747745976,0.5011023842567753,0.0026087338807903315
1.693353456607702,0.5082998183601478,0.002764779224953662
1.6951491654694282,0.5154862967538366,0.0029276024612697737
1.6969448743311542,0.5226616793102284,0.0030973865837417014
1.6987405831928803,0.529825826727531,0.003274316280906575
1.7005362920546065,0.5369786005372458,0.0034585778967818337
1.7023320009163325,0.5441198631114819,0.0036503593914509747
1.7041277097780587,0.5512494776700957,0.0038498503012996954
1.7059234186397847,0.5583673082876451,0.004057241698898817
1.707719127501511,0.5654732199001866,0.004272726152551476
1.7095148363632369,0.5725670783118731,0.004496497685511025
1.711310545224963,0.5796487502013967,0.004728751734877024
1.713106254086689,0.5867181031282349,0.004969685110170874
1.7149019629484152,0.5937750055387256,0.005219495951615305
1.7166976718101412,0.6008193267719584,0.005478383688105992
1.7184933806718674,0.6078509370654996,0.00574654899489957
1.7202890895335934,0.6148697075608967,0.006024193751020257
1.7220847983953196,0.6218755103090551,0.00631152099639265
1.7238805072570456,0.6288682182753733,0.006608734888705281
1.7256762161187718,0.6358477053447524,0.006916040660029876
1.7274719249804977,0.6428138463263694,0.007233644573180986
1.729267633842224,0.6497665169582962,0.007561753877845356
1.73106334270395,0.6567055939119301,0.00790057676647643
1.732859051565676,0.6636309547962262,0.00825032232996914
1.734654760427402,0.6705424781617564,0.00861120051312414
1.7364504692891283,0.6774400435045752,0.008983422069902713
1.7382461781508542,0.6843235312699055,0.00936719851849277
1.7400418870125804,0.6911928228556256,0.009762742096185162
1.7418375958743064,0.6980478006155861,0.010170265714070759
1.7436333047360326,0.7048883478627233,0.010589982911574092
1.7454290135977586,0.7117143488719985,0.011022107810822024
1.7472247224594848,0.7185256888831473,0.011466855070864368
1.7490204313212108,0.7253222541032317,0.011924439841753953
1.750816140182937,0.7321039317090281,0.012395077718490355
1.752611849044663,0.738870609849199,0.012878984694842222
1.7544075579063891,0.745622177646311,0.013376377117057081
1.7562032667681151,0.7523585251986387,0.013887471637457571
1.7579989756298413,0.7590795435818,0.014412485167951516
1.7597946844915673,0.7657851248501993,0.014951634833445027
1.7615903933532935,0.7724751620382949,0.015505137925182155
1.7633861022150195,0.7791495491616647,0.016073211854015335
1.7651818110767457,0.7858081812179062,0.016656074103613083
1.7669775199384716,0.7924509541873426,0.01725394218361609
1.7687732288001978,0.7990777650335569,0.017867033582756597
1.770568937661924,0.8056885117037276,0.018495565721936225
1.77236464652365,0.8122830931287973,0.01913975590728645
1.7741603553853762,0.8188614092234647,0.019799821283212615
1.7759560642471022,0.8254233608859769,0.020475978785430227
1.7777517731088284,0.8319688499977649,0.02116844509400656
1.7795474819705543,0.8384977794228918,0.021877436586414944
1.7813431908322805,0.8450100530073246,0.022603169290607683
1.7831388996940065,0.8515055755780276,0.023345858838124567
1.7849346085557327,0.8579842529418976,0.02410572041723652
1.7867303174174587,0.8644459918844942,0.024882968726137933
1.7885260262791849,0.8708907001686388,0.025677817926201496
1.7903217351409109,0.8773182865328042,0.026490481595292825
1.792117444002637,0.8837286606893685,0.02732117268116585
1.793913152864363,0.8901217333226652,0.028170103454940754
1.7957088617260892,0.8964974160869021,0.02903748546467899
1.7975045705878152,0.9028556216038913,0.029923529489048695
1.7993002794495414,0.9091962634606198,0.03082844549112107
1.8010959883112674,0.9155192562066627,0.03175244257226839
1.8028916971729936,0.9218245153514362,0.03269572892620198
1.8046874060347196,0.9281119573612767,0.033658511793143
1.8064831148964458,0.9343814996563921,0.034640997414141006
1.8082788237581717,0.9406330606076158,0.03564339098554897
1.810074532619898,0.9468665595330419,0.03666589661365938
1.811870241481624,0.9530819166944944,0.03770871726951597
1.81366595034335,0.9592790532938417,0.03877205474390366
1.815461659205076,0.9654578914691636,0.03985610960252889
1.8172573680668023,0.9716183542907837,0.04096108114140068
1.8190530769285282,0.9777603657571333,0.04208716734241141
1.8208487857902544,0.983883850790499,0.043234564829141287
1.8226444946519804,0.9899887352326011,0.0444034688228781
1.8244402035137066,0.9960749458400576,0.04559407309887503
1.8262359123754326,1.0021424102796963,0.04680656994284277
1.8280316212371588,1.0081910571237367,0.04804115010769383
1.8298273300988848,1.014220815844837,0.049298002770538696
1.831623038960611,1.0202316168110126,0.05057731548995198
1.833418747822337,1.0262233912804226,0.051879274163502465
1.8352144566840631,1.0321960713960354,0.053204062985571676
1.837010165545789,1.0381495901801576,0.05455186440545545
1.8388058744075153,1.0440838815288684,0.05592285908575939
1.8406015832692415,1.0499988802063005,0.057317225861108656
1.8423972921309675,1.0558945218388156,0.05873514169714933
1.8441930009926937,1.0617707429090961,0.06017678164989115
1.8459887098544197,1.067627480750062,0.06164231882535709
1.8477844187161458,1.0734646735387454,0.06313192433958204
1.8495801275778718,1.07928226029,0.06464576727894017
1.851375836439598,1.0850801808501522,0.06618401466082857
1.853171545301324,1.090858375890511,0.06774683139470322
1.8549672541630502,1.0966167869008119,0.0693343802434801
1.8567629630247762,1.1023553561825339,0.07094682178530226
1.8585586718865024,1.1080740268421452,0.07258431437568896
1.8603543807482283,1.1137727427842419,0.07424701411006274
1.8621500896099545,1.1194514487046072,0.07593507478667305
1.8639457984716805,1.1251100900831688,0.07764864786991094
1.8657415073334067,1.1307486131768938,0.0793878824540325
1.8675372161951327,1.1363669650125863,0.08115292522729184
1.8693329250568589,1.1419650933796102,0.0829439204364914
1.8711286339185849,1.1475429468225358,0.08476100985194679
1.872924342780311,1.1531004746337117,0.08660433273290102
1.874720051642037,1.1586376268457819,0.08847402579335212
1.8765157605037632,1.1641543542241028,0.09037022316834131
1.8783114693654892,1.1696506082591256,0.09229305638067059
1.8801071782272154,1.1751263411587045,0.09424265430809636
1.8819028870889414,1.1805815058403448,0.09621914315096014
1.8836985959506676,1.186016055923397,0.09822264640030509
1.8854943048123936,1.1914299457211954,0.1002532848064408
1.8872900136741197,1.1968231302331525,0.10231117634800874
1.8890857225358457,1.2021955651367895,0.10439643620151223
1.890881431397572,1.2075472067797477,0.10650917671134158
1.892677140259298,1.2128780121717286,0.1086495073602865
1.894472849121024,1.2181879389764214,0.11081753474055217
1.89626855798275,1.2234769455033694,0.11301336252526939
1.8980642668444763,1.2287449906998245,0.11523709144052569
1.8998599757062022,1.2339920341425616,0.11748881923788673
1.9016556845679284,1.2392180360296627,0.1197686406674599
1.9034513934296544,1.2444229571722798,0.12207664745145902
1.9052471022913806,1.2496067589863755,0.12441292825830691
1.9070428111531066,1.2547694034844497,0.1267775686772592
1.9088385200148328,1.2599108532672423,0.1291706511935714
1.910634228876559,1.2650310715154203,0.13159225516419493
1.912429937738285,1.2701300219812706,0.1340424567940246
1.9142256466000112,1.2752076689803709,0.13652132911269083
1.9160213554617371,1.2802639773832594,0.13902894195188514
1.9178170643234633,1.2852989126071066,0.1415653619232738
1.9196127731851893,1.2903124406073874,0.14413065239693373
1.9214084820469155,1.2953045278695483,0.14672487348036645
1.9232041909086415,1.3002751414007019,0.14934808199807736
1.9249998997703677,1.3052242487213108,0.1520003314717167
1.9267956086320936,1.3101518178568923,0.15468167210079037
1.9285913174938198,1.3150578173297518,0.15739215074394658
1.9303870263555458,1.3199422161507006,0.1601318109008425
1.932182735217272,1.3248049838108324,0.1629006926945757
1.933978444078998,1.3296460902733087,0.1656988328547127
1.9357741529407242,1.3344655059651587,0.1685262647008985
1.9375698618024502,1.3392632017691295,0.17138301812703843
1.9393655706641764,1.3440391490155625,0.17426911958608804
1.9411612795259023,1.3487933194742905,0.17718459207541853
1.9429569883876285,1.353525685346598,0.18012945512279016
1.9447526972493545,1.358236219257198,0.18310372477289294
1.9465484061110807,1.362924894246271,0.1861074135745196
1.9483441149728067,1.3675916837615332,0.18914053056830749
1.9501398238345329,1.3722365616503716,0.192203081275095
1.9519355326962589,1.3768595021520083,0.19529506768487115
1.953731241557985,1.3814604798897425,0.19841648824633246
1.955526950419711,1.3860394698632306,0.20156733785703917
1.9573226592814372,1.3905964474408299,0.20474760785417928
1.9591183681431632,1.3951313883520124,0.20795728600593377
1.9609140770048894,1.3996442686798316,0.2111963565034532
1.9627097858666154,1.404135064853461,0.2144647999534321
1.9645054947283416,1.4086037536407963,0.21776259337130277
1.9663012035900675,1.4130503121411382,0.221089710175024
1.9680969124517937,1.4174747177779412,0.224446120179486
1.9698926213135197,1.4218769482916422,0.22783178959152345
1.971688330175246,1.4262569817325654,0.23124668100552953
1.973484039036972,1.430614796453909,0.23469075339968476
1.975279747898698,1.4349503711048126,0.238163962132795
1.977075456760424,1.4392636846235116,0.24166625894172855
1.9788711656221503,1.443554716230585,0.2451975919394695
1.9806668744838765,1.4478234454222823,0.24875790561377026
1.9824625833456024,1.4520698519639357,0.25234714082641907
1.9842582922073286,1.4562939158835042,0.25596523481310274
1.9860540010690546,1.460495617465156,0.2596121211838802
1.9878497099307808,1.4646749372430043,0.26328772992426175
1.9896454187925068,1.4688318559948943,0.2669919873968762
1.991441127654233,1.4729663547363399,0.27072481634375944
1.993236836515959,1.4770784147145157,0.2744861358892261
1.9950325453776852,1.4811680174023971,0.27827586154335116
1.9968282542394111,1.4852351444929746,0.2820939052060368
1.9986239631011373,1.4892797778936082,0.28594017517168396
2.0004196719628635,1.4933018997204621,0.2898145761344504
2.0022153808245893,1.4973014922930685,0.2937170091941018
2.0040110896863155,1.5012785381290128,0.29764737186245716
2.0058067985480417,1.5052330199387158,0.30160555807040934
2.007602507409768,1.5091649206203468,0.30559145817554373
2.0093982162714936,1.5130742232548438,0.30960495897032525
2.01119392513322,1.5169609111010927,0.3136459436908812
2.012989633994946,1.52082496759115,0.31771429202634355
2.014785342856672,1.5246663763256814,0.3218098801287844
2.016581051718398,1.5284851210694523,0.32593258062369834
2.018376760580124,1.532281185746991,0.33008226262108487
2.0201724694418504,1.5360545544383524,0.33425879172707335
2.0219681783035766,1.5398052113750196,0.3384620300561088
2.0237638871653023,1.5435331409359323,0.34269183624371746
2.0255595960270285,1.5472383276436612,0.3469480654598125
2.0273553048887547,1.5509207561606833,0.35123056942255176
2.029151013750481,1.5545804112858241,0.3555391964127516
2.0309467226122067,1.5582172779508054,0.35987379128883945
2.032742431473933,1.5618313412169509,0.36423419550236485
2.034538140335659,1.5654225862720146,0.36862024711400876
2.0363338491973852,1.5689909984271422,0.37303178081018135
2.038129558059111,1.5725365631139818,0.3774686279200961
2.039925266920837,1.5760592658819286,0.38193061643341514
2.0417209757825634,1.5795590923954974,0.38641757101837737
2.0435166846442896,1.5830360284318536,0.39092931304047224
2.0453123935060153,1.5864900598784684,0.39546566058160876
2.0471081023677415,1.5899211727309188,0.4000264284598054
2.0489038112294677,1.593329353090836,0.4046114282493706
2.050699520091194,1.5967145871639832,0.40922046830159015
2.05249522895292,1.600076861258478,0.41385335376590837
2.054290937814646,1.603416161783174,0.4185098866115956
2.056086646676372,1.606732475246149,0.42318986564990646
2.0578823555380983,1.6100257882533746,0.4278930865567022
2.0596780643998245,1.6132960875075042,0.43261934189556567
2.0614737732615502,1.6165433598068009,0.4373684211413731
2.0632694821232764,1.6197675920442396,0.44214011070433573
2.0650651909850026,1.6229687712067025,0.4469341939544956
2.066860899846729,1.626146884374368,0.4517504512466735
2.0686566087084546,1.6293019187202045,0.45658865994587083
2.070452317570181,1.6324338615096212,0.46144859445310765
2.072248026431907,1.6355427001002716,0.46633002623169495
2.074043735293633,1.6386284219419778,0.47123272383394993
2.075839444155359,1.6416910145768038,0.47615645292831066
2.077635153017085,1.6447304656392843,0.48110097632690324
2.0794308618788113,1.6477467628567761,0.4860660540134927
2.0812265707405375,1.650739894049963,0.491051443171854
2.0830222796022633,1.653709847133475,0.496056898214544
2.0848179884639895,1.656656610116686,0.5010821708120673
2.0866136973257157,1.6595801711046287,0.5061270099224249
2.088409406187442,1.662480518299037,0.5111911618210491
2.0902051150491676,1.6653576399995471,0.5162743701311208
2.092000823910894,1.6682115246050193,0.5213763758542456
2.09379653277262,1.671042160614998,0.5264969174014987
2.095592241634346,1.6738495366313255,0.5316357306248212
2.097387950496072,1.6766336413598486,0.5367925488487799
2.099183659357798,1.6793944636123155,0.5419671029026539
2.1009793682195244,1.6821319923083276,0.5471591211528659
2.1027750770812506,1.6848462164775098,0.5523683295357495
2.1045707859429763,1.6875371252617364,0.557594451590627
2.1063664948047025,1.6902047079175275,0.562837208493218
2.1081622036664287,1.692848953818554,0.5680963190893433
2.109957912528155,1.6954698524582836,0.5733714999289476
2.1117536213898807,1.6980673934527182,0.5786624653004019
2.113549330251607,1.7006415665433157,0.5839689272651143
2.115345039113333,1.7031923615999494,0.589290595692402
2.1171407479750592,1.7057197686240708,0.5946271782946568
2.118936456836785,1.7082237777519251,0.5999783806627667
2.120732165698511,1.7107043792579315,0.6053439063018077
2.1225278745602374,1.7131615635581496,0.6107234566669805
2.1243235834219636,1.71559532121386,0.6161167311997992
2.12611929228369,1.7180056429352768,0.621523427364521
2.1279150011454155,1.7203925195853553,0.6269432406848137
2.1297107100071417,1.7227559421837033,0.6323758647806289
2.131506418868868,1.725095901910614,0.6378209914053153
2.133302127730594,1.727412390111192,0.6432783104829312
2.13509783659232,1.7297053982995767,0.648747510145762
2.136893545454046,1.7319749181632942,0.6542282767720442
2.1386892543157723,1.734220941567665,0.6597202950238552
2.1404849631774985,1.73644346056035,0.6652232478852114
2.1422806720392242,1.7386424673759593,0.6707368167003221
2.1440763809009504,1.740817954440765,0.6762606812120221
2.1458720897626766,1.7429699143775144,0.6817945196003569
2.147667798624403,1.7450983400103093,0.6873380085213158
2.1494635074861286,1.747203224369591,0.6928908231457289
2.1512592163478548,1.7492845606971996,0.698452637198278
2.153054925209581,1.7513423424514993,0.7040231229966547
2.154850634071307,1.7533765633126224,0.7096019514908308
2.156646342933033,1.7553872171877343,0.7151887923024545
2.158442051794759,1.7573742982164273,0.7207833137643502
2.1602377606564853,1.7593378007761487,0.7263851829601043
2.1620334695182115,1.7612777194877014,0.7319940657637705
2.1638291783799373,1.7631940492208311,0.7376096268796437
2.1656248872416635,1.765086785099853,0.7432315298821206
2.1674205961033897,1.7669559225093512,0.7488594372556199
2.169216304965116,1.7688014570999435,0.75449301043458
2.1710120138268416,1.7706233847940749,0.7601319098435039
2.172807722688568,1.7724217017919053,0.7657757949370612
2.174603431550294,1.7741964045771976,0.7714243242402271
2.17639914041202,1.7759474899232992,0.7770771553884464
2.178194849273746,1.7776749548991404,0.7827339451678508
2.179990558135472,1.7793787968752843,0.7883943495554678
2.1817862669971984,1.7810590135300055,0.7940580237594637
2.1835819758589246,1.7827156028554223,0.7997246222593719
2.1853776847206503,1.7843485631636524,0.8053937988463458
2.1871733935823765,1.7859578930929887,0.8110652066633814
2.1889691024441027,1.7875435916141276,0.8167384982455304
2.190764811305829,1.7891056580363887,0.8224133255600942
2.192560520167555,1.7906440920139917,0.8280893400467806
2.194356229029281,1.7921588935523216,0.8337661926578335
2.196151937891007,1.7936500630142307,0.8394435338981158
2.1979476467527332,1.7951176011263428,0.8451210138651271
2.1997433556144594,1.7965615089853528,0.8507982822889867
2.201539064476185,1.7979817880643791,0.8564749885723317
2.2033347733379114,1.7993784402192567,0.8621507818301651
2.2051304821996376,1.8007514676948853,0.8678253109295947
2.206926191061364,1.8021008731315378,0.873498224529519
2.2087218999230895,1.8034266595711816,0.8791691711201967
2.2105176087848157,1.804728830463794,0.8848377990627389
2.212313317646542,1.8060073896736468,0.8905037566284754
2.214109026508268,1.8072623414855884,0.8961666920382177
2.215904735369994,1.808493690611314,0.9018262535014124
2.21770044423172,1.809701442195596,0.9074820892551597
2.2194961530934463,1.810885601822505,0.9131338476030917
2.2212918619551725,1.81204617552161,0.918781176954141
2.2230875708168982,1.8131831697741074,0.9244237258611328
2.2248832796786244,1.8142965915189817,0.9300611430592531
2.2266789885403506,1.8153864481590605,0.9356930775043415
2.228474697402077,1.8164527475670769,0.9413191784110323
2.2302704062638026,1.817495498091676,0.9469390952907183
2.2320661151255288,1.8185147085633622,0.9525524779893543
2.233861823987255,1.8195103883004147,0.9581589767250595
2.235657532848981,1.820482547114733,0.9637582421255477
2.237453241710707,1.8214311953176467,0.9693499252653573
2.239248950572433,1.8223563437256503,0.9749336777028956
2.2410446594341593,1.8232580036660766,0.9805091515172543
2.2428403682958855,1.824136186982718,0.9860759993448365
2.2446360771576113,1.8249909060413696,0.9916338744157623
2.2464317860193375,1.8258221737352935,0.9971824305900507
2.2482274948810637,1.8266300034906338,1.0027213223935718
2.25002320374279,1.827414409271724,1.0082502050537785
2.2518189126045156,1.8281754055863355,1.0137687345351865
2.253614621466242,1.8289130074908302,1.0192765675746185
2.255410330327968,1.8296272305952466,1.0247733617162074
2.257206039189694,1.8303180910682528,1.0302587753461299
2.25900174805142,1.8309856056420708,1.035732467727097
2.260797456913146,1.8316297916172484,1.0411940990325723
2.2625931657748724,1.8322506668673544,1.0466433303807292
2.2643888746365985,1.8328482498435865,1.0520798238681313
2.2661845834983247,1.8334225595792544,1.0575032426031274
2.2679802923600505,1.8339736156941648,1.062913250738984
2.2697760012217767,1.8345014383988956,1.0683095135067158
2.271571710083503,1.8350060484989463,1.0736916972476223
2.273367418945229,1.835487467398812,1.0790594694455404
2.275163127806955,1.8359457171058797,1.0844124987587873
2.276958836668681,1.8363808202342522,1.0897504550518098
2.2787545455304072,1.8367928000084282,1.0950730094265069
2.2805502543921334,1.837181680266863,1.1003798342532556
2.282345963253859,1.8375474854653842,1.1056706032016193
2.2841416721155854,1.8378902406805075,1.1109449912707228
2.2859373809773116,1.838209971612585,1.1162026748193126
2.287733089839038,1.838506704588825,1.121443331595491
2.2895287987007635,1.8387804665662002,1.1266666407661106
2.2913245075624897,1.839031285134178,1.1318722829458345
2.293120216424216,1.8392591885173166,1.137059940225864
2.294915925285942,1.8394642055777337,1.1422292962023155
2.296711634147668,1.8396463658174003,1.1473800360042516
2.298507343009394,1.8398056993802974,1.152511846321377
2.3003030518711203,1.8399422370544298,1.157624415431354
2.3020987607328465,1.8400560102736407,1.1627174332267989
2.3038944695945722,1.8401470511193385,1.1677905912418798
2.3056901784562984,1.8402153923219788,1.1728435826785906
2.3074858873180246,1.840261067262476,1.1778761024326356
2.309281596179751,1.8402841099733624,1.1828878471189583
2.3110773050414766,1.8402845551398526,1.187878515096885
2.3128730139032028,1.8402624381006865,1.1928478064949326
2.314668722764929,1.840217794848837,1.1977954232351926
2.316464431626655,1.8401506620320325,1.2027210690573824
2.318260140488381,1.8400610769531045,1.207624449542483
2.320055849350107,1.8399490775701612,1.2125052721360212
2.3218515582118333,1.8398147024965756,1.217363246170954
2.3236472670735595,1.8396579910008146,1.222198082890166
2.3254429759352853,1.8394789830060683,1.2270094954685895
2.3272386847970115,1.8392777190896994,1.2317971990349295
2.3290343936587377,1.83905424048252,1.236560910692992
2.330830102520464,1.8388085890678703,1.2413003495426322
2.3326258113821896,1.8385408073805132,1.246015236700297
2.334421520243916,1.8382509386053483,1.250705295319177
2.336217229105642,1.83793902657593,1.2553702506089675
2.338012937967368,1.8376051157727904,1.2600098298552067
2.3398086468290944,1.837249251321574,1.2646237624382526
2.34160435569082,1.8368714789909883,1.2692117798518239
2.3434000645525463,1.8364718451905424,1.2737736157211592
2.3451957734142725,1.8360503969681083,1.2783090058207673
2.3469914822759987,1.835607182007266,1.2828176880917737
2.3487871911377245,1.835142248624478,1.2872994026588631
2.3505828999994507,1.83465564576603,1.2917538918468248
2.352378608861177,1.8341474230048118,1.2961809001966704
2.354174317722903,1.833617630536864,1.3005801744813792
2.355970026584629,1.833066319177752,1.3049514637211994
2.357765735446355,1.8324935403587135,1.309294519198582
2.3595614443080812,1.8318993461226307,1.3136090944726693
2.3613571531698074,1.831283789119777,1.3178949453934123
2.363152862031533,1.8306469226033784,1.3221518301152462
2.3649485708932594,1.829988800424961,1.3263795091103925
2.3667442797549856,1.8293094770295002,1.3305777451817282
2.3685399886167118,1.8286090074503683,1.3347463034752616
2.3703356974784375,1.8278874473040743,1.3388849514921983
2.3721314063401637,1.8271448527847944,1.3429934591006063
2.37392711520189,1.8263812806587263,1.347071598546664
2.375722824063616,1.8255967882581987,1.351119144465513
2.377518532925342,1.8247914334756097,1.3551358738917063
2.379314241787068,1.8239652747571427,1.359121566269251
2.3811099506487943,1.8231183710962988,1.363076003461246
2.3829056595105205,1.822250782027205,1.3669989697591194
2.384701368372246,1.8213625676177312,1.3708902518914685
2.3864970772339724,1.8204537884624048,1.3747496390324996
2.3882927860956986,1.8195245056751137,1.378576922810057
2.390088494957425,1.81857478088164,1.3823718973132784
2.3918842038191506,1.8176046762119349,1.3861343590998292
2.3936799126808768,1.8166142542922585,1.3898641072027575
2.395475621542603,1.8156035782370823,1.3935609431369531
2.397271330404329,1.814572711640792,1.397224670905211
2.399067039266055,1.813521718569215,1.400855097003907
2.400862748127781,1.8124506635509374,1.4044520304282866
2.4026584569895073,1.8113596115684254,1.4080152826773624
2.4044541658512335,1.8102486280489574,1.4115446677584274
2.4062498747129597,1.8091177788553616,1.415040002191199
2.4080455835746855,1.807967130276563,1.4185011050115541
2.4098412924364117,1.8067967490179304,1.4219277977749103
2.411637001298138,1.805606702191451,1.425319904559227
2.413432710159864,1.8043970573057095,1.4286772519676085
2.41522841902159,1.8031678822556707,1.4319996691305699
2.417024127883316,1.801919245312301,1.4352869877079066
2.418819836745042,1.8006512151119758,1.4385390418902029
2.4206155456067684,1.7993638606457387,1.4417556683999808
2.422411254468494,1.7980572512483588,1.4449367064924816
2.4242069633302203,1.7967314565872199,1.4480819979560875
2.4260026721919465,1.795386546651029,1.4511913871123827
2.4277983810536727,1.7940225917383534,1.454264720815865
2.4295940899153985,1.792639662445995,1.4573018484533038
2.4313897987771247,1.7912378296571667,1.4603026219427493
2.433185507638851,1.7898171645295429,1.4632668957321888
2.434981216500577,1.7883777384831208,1.4661945267978647
2.436776925362303,1.7869196231878988,1.469085374642261
2.438572634224029,1.785442890551446,1.4719393012917328
2.4403683430857552,1.7839476127062655,1.4747561712938182
2.4421640519474814,1.7824338619970348,1.4775358517142103
2.443959760809207,1.780901710967669,1.4802782121334053
2.4457554696709334,1.779351232348246,1.4829831246430203
2.4475511785326596,1.7777824990417916,1.4856504638418013
2.4493468873943858,1.7761955841109014,1.4882801068313005
2.4511425962561115,1.77459056076423,1.4908719332112472
2.4529383051178377,1.7729675023428493,1.4934258250746013
2.454734013979564,1.7713264823064503,1.4959416670023107
2.45652972284129,1.7696675742194377,1.498419346057747
2.458325431703016,1.767990851736865,1.5008587517808523
2.460121140564742,1.7662963885902663,1.5032597761820026
2.4619168494264683,1.7645842585733502,1.505622313735543
2.4637125582881945,1.7628545355275878,1.507946261373065
2.46550826714992,1.761107293327655,1.5102315184763817
2.4673039760116464,1.7593426058667956,1.5124779868702398
2.4690996848733726,1.7575605470420483,1.5146855708147202
2.470895393735099,1.7557611907393809,1.5168541769974035
2.4726911025968246,1.7539446108187045,1.5189837145252363
2.4744868114585508,1.752110881098808,1.5210740949161488
2.476282520320277,1.7502600753421726,1.5231252320903983
2.478078229182003,1.748392267239725,1.5251370423616657
2.4798739380437294,1.7465075303954605,1.5271094444278908
2.481669646905455,1.7446059383110224,1.5290423593618556
2.4834653557671813,1.7426875643701545,1.5309357106015313
2.4852610646289075,1.7407524818231295,1.532789423940173
2.4870567734906337,1.738800763771049,1.5346034275161857
2.4888524823523595,1.7368324831501165,1.5363776518027503
2.4906481912140856,1.7348477127158146,1.5381120295972326
2.492443900075812,1.7328465250270342,1.5398064960103346
2.494239608937538,1.7308289924301477,1.5414609884550798
2.496035317799264,1.7287951870430227,1.5430754466355276
2.49783102666099,1.726745180738979,1.544649812535315
2.499626735522716,1.7246790451307208,1.5461840304059589
2.5014224443844424,1.7225968515542,1.5476780467549869
2.503218153246168,1.7204986710524794,1.5491318103338472
2.5050138621078943,1.7183845743595165,1.5505452721256239
2.5068095709696205,1.7162546318839533,1.5519183853325798
2.5086052798313467,1.7141089136928802,1.5532511053634908
2.5104009886930725,1.7119474894955664,1.5545433898208176
2.5121966975547987,1.7097704286271713,1.5557951984876897
2.513992406416525,1.7075778000324775,1.5570064933147159
2.515788115278251,1.7053696722495781,1.5581772384066395
2.517583824139977,1.7031461133935866,1.5593074000088092
2.519379533001703,1.7009071911403377,1.5603969464935117
2.5211752418634292,1.6986529727101143,1.5614458483461335
2.5229709507251554,1.6963835248513608,1.5624540781511809
2.524766659586881,1.6940989138244333,1.56342161057815
2.5265623684486074,1.691799205385368,1.5643484223672637
2.5283580773103336,1.6894844647696654,1.5652344923150534
2.5301537861720598,1.6871547566761165,1.566079801259825
2.5319494950337855,1.684810145250666,1.5668843320669932
2.5337452038955117,1.6824506940703066,1.5676480696142874
2.535540912757238,1.6800764661270224,1.5683710007768386
2.537336621618964,1.6776875238118047,1.5690531144121593
2.53913233048069,1.6752839288986658,1.5696944013449998
2.540928039342416,1.672865742528787,1.570294854352114
2.5427237482041423,1.6704330251946689,1.5708544681469083
2.5445194570658685,1.6679858367243974,1.571373239364005
2.5463151659275947,1.665524236265942,1.5718511665437003
2.5481108747893204,1.6630482822715817,1.5722882501163569
2.5499065836510466,1.6605580324823608,1.57268449238668
2.551702292512773,1.6580535439126933,1.573039897517938
2.553498001374499,1.6555348728350008,1.5733544715161063
2.5552937102362248,1.6530020747645113,1.5736282222139217
2.557089419097951,1.6504552044441,1.573861159254892
2.558885127959677,1.6478943158292967,1.5740532940772298
2.5606808368214034,1.645319462073368,1.574204639897726
2.562476545683129,1.6427306955125325,1.5743152116955867
2.5642722545448553,1.6401280676513006,1.574385026196191
2.5660679634065815,1.6375116291479415,1.5744141018548354
2.5678636722683077,1.6348814298000929,1.574402458840416
2.5696593811300334,1.6322375185304772,1.5743501190190723
2.5714550899917596,1.629579943372819,1.5742571059378094
2.573250798853486,1.6269087514578495,1.5741234448080863
2.575046507715212,1.6242239889995032,1.573949162489374
2.576842216576938,1.6215257012812674,1.5737342874726998
2.578637925438664,1.618813932642677,1.5734788498641699
2.58043363430039,1.6160887264660064,1.5731828813684796
2.5822293431621164,1.6133501251631024,1.5728464152724098
2.584025052023842,1.6105981701624272,1.5724694864283353
2.5858207608855683,1.6078329018962556,1.572052131237708
2.5876164697472945,1.6050543597880746,1.5715943876345528
2.5894121786090207,1.6022625822401848,1.5710962950689842
2.5912078874707465,1.5994576066214645,1.5705578944907055
2.5930035963324727,1.596639469255387,1.5699792283325396
2.594799305194199,1.5938082054081861,1.56936034049398
2.596595014055925,1.5909638492772855,1.5687012763247397
2.598390722917651,1.5881064339799071,1.5680020826083605
2.600186431779377,1.5852359915419285,1.567262807545818
2.6019821406411032,1.5823525528869287,1.5664835007391757
2.6037778495028294,1.5794561478255051,1.5656642131752712
2.605573558364555,1.5765468050448037,1.5648049972094413
2.6073692672262814,1.5736245520982821,1.5639059065492813
2.6091649760880076,1.5706894153957291,1.5629669962384638
2.6109606849497338,1.5677414201935183,1.5619883226406004
2.6127563938114595,1.5647805905851375,1.5609699434231494
2.6145521026731857,1.561806949491948,1.5599119175413843
2.616347811534912,1.5588205186542163,1.5588143052224335
2.618143520396638,1.5558213186224197,1.5576771679493469
2.6199392292583643,1.5528093687488003,1.5565005684452728
2.62173493812009,1.5497846871792096,1.555284570657666
2.6235306469818163,1.5467472908452315,1.5540292397425817
2.6253263558435425,1.5436971954565752,1.5527346420490544
2.6271220647052687,1.5406344154937563,1.551400845103526
2.6289177735669944,1.5375589642010867,1.5500279175943819
2.6307134824287206,1.5344708535799207,1.5486159293565507
2.632509191290447,1.5313700943822508,1.5471649513561987
2.634304900152173,1.5282566961045465,1.5456750556755166
2.6361006090138988,1.5251306669819513,1.5441463154975752
2.637896317875625,1.5219920139827527,1.5425788050913058
2.639692026737351,1.5188407428031778,1.5409725997965513
2.6414877355990773,1.515676857862522,1.5393277760092312
2.643283444460803,1.5125003622985598,1.5376444111665957
2.6450791533225293,1.509311257963315,1.5359225837325985
2.6468748621842555,1.506109545419142,1.5341623731833556
2.6486705710459817,1.5028952239351316,1.5323638599927298
2.6504662799077074,1.4996682914838786,1.5305271256180224
2.6522619887694336,1.4964287447385451,1.528652252485763
2.65405769763116,1.4931765790703013,1.5267393239776363
2.655853406492886,1.4899117885460775,1.5247884244165075
2.657649115354612,1.4866343659267065,1.5227996390525782
2.659444824216338,1.4833443026653625,1.520773054049655
2.661240533078064,1.4800415889063947,1.5187087564715473
2.6630362419397904,1.4767262134844878,1.5166068342685886
2.664831950801516,1.4733981639242075,1.5144673762642806
2.6666276596632423,1.4700574264398798,1.5122904721420671
2.6684233685249685,1.4667039859358557,1.5100762124322396
2.6702190773866947,1.4633378260071295,1.507824688498982
2.6720147862484205,1.4599589289403248,1.5055359925275305
2.6738104951101467,1.4565672757150647,1.5032102175114783
2.675606203971873,1.4531628460056922,1.500847457240229
2.677401912833599,1.4497456181834012,1.4984478062865598
2.679197621695325,1.446315569318709,1.4960113599943587
2.680993330557051,1.4428726751843208,1.4935382144664617
2.682789039418777,1.4394169102583927,1.4910284665526723
2.6845847482805034,1.435948247728161,1.4884822138378966
2.686380457142229,1.4324666594939546,1.4858995546304317
2.6881761660039554,1.4289721161736109,1.4832805879504019
2.6899718748656816,1.425464587107267,1.480625413518335
2.6917675837274078,1.421944040362548,1.4779341317438952
2.693563292589134,1.4184104427401436,1.4752068437147527
2.6953590014508597,1.4148637597797844,1.47244365118561
2.697154710312586,1.411303955766606,1.4696446565673789
2.698950419174312,1.4077309937379219,1.4668099629165008
2.7007461280360383,1.4041448354903663,1.4639396739244297
2.702541836897764,1.4005454415874805,1.4610338939072625
2.7043375457594903,1.396932771367649,1.4580927277955045
2.7061332546212165,1.3933067829524697,1.4551162811240328
2.7079289634829427,1.3896674332555206,1.452104660022159
2.7097246723446684,1.3860146779915101,1.4490579712038882
2.7115203812063946,1.3823484716858547,1.4459763219583102
2.713316090068121,1.378668767684645,1.4428598201401535
2.715111798929847,1.3749755181650056,1.4397085741605014
2.7169075077915728,1.3712686741458975,1.4365226929776433
2.718703216653299,1.367548185499267,1.4333022860881008
2.720498925515025,1.3638140009616584,1.4300474635178093
2.7222946343767513,1.3600660681461816,1.426758335813437
2.724090343238477,1.3563043335549212,1.4234350140338825
2.7258860521002033,1.3525287425917216,1.4200776097419148
2.7276817609619295,1.348739239575391,1.4166862349959715
2.7294774698236557,1.3449357677533111,1.4132610023421157
2.7312731786853814,1.3411182693154415,1.4098020248061496
2.7330688875471076,1.3372866854087218,1.4063094158858749
2.734864596408834,1.3334409561518965,1.4027832895435117
2.73666030527056,1.329581020650723,1.3992237601982873
2.738456014132286,1.3257068170135808,1.3956309427191562
2.740251722994012,1.3218182823674838,1.3920049524176896
2.742047431855738,1.3179153528745,1.3883459050411036
2.7438431407174644,1.3139979637485517,1.384653916765465
2.74563884957919,1.3100660492726228,1.3809291041890241
2.7474345584409163,1.306119542816357,1.3771715843257124
2.7492302673026425,1.3021583768540512,1.3733814745987931
2.7510259761643687,1.2981824829830366,1.369558892834649
2.7528216850260945,1.2941917919424544,1.3657039572567449
2.7546173938878207,1.2901862336324132,1.3618167864797017
2.756413102749547,1.286165737133557,1.3578974995035615
2.758208811611273,1.2821302307269677,1.3539462157081659
2.7600045204729993,1.2780796419145066,1.3499630548476969
2.761800229334725,1.2740138974394992,1.3459481370453656
2.763595938196451,1.2699329233078103,1.341901582788227
2.7653916470581774,1.2658366448092995,1.3378235129221667
2.7671873559199036,1.2617249865396378,1.3337140486470016
2.7689830647816294,1.2575978724225112,1.329573311511741
2.7707787736433556,1.2534552257321734,1.3254014234099794
2.7725744825050818,1.2492969691163875,1.3211985065754337
2.774370191366808,1.2451230246197047,1.3169646835776052
2.7761659002285337,1.2409333137071241,1.3127000773176016
2.77796160909026,1.2367277572880906,1.3084048110240638
2.779757317951986,1.2325062757408738,1.3040790082492606
2.7815530268137123,1.2282687889372652,1.2997227928652786
2.783348735675438,1.2240152162676419,1.2953362890603846
2.7851444445371643,1.2197454766663682,1.2909196213354677
2.7869401533988905,1.2154594886375454,1.286472914500664
2.7887358622606166,1.211157170281084,1.2819962936720692
2.7905315711223424,1.2068384393191223,1.277489884268593
2.7923272799840686,1.2025032131227626,1.2729538120089199
2.794122988845795,1.198151408739144,1.2683882029086229
2.795918697707521,1.193782942918825,1.263793183277369
2.7977144065692467,1.1893977321434992,1.2591688797162583
2.799510115430973,1.1849956926540015,1.254515419115271
2.801305824292699,1.1805767404786416,1.2498329286508394
2.8031015331544253,1.1761407914618403,1.2451215357835292
2.804897242016151,1.171687761293051,1.2403813682558302
2.8066929508778773,1.1672175655359918,1.2356125540900567
2.8084886597396035,1.1627301196581712,1.23081522158637
2.8102843686013297,1.158225339060677,1.2259894993208817
2.8120800774630554,1.1537031391082706,1.2211355161438924
2.8138757863247816,1.1491634351597526,1.216253401178201
2.815671495186508,1.144606142598586,1.2113432838175495
2.817467204048234,1.1400311768637952,1.2064052937251344
2.81926291290996,1.1354384534811446,1.2014395608322417
2.821058621771686,1.130827888094528,1.1964462153369504
2.822854330633412,1.1261993964976549,1.1914253877029675
2.8246500394951384,1.1215528946659585,1.1863772086585067
2.826445748356864,1.1168882987887452,1.1813018091952994
2.8282414572185903,1.112205525301581,1.176199320567668
2.8300371660803165,1.107504490918909,1.1710698742916912
2.8318328749420427,1.102785112666884,1.1659136021444536
2.833628583803769,1.098047307916427,1.1607306361633825
2.8354242926654947,1.0932909944164975,1.155521108645645
2.837220001527221,1.0885160903275513,1.150285152147648
2.839015710388947,1.0837225142552258,1.1450228994845952
2.8408114192506733,1.0789101852841896,1.1397344837301218
2.842607128112399,1.0740790230122086,1.134420038216008
2.844402836974125,1.069228947584351,1.129079696531937
2.8461985458358514,1.064359879727421,1.1237135925253643
2.8479942546975776,1.0594717407845176,1.1183218603014036
2.8497899635593034,1.0545644527497646,1.1129046342228084
2.8515856724210296,1.0496379383032102,1.107462048909992
2.8533813812827558,1.0446921208458586,1.1019942392411284
2.855177090144482,1.039726924534853,1.0965013403522963
2.8569727990062077,1.0347422743187902,1.0909834876376694
2.858768507867934,1.0297380959731546,1.0854408167497769
2.86056421672966,1.0247143161359022,1.0798734635998062
2.8623599255913863,1.0196708623431194,1.0742815643579453
2.864155634453112,1.0146076630648186,1.0686652554537894
2.8659513433148383,1.0095246477408237,1.0630246735767672
2.8677470521765644,1.0044217468167547,1.0573599556766347
2.8695427610382906,0.999298891780092,1.0516712389639888
2.8713384699000164,0.9941560151963152,1.0459586609108242
2.8731341787617426,0.9889930507451402,1.0402223592511268
2.874929887623469,0.9838099332567772,1.0344624719815076
2.876725596485195,0.9786065987482968,1.0286791373618493
2.8785213053469207,0.9733829844600029,1.0228724939160032
2.880317014208647,0.968139028891874,1.0170426804324855
2.882112723070373,0.9628746718400272,1.0111898359652374
2.8839084319320993,0.9575898544332202,1.0053140998343717
2.885704140793825,0.952284519169368,0.9994156116269586
2.8874998496555513,0.9469586099520583,0.9934945111978238
2.8892955585172775,0.9416120721271094,0.9875509386703683
2.8910912673790037,0.9362448525190815,0.9815850344374035
2.8928869762407294,0.9308568994678137,0.9755969391619872
2.8946826851024556,0.9254481628649083,0.9695867937782863
2.896478393964182,0.9200185941902274,0.963554739492441
2.898274102825908,0.9145681465483304,0.9575009177834282
2.9000698116876342,0.9090967747048736,0.9514254704039466
2.90186552054936,0.9036044351229696,0.9453285393812922
2.903661229411086,0.8980910859994727,0.9392102670182351
2.9054569382728124,0.8925566873012315,0.9330707958939015
2.9072526471345386,0.8870012008012241,0.9269102688646536
2.9090483559962643,0.8814245901146602,0.9207288290649573
2.9108440648579905,0.8758268207349441,0.9145266199082409
2.9126397737197167,0.8702078600695979,0.9083037850877695
2.914435482581443,0.8645676774760259,0.9020604685774776
2.9162311914431687,0.8589062442972057,0.895796814632811
2.918026900304895,0.8532235338972342,0.8895129677915488
2.919822609166621,0.847519521696763,0.8832090728746056
2.9216183180283473,0.841794185208284,0.8768852749868283
2.923414026890073,0.8360475040712833,0.8705417195177638
2.925209735751799,0.8302794600872209,0.8641785521424066
2.9270054446135254,0.8244900372543795,0.8577959188219362
2.9288011534752516,0.8186792218025196,0.851393965804417
2.9305968623369774,0.8128470022273736,0.8449728396254796
2.9323925711987036,0.8069933693249423,0.8385326871089702
2.9341882800604298,0.8011183162256135,0.8320736553675879
2.935983988922156,0.7952218384280684,0.8255958918034703
2.9377796977838817,0.7893039338329881,0.819099544108763
2.939575406645608,0.7833646027765266,0.8125847602661457
2.941371115507334,0.7774038480635896,0.8060516885493407
2.9431668243690603,0.771421675000849,0.7995004775235637
2.944962533230786,0.7654180914295378,0.7929312760459613
2.9467582420925122,0.7593931077579775,0.7863442332659865
2.9485539509542384,0.753346736993882,0.7797394986257559
2.9503496598159646,0.7472789947763576,0.7731172218603517
2.9521453686776904,0.7411898994076622,0.766477552998091
2.9539410775394166,0.7350794718846572,0.7598206423607405
2.955736786401143,0.7289477359300064,0.7531466405637048
2.957532495262869,0.7227947180230404,0.7464556985161495
2.9593282041245947,0.7166204474303565,0.7397479674210914
2.961123912986321,0.7104249562360611,0.7330235987754266
2.962919621848047,0.7042082793717478,0.7262827443699347
2.9647153307097733,0.6979704546461061,0.7195255562892022
2.966511039571499,0.6917115227742137,0.7127521869115228
2.9683067484332253,0.6854315274064838,0.7059627889087182
2.9701024572949515,0.6791305151572685,0.6991575152459331
2.9718981661566777,0.672808535633096,0.6923365191813646
2.973693875018404,0.6664656414605554,0.6854999542659255
2.9754895838801296,0.6601018883137943,0.6786479743428739
2.977285292741856,0.6537173349416514,0.6717807335473672
2.979081001603582,0.6473120431944023,0.664898386305979
2.980876710465308,0.6408860780500962,0.6580010873361364
2.982672419327034,0.6344395076405149,0.6510889916455129
2.98446812818876,0.627972403276701,0.6441622545313588
2.9862638370504864,0.6214848394740883,0.6372210315797744
2.9880595459122126,0.6149768939772011,0.6302654786649136
2.9898552547739383,0.6084486477839289,0.6232957519481408
2.9916509636356645,0.6019001851693572,0.6163120078771045
2.9934466724973907,0.5953315937091671,0.6093144031847857
2.995242381359117,0.5887429643025746,0.6023030948884383
2.9970380902208427,0.5821343911948228,0.5952782402885028
2.998833799082569,0.5755059719991926,0.5882399969674337
3.000629507944295,0.5688578077185759,0.5811885227884845
3.0024252168060213,0.562190002766535,0.5741239758944068
3.004220925667747,0.5555026649879111,0.5670465147061007
3.006016634529473,0.5487959056789127,0.5599562979211898
3.0078123433911994,0.5420698396067463,0.5528534845125432
3.0096080522529256,0.5353245850287052,0.5457382337267225
3.0114037611146514,0.5285602637107796,0.5386107050823699
3.0131994699763776,0.5217770009457385,0.5314710583685232
3.0149951788381038,0.5149749255706932,0.5243194536428777
3.01679088769983,0.5081541699841403,0.5171560512299715
3.0185865965615557,0.501314870162468,0.5099810117193138
3.020382305423282,0.4944571656759185,0.5027944959634336
3.022178014285008,0.4875811997040238,0.49559666507588757
3.0239737231467343,0.480687119050479,0.4883876804291814
3.02576943200846,0.4737750741574638,0.4811677036526308
3.0275651408701862,0.46684521911939947,0.4739368966301611
3.0293608497319124,0.45989771169615734,0.46669542149804316
3.0311565585936386,0.45293271332567875,0.4594434406425616
3.0329522674553644,0.4459503891360285,0.45218111669761757
3.0347479763170906,0.4389509079568608,0.44490861254226816
3.036543685178817,0.4319344423303124,0.4376260912982061
3.038339394040543,0.42490116852129095,0.43033371632717055
3.0401351029022687,0.41785126652717836,0.4230316512283011
3.041930811763995,0.41078492008692324,0.4157200598354156
3.043726520625721,0.40370231668954865,0.4083991062142488
3.0455222294874473,0.3966036475820302,0.4010689546596028
3.0473179383491735,0.3894891077765712,0.3937297696924599
3.0491136472108993,0.3823588960572639,0.38638171605701943
3.0509093560726255,0.3752132149861134,0.3790249587176695
3.0527050649343517,0.3680522709084611,0.3716596628559291
3.054500773796078,0.3608762739577597,0.3642859938672939
3.0562964826578036,0.3536854380597183,0.3569041173580488
3.05809219151953,0.34647998093581556,0.3495141991420052
3.059887900381256,0.339260124106171,0.3421164052372017
3.061683609242982,0.3320260928917726,0.33471090186253194
3.063479318104708,0.32477811641605664,0.32729785543432033
3.065275026966434,0.31751642760583143,0.3198774325628485
3.0670707358281604,0.3102412631915642,0.31244980004882156
3.0688664446898866,0.3029528637069953,0.30501512487978555
3.0706621535516123,0.2956514734881021,0.29757357422649255
3.0724578624133385,0.28833734067139016,0.29012531543920417
3.0742535712750647,0.28101071719154025,0.28267051604396465
3.076049280136791,0.2736718587783694,0.2752093437388067
3.0778449889985167,0.2663210249531307,0.2677419663899162
3.079640697860243,0.258958479024136,0.2602685520277418
3.081436406721969,0.25158448808171635,0.2527892688430743
3.0832321155836953,0.24419932299249547,0.24530428518306568
3.085027824445421,0.23680325839299232,0.2378137695472063
3.086823533307147,0.22939657268253333,0.23031789058325533
3.0886192421688734,0.22197954801550335,0.22281681708314488
3.0904149510305996,0.21455247029289573,0.2153107179788228
3.0922106598923254,0.2071156291531901,0.20779976233806852
3.0940063687540516,0.19966931796253212,0.20028411936025842
3.0958020776157777,0.19221383380424542,0.19276395837210403
3.097597786477504,0.18474947746764236,0.18523944882335197
3.0993934953392297,0.17727655343615228,0.17771076028243862
3.101189204200956,0.16979536987475208,0.17017806243212058
3.102984913062682,0.16230623861672744,0.16264152506506796
3.1047806219244083,0.15480947514972432,0.15510131807942992
3.106576330786134,0.1473053986011203,0.14755761147436108
3.1083720396478602,0.13979433172269778,0.1400105753455172
3.1101677485095864,0.13227660087464188,0.13246037988054354
3.1119634573713126,0.12475253600883246,0.12490719535451208
3.113759166233039,0.11722247065145235,0.11735119212534277
3.1155548750947646,0.10968674188490875,0.10979254062920557
3.117350583956491,0.10214569032905467,0.10223141137587985
3.119146292818217,0.09459966012173937,0.09466797494412839
3.120942001679943,0.08704899889865446,0.08710240197701102
3.122737710541669,0.07949405777250239,0.07953486317720924
3.124533419403395,0.07193519131146835,0.0719655293023112
3.1263291282651213,0.06437275751702595,0.06439457116010097
3.1281248371268475,0.05680711780104051,0.05682215960381992
3.1299205459885733,0.049238636962200995,0.04924846552741357
3.1317162548502995,0.04166768316176074,0.04167365986077537
3.1335119637120257,0.034094627898617405,0.03409791356497435
3.135307672573752,0.02651984598369722,0.026521397627474345
3.1371033814354776,0.018943715513675085,0.018944283057347976
3.138899090297204,0.011366617844010198,0.011366740880472417
3.14069479915893,0.003788937561329914,0.003788942134741934
3.142490508020656,-0.003788937544874306,-0.0037889421347407615
3.144286216882382,-0.011366616511205355,-0.011366740880468195
3.146081925744108,-0.018943705229994043,-0.018944283057344684
3.1478776346058344,-0.026519806479574262,-0.026521397627473187
3.1496733434675606,-0.03409451995523537,-0.03409791356497295
3.1514690523292863,-0.041667442300817426,-0.04167365986077337
3.1532647611910125,-0.049238167140969985,-0.04924846552741166
3.1550604700527387,-0.05680628511404046,-0.05682215960381863
3.156856178914465,-0.06437138390562605,-0.06439457116010036
3.1586518877761907,-0.07193304828275619,-0.07196552930230896
3.160447596637917,-0.07949086012872361,-0.07953486317720726
3.162243305499643,-0.08704439847853118,-0.0871024019770095
3.1640390143613693,-0.09459323955498754,-0.0946679749441269
3.165834723223095,-0.102136956805417,-0.10223141137587677
3.167630432084821,-0.10967512093900357,-0.10979254062920146
3.1694261409465474,-0.1172072999647318,-0.117351192125342
3.1712218498082736,-0.12473305922996236,-0.12490719535451084
3.1730175586699993,-0.13225196145960205,-0.13246037988053966
3.1748132675317255,-0.13976356679589114,-0.14001057534551348
3.1766089763934517,-0.14726743283876853,-0.1475576114743572
3.178404685255178,-0.15476311468685292,-0.15510131807942906
3.1802003941169037,-0.16225016497899833,-0.16264152506506585
3.18199610297863,-0.1697281339364482,-0.17017806243211775
3.183791811840356,-0.17719656940554507,-0.17771076028243632
3.1855875207020823,-0.18465501690103606,-0.18523944882335053
3.1873832295638085,-0.19210301964993487,-0.19276395837210272
3.1891789384255342,-0.1995401186359442,-0.2002841193602562
3.1909746472872604,-0.20696585264444536,-0.20779976233806696
3.1927703561489866,-0.21437975830802078,-0.21531071797882234
3.194566065010713,-0.22178137015253493,-0.22281681708314371
3.1963617738724386,-0.22917022064374512,-0.23031789058325142
3.198157482734165,-0.23654584023445593,-0.23781376954720262
3.199953191595891,-0.2439077574121782,-0.24530428518306469
3.201748900457617,-0.251255498747326,-0.25278926884307307
3.203544609319343,-0.2585885889419153,-0.2602685520277386
3.205340318181069,-0.2659065508787796,-0.26774196638991254
3.2071360270427953,-0.27320890567126477,-0.2752093437388051
3.2089317359045215,-0.28049517271343605,-0.28267051604396376
3.2107274447662473,-0.28776486973075605,-0.2901253154392017
3.2125231536279735,-0.2950175128312535,-0.29757357422649033
3.2143188624896997,-0.30225261655714386,-0.3050151248797852
3.216114571351426,-0.30946969393693197,-0.3124498000488203
3.2179102802131516,-0.31666825653795644,-0.3198774325628466
3.219705989074878,-0.3238478145193968,-0.3272978554343188
3.221501697936604,-0.3310078766857017,-0.33471090186253066
3.22329740679833,-0.33814795054046676,-0.3421164052372005
3.225093115660056,-0.345267542340728,-0.34951419914200144
3.226888824521782,-0.35236615715168146,-0.35690411735804517
3.2286845333835084,-0.3594432989017988,-0.3642859938672927
3.2304802422452346,-0.36649847043835054,-0.37165966285592816
3.2322759511069603,-0.3735311735833275,-0.37902495871766595
3.2340716599686865,-0.38054090918974076,-0.3863817160570153
3.2358673688304127,-0.3875271771982914,-0.39372976969245876
3.237663077692139,-0.3944894766944221,-0.4010689546596018
3.2394587865538647,-0.40142730596571186,-0.4083991062142467
3.241254495415591,-0.4083401625596431,-0.4157200598354144
3.243050204277317,-0.41522754334167944,-0.4230316512282991
3.2448459131390432,-0.4220889445537043,-0.43033371632717
3.246641622000769,-0.42892386187276993,-0.4376260912982033
3.248437330862495,-0.4357317904701665,-0.44490861254226566
3.2502330397242214,-0.44251222507078813,-0.4521811166976155
3.2520287485859476,-0.449264660012811,-0.45944344064256126
3.253824457447674,-0.4559885893076418,-0.4666954214980429
3.2556201663093995,-0.46268350670015945,-0.47393689663015753
3.2574158751711257,-0.46934890572922355,-0.4811677036526279
3.259211584032852,-0.4759842797884274,-0.4883876804291799
3.261007292894578,-0.4825891221871226,-0.4955966650758866
3.262803001756304,-0.4891629262116708,-0.5027944959634296
3.26459871061803,-0.4957051851869371,-0.5099810117193098
3.2663944194797563,-0.50221539253799,-0.5171560512299705
3.2681901283414825,-0.5086930418520271,-0.5243194536428768
3.2699858372032082,-0.5151376269404968,-0.5314710583685216
3.2717815460649344,-0.5215486419014219,-0.5386107050823682
3.2735772549266606,-0.5279255811818826,-0.5457382337267216
3.275372963788387,-0.5342679396407002,-0.552853484512542
3.2771686726501126,-0.5405752126112654,-0.5599562979211876
3.2789643815118388,-0.5468468959645301,-0.5670465147060988
3.280760090373565,-0.5530824861721301,-0.5741239758944059
3.282555799235291,-0.559281480369652,-0.5811885227884834
3.284351508097017,-0.5654433764200145,-0.5882399969674312
3.286147216958743,-0.5715676729769729,-0.5952782402884986
3.2879429258204693,-0.5776538695487089,-0.602303094888437
3.2897386346821955,-0.5837014665615324,-0.6093144031847849
3.2915343435439213,-0.5897099654236422,-0.6163120078771025
3.2933300524056475,-0.5956788685889897,-0.6232957519481365
3.2951257612673737,-0.6016076796211677,-0.630265478664913
3.2969214701291,-0.6074959032573719,-0.6372210315797734
3.2987171789908256,-0.6133430454724047,-0.6441622545313586
3.300512887852552,-0.6191486135427022,-0.6510889916455116
3.302308596714278,-0.6249121161103712,-0.6580010873361349
3.304104305576004,-0.630633063247259,-0.664898386305979
3.30590001443773,-0.6363109665189974,-0.6717807335473662
3.307695723299456,-0.6419453390490618,-0.6786479743428706
3.3094914321611824,-0.6475356955827765,-0.6854999542659248
3.3112871410229086,-0.6530815525513118,-0.6923365191813641
3.3130828498846343,-0.6585824281356282,-0.6991575152459311
3.3148785587463605,-0.6640378423303777,-0.7059627889087139
3.3166742676080867,-0.6694473170077184,-0.7127521869115193
3.318469976469813,-0.6748103759810768,-0.7195255562892016
3.3202656853315387,-0.6801265450688113,-0.7262827443699305
3.322061394193265,-0.685395352157797,-0.7330235987754226
3.323857103054991,-0.6906163272668774,-0.7397479674210876
3.3256528119167172,-0.6957890026102233,-0.7464556985161479
3.3274485207784434,-0.7009129126605552,-0.7531466405637044
3.329244229640169,-0.7059875942122298,-0.7598206423607385
3.3310399385018954,-0.7110125864441759,-0.7664775529980887
3.3328356473636216,-0.7159874309826763,-0.7731172218603508
3.334631356225348,-0.7209116719639697,-0.7797394986257553
3.3364270650870735,-0.7257848560966945,-0.7863442332659849
3.3382227739487997,-0.7306065327241196,-0.7929312760459591
3.340018482810526,-0.7353762538861899,-0.7995004775235632
3.341814191672252,-0.7400935743813574,-0.806051688549339
3.343609900533978,-0.7447580518281807,-0.8125847602661428
3.345405609395704,-0.7493692467267217,-0.8190995441087595
3.3472013182574303,-0.7539267225196661,-0.8255958918034685
3.3489970271191565,-0.7584300456532163,-0.8320736553675868
3.3507927359808822,-0.7628787856377085,-0.8385326871089673
3.3525884448426084,-0.7672725151079779,-0.8449728396254765
3.3543841537043346,-0.7716108098834042,-0.8513939658044156
3.356179862566061,-0.7758932490277142,-0.8577959188219357
3.3579755714277866,-0.7801194149084373,-0.8641785521424057
3.3597712802895128,-0.7842888932560731,-0.8705417195177618
3.361566989151239,-0.788401273222933,-0.8768852749868273
3.363362698012965,-0.7924561474416443,-0.883209072874604
3.365158406874691,-0.7964531120833165,-0.8895129677915476
3.366954115736417,-0.8003917669153565,-0.8957968146328112
3.3687498245981433,-0.8042717153589164,-0.9020604685774761
3.3705455334598695,-0.8080925645459708,-0.9083037850877687
3.3723412423215953,-0.8118539253760227,-0.914526619908238
3.3741369511833215,-0.8155554125724067,-0.9207288290649537
3.3759326600450477,-0.8191966447381962,-0.9269102688646534
3.377728368906774,-0.8227772444117055,-0.9330707958939006
3.3795240777684996,-0.8262968381215607,-0.9392102670182318
3.381319786630226,-0.8297550564413598,-0.9453285393812898
3.383115495491952,-0.833151534043879,-0.9514254704039449
3.384911204353678,-0.8364859097548376,-0.9575009177834266
3.386706913215404,-0.8397578266062096,-0.96355473949244
3.38850262207713,-0.842966931889072,-0.9695867937782859
3.3902983309388564,-0.8461128772059634,-0.9755969391619858
3.3920940398005826,-0.8491953185227837,-0.9815850344374021
3.3938897486623083,-0.8522139162201773,-0.987550938670366
3.3956854575240345,-0.8551683351444441,-0.9934945111978217
3.3974811663857607,-0.8580582446579016,-0.9994156116269581
3.399276875247487,-0.8608833186887729,-1.0053140998343713
3.401072584109213,-0.8636432357805193,-1.011189835965237
3.402868292970939,-0.86633767914064,-1.0170426804324821
3.404664001832665,-0.8689663366889502,-1.0228724939159999
3.4064597106943912,-0.8715289011052733,-1.0286791373618485
3.4082554195561174,-0.8740250698766099,-1.0344624719815068
3.410051128417843,-0.8764545453437145,-1.040222359251124
3.4118468372795694,-0.8788170347471022,-1.0459586609108207
3.4136425461412956,-0.8811122502724789,-1.051671238963987
3.415438255003022,-0.8833399090955698,-1.0573599556766342
3.4172339638647475,-0.885499733426365,-1.0630246735767666
3.4190296727264737,-0.8875914505527381,-1.068665255453788
3.4208253815882,-0.8896147928834653,-1.0742815643579453
3.422621090449926,-0.8915694979906165,-1.0798734635998046
3.424416799311652,-0.8934553086513317,-1.085440816749776
3.426212508173378,-0.895271972888936,-1.0909834876376683
3.4280082170351043,-0.8970192440134381,-1.0965013403522956
3.4298039258968305,-0.8986968806613626,-1.1019942392411288
3.4315996347585562,-0.9003046468349334,-1.1074620489099887
3.4333953436202824,-0.9018423119405962,-1.1129046342228062
3.4351910524820086,-0.9033096508268548,-1.118321860301403
3.436986761343735,-0.9047064438214598,-1.1237135925253643
3.4387824702054606,-0.9060324767678919,-1.129079696531935
3.4405781790671868,-0.9072875410611543,-1.1344200382160037
3.442373887928913,-0.9084714336828984,-1.139734483730121
3.444169596790639,-0.9095839572358162,-1.1450228994845935
3.445965305652365,-0.9106249199773406,-1.1502851521476467
3.447761014514091,-0.9115941358526334,-1.1555211086456425
3.4495567233758173,-0.9124914245268619,-1.1607306361633811
3.4513524322375435,-0.9133166114167304,-1.165913602144454
3.4531481410992693,-0.9140695277213032,-1.17106987429169
3.4549438499609955,-0.9147500104520897,-1.1761993205676675
3.4567395588227217,-0.9153579024623782,-1.1813018091952994
3.458535267684448,-0.9158930524758396,-1.1863772086585063
3.4603309765461736,-0.9163553151143751,-1.1914253877029646
3.4621266854079,-0.9167445509252111,-1.1964462153369495
3.463922394269626,-0.9170606264072311,-1.2014395608322388
3.465718103131352,-0.9173034140365467,-1.2064052937251342
3.4675138119930784,-0.9174727922913196,-1.2113432838175486
3.469309520854804,-0.9175686456757673,-1.2162534011781991
3.4711052297165303,-0.9175908647434429,-1.2211355161438902
3.4729009385782565,-0.9175393461197039,-1.2259894993208817
3.4746966474399827,-0.9174139925234029,-1.2308152215863686
3.4764923563017085,-0.9172147127878012,-1.2356125540900562
3.4782880651634347,-0.9169414218806843,-1.2403813682558293
3.480083774025161,-0.9165940409236738,-1.2451215357835284
3.481879482886887,-0.9161724972107588,-1.249832928650839
3.483675191748613,-0.9156767242260221,-1.2545154191152688
3.485470900610339,-0.9151066616605509,-1.2591688797162575
3.4872666094720652,-0.9144622554285539,-1.263793183277368
3.4890623183337914,-0.9137434576826691,-1.2683882029086218
3.490858027195517,-0.912950226828447,-1.2729538120089174
3.4926537360572434,-0.9120825275380315,-1.2774898842685904
3.4944494449189696,-0.9111403307630238,-1.2819962936720692
3.496245153780696,-0.910123613746525,-1.2864729145006635
3.4980408626424215,-0.9090323600343447,-1.290919621335464
3.4998365715041477,-0.9078665594854171,-1.295336289060382
3.501632280365874,-0.9066262082813661,-1.2997227928652795
3.5034279892276,-0.9053113089352525,-1.3040790082492602
3.505223698089326,-0.9039218702994963,-1.3084048110240625
3.507019406951052,-0.9024579075729738,-1.3127000773176
3.5088151158127783,-0.9009194423072733,-1.3169646835776052
3.5106108246745045,-0.8993065024121296,-1.3211985065754317
3.5124065335362302,-0.8976191221600236,-1.325401423409978
3.5142022423979564,-0.8958573421899456,-1.3295733115117394
3.5159979512596826,-0.8940212095103393,-1.3337140486470007
3.517793660121409,-0.8921107775011906,-1.3378235129221652
3.5195893689831346,-0.890126105915304,-1.3419015827882248
3.5213850778448608,-0.8880672608787326,-1.3459481370453639
3.523180786706587,-0.8859343148903693,-1.3499630548476977
3.524976495568313,-0.88372734682073,-1.353946215708165
3.526772204430039,-0.881446441909869,-1.3578974995035598
3.528567913291765,-0.8790916917644831,-1.3618167864797006
3.5303636221534913,-0.8766631943541773,-1.365703957256743
3.5321593310152175,-0.8741610540069047,-1.3695588928346505
3.5339550398769433,-0.8715853814035607,-1.3733814745987913
3.5357507487386695,-0.8689362935717593,-1.3771715843257128
3.5375464576003957,-0.8662139138787855,-1.3809291041890228
3.539342166462122,-0.8634183720237015,-1.384653916765465
3.541137875323848,-0.8605498040286429,-1.3883459050411024
3.542933584185574,-0.8576083522292862,-1.3920049524176887
3.5447292930473,-0.8545941652644831,-1.3956309427191584
3.546525001909026,-0.8515073980650991,-1.3992237601982862
3.5483207107707524,-0.8483482118420007,-1.40278328954351
3.550116419632478,-0.8451167740732551,-1.4063094158858718
3.5519121284942043,-0.8418132584904896,-1.4098020248061496
3.5537078373559305,-0.8384378450644593,-1.4132610023421164
3.5555035462176567,-0.8349907199897948,-1.4166862349959715
3.5572992550793825,-0.831472075668948,-1.4200776097419134
3.5590949639411087,-0.8278821106953176,-1.4234350140338818
3.560890672802835,-0.8242210298356037,-1.4267583358134353
3.562686381664561,-0.8204890440113408,-1.4300474635178078
3.564482090526287,-0.8166863702796339,-1.433302286088099
3.566277799388013,-0.8128132318131152,-1.4365226929776416
3.5680735082497392,-0.8088698578791158,-1.4397085741605005
3.5698692171114654,-0.8048564838180321,-1.4428598201401535
3.571664925973191,-0.8007733510209379,-1.445976321958308
3.5734606348349174,-0.7966207069063939,-1.4490579712038876
3.5752563436966436,-0.7923988048965032,-1.452104660022158
3.5770520525583698,-0.7881079043921903,-1.4551162811240332
3.5788477614200955,-0.7837482707477161,-1.458092727795504
3.5806434702818217,-0.779320175244434,-1.4610338939072598
3.582439179143548,-0.7748238950637863,-1.4639396739244293
3.584234888005274,-0.7702597132595566,-1.4668099629164995
3.586030596867,-0.7656279187293733,-1.4696446565673762
3.587826305728726,-0.760928806185463,-1.4724436511856096
3.5896220145904523,-0.7561626761246825,-1.4752068437147519
3.5914177234521785,-0.7513298347978128,-1.4779341317438943
3.593213432313904,-0.7464305941781219,-1.4806254135183323
3.5950091411756304,-0.741465271929213,-1.4832805879503999
3.5968048500373566,-0.7364341913721554,-1.4858995546304294
3.598600558899083,-0.7313376814519124,-1.4884822138378966
3.6003962677608086,-0.7261760767030547,-1.491028466552672
3.6021919766225348,-0.7209497172147834,-1.4935382144664597
3.603987685484261,-0.7156589485952524,-1.496011359994359
3.605783394345987,-0.7103041219352214,-1.4984478062865607
3.6075791032077134,-0.7048855937710121,-1.5008474572402275
3.609374812069439,-0.699403726046795,-1.5032102175114779
3.6111705209311653,-0.6938588860762211,-1.5055359925275293
3.6129662297928915,-0.6882514465033707,-1.5078246884989819
3.6147619386546177,-0.682581785263072,-1.5100762124322404
3.6165576475163435,-0.6768502855405572,-1.5122904721420651
3.6183533563780697,-0.6710573357304758,-1.5144673762642804
3.620149065239796,-0.6652033293952918,-1.51660683426859
3.621944774101522,-0.6592886652230322,-1.5187087564715487
3.623740482963248,-0.6533137469844356,-1.5207730540496545
3.625536191824974,-0.6472789834894676,-1.5227996390525793
3.6273319006867,-0.6411847885432546,-1.5247884244165073
3.6291276095484264,-0.6350315809014058,-1.5267393239776366
3.630923318410152,-0.6288197842247379,-1.5286522524857626
3.6327190272718783,-0.6225498270334333,-1.5305271256180204
3.6345147361336045,-0.6162221426606211,-1.5323638599927292
3.6363104449953307,-0.6098371692053762,-1.534162373183355
3.6381061538570565,-0.6033953494851734,-1.535922583732598
3.6399018627187827,-0.5968971309877815,-1.5376444111665961
3.641697571580509,-0.5903429658226254,-1.5393277760092312
3.643493280442235,-0.5837333106715933,-1.540972599796551
3.645288989303961,-0.5770686267393407,-1.5425788050913058
3.647084698165687,-0.5703493797030478,-1.5441463154975765
3.6488804070274132,-0.5635760396616902,-1.545675055675516
3.6506761158891394,-0.5567490810847968,-1.5471649513562018
3.652471824750865,-0.5498689827607102,-1.5486159293565496
3.6542675336125914,-0.5429362277443651,-1.550027917594381
3.6560632424743176,-0.5359513033045934,-1.551400845103526
3.6578589513360438,-0.5289147008709584,-1.5527346420490535
3.6596546601977695,-0.5218269159801272,-1.5540292397425821
3.6614503690594957,-0.5146884482217816,-1.555284570657665
3.663246077921222,-0.5074998011841224,-1.5565005684452728
3.665041786782948,-0.5002614823988992,-1.5576771679493469
3.666837495644674,-0.4929740032860442,-1.5588143052224315
3.6686332045064,-0.485637879097865,-1.559911917541386
3.6704289133681263,-0.47825362886286615,-1.560969943423148
3.6722246222298525,-0.4708217753291452,-1.5619883226405995
3.674020331091578,-0.4633428449074127,-1.5629669962384642
3.6758160399533044,-0.4558173676136224,-1.56390590654928
3.6776117488150306,-0.4482458770112537,-1.5648049972094409
3.679407457676757,-0.4406289101532152,-1.565664213175272
3.681203166538483,-0.4329670075234057,-1.566483500739176
3.6829988754002088,-0.425260712977929,-1.5672628075458164
3.684794584261935,-0.4175105736859791,-1.5680020826083592
3.686590293123661,-0.40971714007041155,-1.5687012763247394
3.6883860019853874,-0.401880965747988,-1.5693603404939793
3.690181710847113,-0.3940026074693264,-1.5699792283325404
3.6919774197088393,-0.3860826250585485,-1.570557894490706
3.6937731285705655,-0.3781215813526631,-1.571096295068986
3.6955688374322917,-0.3701200421406473,-1.571594387634554
3.6973645462940175,-0.36207857610229216,-1.572052131237707
3.6991602551557436,-0.35399775474676004,-1.572469486428337
3.70095596401747,-0.3458781523509307,-1.572846415272411
3.702751672879196,-0.3377203458974901,-1.5731828813684796
3.704547381740922,-0.3295249150128004,-1.5734788498641716
3.706343090602648,-0.32129244190454687,-1.5737342874727
3.708138799464374,-0.3130235112991935,-1.5739491624893738
3.7099345083261004,-0.30471871037922665,-1.5741234448080847
3.711730217187826,-0.29637862872022486,-1.574257105937808
3.7135259260495523,-0.2880038582277318,-1.5743501190190698
3.7153216349112785,-0.27959499307399155,-1.574402458840415
3.7171173437730047,-0.2711526296344998,-1.5744141018548374
3.7189130526347305,-0.26267736642442685,-1.5743850261961905
3.7207087614964567,-0.2541698040348809,-1.5743152116955859
3.722504470358183,-0.24563054506907586,-1.5742046398977279
3.724300179219909,-0.23706019407834852,-1.5740532940772298
3.726095888081635,-0.22845935749809324,-1.5738611592548941
3.727891596943361,-0.21982864358357027,-1.573628222213923
3.7296873058050872,-0.21116866234566317,-1.5733544715161063
3.7314830146668134,-0.2024800254865276,-1.5730398975179392
3.733278723528539,-0.1937633463351806,-1.5726844923866787
3.7350744323902654,-0.18501923978302873,-1.5722882501163566
3.7368701412519916,-0.17624832221935702,-1.5718511665437016
3.7386658501137178,-0.16745121146676775,-1.5713732393640027
3.7404615589754435,-0.15862852671659597,-1.5708544681469085
3.7422572678371697,-0.1497808884642912,-1.570294854352114
3.744052976698896,-0.14090891844481482,-1.5696944013449996
3.745848685560622,-0.1320132395680138,-1.5690531144121573
3.747644394422348,-0.12309447585401727,-1.5683710007768372
3.749440103284074,-0.11415325236863093,-1.5676480696142854
3.7512358121458003,-0.10519019515880068,-1.5668843320669938
3.7530315210075265,-0.09620593118806321,-1.5660798012598252
3.7548272298692527,-0.08720108827209014,-1.565234492315053
3.7566229387309784,-0.07817629501425703,-1.564348422367266
3.7584186475927046,-0.0691321807412871,-1.5634216105781522
3.760214356454431,-0.06006937543898681,-1.5624540781511822
3.762010065316157,-0.050988509688045344,-1.5614458483461338
3.7638057741778828,-0.04189021459994006,-1.5603969464935137
3.765601483039609,-0.032775121752933845,-1.5593074000088112
3.767397191901335,-0.023643863128213254,-1.55817723840664
3.7691929007630613,-0.014497071046115893,-1.5570064933147179
3.770988609624787,-0.005335378102510518,-1.5557951984876905
3.7727843184865133,0.00384058289469598,-1.5545433898208192
3.7745800273482395,0.013030178988881667,-1.5532511053634916
3.7763757362099657,0.02223277713789876,-1.5519183853325815
3.7781714450716914,0.03144774427707344,-1.5505452721256257
3.7799671539334176,0.04067444738204833,-1.5491318103338476
3.781762862795144,0.04991225353142112,-1.5476780467549887
3.78355857165687,0.059160529969200494,-1.5461840304059598
3.785354280518596,0.06841864416705119,-1.544649812535316
3.787149989380322,0.07768596388634835,-1.54307544663553
3.788945698242048,0.08696185723997202,-1.54146098845508
3.7907414071037744,0.09624569275391215,-1.539806496010335
3.7925371159655,0.10553683942861038,-1.538112029597232
3.7943328248272263,0.11483466680007819,-1.536377651802753
3.7961285336889525,0.12413854500073371,-1.534603427516187
3.7979242425506787,0.13344784481999913,-1.5327894239401734
3.7997199514124045,0.14276193776461474,-1.5309357106015318
3.8015156602741307,0.15208019611868775,-1.5290423593618563
3.803311369135857,0.1614019930034327,-1.5271094444278925
3.805107077997583,0.17072670243663618,-1.5251370423616664
3.806902786859309,0.1800536993918076,-1.5231252320903974
3.808698495721035,0.18938235985703758,-1.5210740949161488
3.8104942045827612,0.19871206089350396,-1.5189837145252367
3.8122899134444874,0.20804218069368682,-1.5168541769974044
3.814085622306213,0.21737209863922857,-1.5146855708147222
3.8158813311679394,0.2267011953584683,-1.5124779868702418
3.8176770400296656,0.23602885278360802,-1.5102315184763841
3.8194727488913918,0.24535445420754143,-1.5079462613730659
3.821268457753118,0.25467738434030857,-1.505622313735545
3.8230641666148437,0.2639970293651864,-1.5032597761820046
3.82485987547657,0.2733127769944059,-1.5008587517808551
3.826655584338296,0.28262401652446467,-1.4984193460577466
3.8284512932000223,0.2919301388910734,-1.4959416670023131
3.830247002061748,0.3012305367236891,-1.4934258250746022
3.8320427109234743,0.3105246043996528,-1.4908719332112486
3.8338384197852005,0.31981173809790386,-1.4882801068313016
3.8356341286469267,0.3290913358522897,-1.485650463841802
3.8374298375086524,0.338362797604438,-1.4829831246430212
3.8392255463703786,0.347625525256222,-1.480278212133407
3.841021255232105,0.3568789227217501,-1.477535851714212
3.842816964093831,0.36612239597894947,-1.4747561712938198
3.8446126729555568,0.37535535312068313,-1.4719393012917352
3.846408381817283,0.3845772044054206,-1.469085374642263
3.848204090679009,0.3937873623074295,-1.4661945267978658
3.8499997995407353,0.40298524156652465,-1.4632668957321873
3.851795508402461,0.41217025923732525,-1.460302621942751
3.8535912172641873,0.42134183473806086,-1.457301848453306
3.8553869261259135,0.4304993898988519,-1.4542647208158677
3.8571826349876397,0.4396423490095436,-1.4511913871123825
3.8589783438493654,0.44877013886702155,-1.4480819979560875
3.8607740527110916,0.45788218882204745,-1.4449367064924834
3.862569761572818,0.46697793082556266,-1.4417556683999808
3.864365470434544,0.4760567994745153,-1.4385390418902029
3.86616117929627,0.48511823205714905,-1.435286987707907
3.867956888157996,0.4941616685977966,-1.4319996691305714
3.869752597019722,0.5031865519011197,-1.428677251967609
3.8715483058814484,0.5121923275958613,-1.4253199045592257
3.873344014743174,0.5211784441780233,-1.4219277977749125
3.8751397236049003,0.530144353053554,-1.418501105011555
3.8769354324666265,0.5390895085804531,-1.4150400021912009
3.8787311413283527,0.5480133681103596,-1.4115446677584278
3.8805268501900785,0.5569153920295833,-1.4080152826773644
3.8823225590518047,0.5657950437995971,-1.404452030428289
3.884118267913531,0.5746517899969416,-1.4008550970039098
3.885913976775257,0.5834851003526083,-1.3972246709052127
3.887709685636983,0.5922944477908377,-1.393560943136955
3.889505394498709,0.6010793084673666,-1.3898641072027567
3.891301103360435,0.6098391618070875,-1.38613435909983
3.8930968122221614,0.618573490541156,-1.3823718973132797
3.8948925210838876,0.6272817807435086,-1.3785769228100582
3.8966882299456134,0.6359635218668104,-1.3747496390325005
3.8984839388073396,0.6446182067778273,-1.3708902518914692
3.9002796476690658,0.6532453317921937,-1.3669989697591203
3.902075356530792,0.6618443967086224,-1.3630760034612464
3.9038710653925177,0.6704149048424971,-1.3591215662692524
3.905666774254244,0.6789563630589103,-1.355135873891708
3.90746248311597,0.6874682818050679,-1.3511191444655126
3.9092581919776963,0.6959501751421276,-1.3470715985466648
3.911053900839422,0.7044015607764276,-1.3429934591006087
3.9128496097011483,0.7128219600901314,-1.3388849514922014
3.9146453185628745,0.7212108981712434,-1.334746303475264
3.9164410274246007,0.7295679038430481,-1.3305777451817298
3.9182367362863264,0.7378925096929392,-1.326379509110394
3.9200324451480526,0.7461842521006439,-1.3221518301152484
3.921828154009779,0.75444267126583,-1.3178949453934135
3.923623862871505,0.7626673112351163,-1.3136090944726717
3.9254195717332308,0.7708577199284746,-1.3092945191985828
3.927215280594957,0.7790134491650241,-1.3049514637212003
3.929010989456683,0.7871340546881954,-1.3005801744813792
3.9308066983184093,0.7952190961903102,-1.296180900196671
3.932602407180135,0.8032681373365342,-1.291753891846826
3.9343981160418613,0.8112807457882227,-1.2872994026588647
3.9361938249035875,0.8192564932256454,-1.2828176880917732
3.9379895337653137,0.8271949553701036,-1.2783090058207662
3.9397852426270394,0.8350957120054414,-1.2737736157211625
3.9415809514887656,0.8429583469989327,-1.269211779851827
3.943376660350492,0.8507824483215553,-1.2646237624382548
3.945172369212218,0.8585676080676554,-1.2600098298552094
3.946968078073944,0.8663134224740042,-1.2553702506089697
3.94876378693567,0.87401949193823,-1.2507052953191795
3.950559495797396,0.881685421036649,-1.2460152367002983
3.9523552046591224,0.88931081854147,-1.2413003495426331
3.954150913520848,0.8968952974374105,-1.236560910692993
3.9559466223825743,0.9044384749376857,-1.2317971990349306
3.9577423312443005,0.9119399724993862,-1.2270094954685904
3.9595380401060267,0.9193994158382625,-1.2221980828901662
3.961333748967753,0.9268164349428849,-1.2173632461709545
3.9631294578294787,0.9341906640882122,-1.2125052721360232
3.964925166691205,0.9415217418485495,-1.2076244495424853
3.966720875552931,0.9488093111099003,-1.2027210690573824
3.9685165844146573,0.9560530190817135,-1.1977954232351933
3.970312293276383,0.9632525173080438,-1.1928478064949357
3.972108002138109,0.9704074616781073,-1.1878785150968876
3.9739037109998354,0.977517512436226,-1.1828878471189588
3.9756994198615616,0.9845823341912006,-1.177876102432638
3.9774951287232874,0.9916015959250712,-1.172843582678593
3.9792908375850136,0.9985749710013077,-1.1677905912418813
3.9810865464467398,1.005502137172387,-1.1627174332268
3.982882255308466,1.012382776586799,-1.1576244154313553
3.9846779641701917,1.019216575795469,-1.152511846321378
3.986473673031918,1.0260032257575966,-1.1473800360042528
3.988269381893644,1.0327424218459054,-1.1422292962023157
3.9900650907553703,1.039433863851335,-1.1370599402258645
3.991860799617096,1.04607725598714,-1.131872282945837
3.9936565084788223,1.0526723068924408,-1.1266666407661117
3.9954522173405485,1.059218729635176,-1.1214433315954928
3.9972479262022746,1.0657162417145207,-1.1162026748193117
3.9990436350640004,1.072164565062725,-1.1109449912707259
4.000839343925727,1.0785634260463972,-1.1056706032016188
4.002635052787452,1.0849125554672225,-1.1003798342532578
4.0044307616491785,1.0912116885621694,-1.0950730094265089
4.006226470510905,1.0974605650030824,-1.0897504550518122
4.008022179372631,1.1036589288957785,-1.084412498758789
4.009817888234357,1.109806528778595,-1.0790594694455409
4.011613597096083,1.1159031176203782,-1.0736916972476231
4.0134093059578095,1.1219484528179615,-1.0683095135067169
4.015205014819536,1.1279422961931007,-1.0629132507389834
4.017000723681261,1.133884413988874,-1.0575032426031283
4.018796432542987,1.1397745768655894,-1.0520798238681337
4.020592141404713,1.1456125598961395,-1.0466433303807317
4.02238785026644,1.1513981425608546,-1.041194099032575
4.024183559128166,1.1571311087418554,-1.0357324677270985
4.025979267989892,1.1628112467168845,-1.030258775346131
4.027774976851618,1.1684383491526418,-1.0247733617162085
4.029570685713344,1.1740122130976252,-1.0192765675746198
4.031366394575071,1.17953263997447,-1.013768734535186
4.033162103436796,1.1849994355718105,-1.0082502050537807
4.034957812298522,1.1904124100356424,-1.0027213223935751
4.036753521160248,1.1957713778602257,-0.9971824305900524
4.0385492300219745,1.2010761578784912,-0.9916338744157646
4.040344938883701,1.2063265732519894,-0.9860759993448369
4.042140647745427,1.2115224514603709,-0.9805091515172556
4.043936356607153,1.2166636242904074,-0.974933677702897
4.045732065468879,1.22174992782456,-0.9693499252653591
4.047527774330605,1.226781202429078,-0.9637582421255496
4.049323483192331,1.231757292741687,-0.9581589767250617
4.051119192054057,1.2366780476588004,-0.9525524779893578
4.052914900915783,1.2415433203223025,-0.9469390952907221
4.054710609777509,1.2463529681059342,-0.9413191784110336
4.056506318639236,1.2511068526012086,-0.935693077504343
4.058302027500962,1.2558048396029236,-0.9300611430592547
4.060097736362688,1.2604467990942796,-0.9244237258611341
4.061893445224413,1.2650326052315408,-0.9187811769541427
4.0636891540861395,1.2695621363283542,-0.9131338476030944
4.065484862947866,1.2740352748396089,-0.9074820892551615
4.067280571809592,1.2784519073449445,-0.9018262535014149
4.069076280671318,1.2828119245318519,-0.8961666920382189
4.070871989533044,1.2871152211783923,-0.8905037566284761
4.0726676983947705,1.291361696135552,-0.8848377990627402
4.074463407256497,1.295551252309212,-0.8791691711201979
4.076259116118222,1.2996837966417552,-0.8734982245295211
4.078054824979948,1.3037592400933267,-0.867825310929597
4.079850533841674,1.3077774976227112,-0.8621507818301678
4.081646242703401,1.311738488167889,-0.8564749885723351
4.083441951565127,1.3156421346262461,-0.8507982822889858
4.085237660426853,1.3194883638344221,-0.8451210138651268
4.087033369288579,1.323277106547862,-0.8394435338981153
4.088829078150305,1.327008297420015,-0.8337661926578345
4.090624787012031,1.3306818749812237,-0.8280893400467819
4.092420495873757,1.3342977816173134,-0.8224133255600956
4.094216204735483,1.3378559635478342,-0.816738498245533
4.096011913597209,1.3413563708040497,-0.8110652066633833
4.0978076224589355,1.3447989572065897,-0.805393798846348
4.099603331320662,1.3481836803428344,-0.7997246222593728
4.101399040182388,1.3515105015440094,-0.7940580237594633
4.103194749044114,1.3547793858619959,-0.7883943495554698
4.10499045790584,1.3579903020458792,-0.7827339451678519
4.106786166767566,1.3611432225182116,-0.7770771553884497
4.108581875629292,1.364238123351052,-0.7714243242402288
4.110377584491018,1.3672749842416965,-0.7657757949370649
4.112173293352744,1.3702537884882076,-0.7601319098435053
4.11396900221447,1.3731745229646743,-0.7544930104345808
4.115764711076197,1.376037178096256,-0.748859437255621
4.117560419937923,1.378841747833964,-0.7432315298821224
4.119356128799649,1.3815882296292552,-0.7376096268796448
4.121151837661374,1.384276624408381,-0.7319940657637725
4.1229475465231005,1.3869069365465256,-0.7263851829601062
4.124743255384827,1.3894791738417538,-0.7207833137643519
4.126538964246553,1.3919933474887387,-0.7151887923024582
4.128334673108279,1.3944494720523086,-0.709601951490832
4.130130381970005,1.396847565440794,-0.7040231229966544
4.1319260908317315,1.3991876488791928,-0.6984526371982784
4.133721799693458,1.4014697468821744,-0.69289082314573
4.135517508555183,1.4036938872268854,-0.6873380085213199
4.137313217416909,1.405860100925615,-0.681794519600359
4.139108926278635,1.4079684221982804,-0.6762606812120256
4.140904635140362,1.4100188884447786,-0.6707368167003238
4.142700344002088,1.4120115402171691,-0.6652232478852121
4.144496052863814,1.4139464211917352,-0.6597202950238553
4.14629176172554,1.4158235781408939,-0.6542282767720453
4.148087470587266,1.4176430609049888,-0.6487475101457636
4.149883179448992,1.4194049223639396,-0.6432783104829327
4.151678888310718,1.4211092184087974,-0.6378209914053172
4.153474597172444,1.422756007913162,-0.6323758647806307
4.15527030603417,1.4243453527045151,-0.6269432406848154
4.1570660148958964,1.4258773175354338,-0.6215234273645223
4.158861723757623,1.427351970054722,-0.6161167311997992
4.160657432619349,1.4287693807784394,-0.6107234566669802
4.162453141481075,1.430129623060855,-0.6053439063018087
4.1642488503428,1.4314327730653187,-0.5999783806627709
4.1660445592045265,1.4326789097350612,-0.59462717829466
4.167840268066253,1.4338681147639243,-0.5892905956924042
4.169635976927979,1.4350004725670142,-0.5839689272651158
4.171431685789705,1.4360760702513446,-0.5786624653004042
4.173227394651431,1.4370949975863676,-0.5733714999289484
4.1750231035131575,1.4380573469745,-0.5680963190893444
4.176818812374884,1.4389632134215915,-0.5628372084932192
4.17861452123661,1.4398126945073746,-0.557594451590628
4.180410230098335,1.4406058903558543,-0.5523683295357518
4.182205938960061,1.4413429036057093,-0.547159121152868
4.184001647821788,1.4420238393806408,-0.5419671029026557
4.185797356683514,1.4426488052597355,-0.536792548848782
4.18759306554524,1.4432179112477945,-0.5316357306248226
4.189388774406966,1.4437312697456783,-0.5264969174015002
4.191184483268692,1.444188995520638,-0.5213763758542466
4.192980192130419,1.4445912056766588,-0.5162743701311217
4.194775900992144,1.4449380196248227,-0.5111911618210512
4.19657160985387,1.4452295590536635,-0.5061270099224262
4.198367318715596,1.4454659478995682,-0.5010821708120692
4.2001630275773225,1.4456473123172018,-0.49605689821454574
4.201958736439049,1.4457737806499247,-0.4910514431718547
4.203754445300775,1.4458454834003094,-0.4860660540134924
4.205550154162501,1.445862553200635,-0.48110097632690413
4.207345863024227,1.4458251247834746,-0.47615645292831016
4.209141571885953,1.4457333349522854,-0.47123272383395176
4.210937280747679,1.4455873225521092,-0.466330026231698
4.212732989609405,1.445387228440266,-0.4614485944531091
4.214528698471131,1.445133195457171,-0.4565886599458725
4.216324407332857,1.4448253683971757,-0.45175045124667423
4.218120116194584,1.4444638939794936,-0.44693419395449707
4.21991582505631,1.4440489208192193,-0.44214011070433673
4.221711533918036,1.4435805993983903,-0.4373684211413745
4.223507242779761,1.443059082037167,-0.4326193418955673
4.2253029516414875,1.442484522865083,-0.4278930865567037
4.227098660503214,1.4418570777923954,-0.4231898656499079
4.22889436936494,1.4411769044815261,-0.4185098866115976
4.230690078226666,1.4404441623186017,-0.41385335376590904
4.232485787088392,1.4396590123850996,-0.4092204683015907
4.2342814959501185,1.4388216174296122,-0.4046114282493714
4.236077204811845,1.4379321418397069,-0.400026428459806
4.23787291367357,1.4369907516139035,-0.3954656605816116
4.239668622535296,1.4359976143337858,-0.3909293130404746
4.241464331397022,1.4349528991362113,-0.3864175710183787
4.243260040258749,1.433856776685676,-0.38193061643341747
4.245055749120475,1.4327094191467868,-0.37746862792009817
4.246851457982201,1.4315110001568627,-0.373031780810182
4.248647166843927,1.4302616947987015,-0.36862024711401054
4.250442875705653,1.4289616795734663,-0.36423419550236513
4.25223858456738,1.4276111323737024,-0.359873791288841
4.254034293429105,1.426210232456529,-0.3555391964127523
4.255830002290831,1.4247591604169627,-0.35123056942255276
4.257625711152557,1.4232580981613907,-0.3469480654598139
4.2594214200142835,1.421707228881218,-0.34269183624371996
4.26121712887601,1.4201067370266574,-0.338462030056109
4.263012837737736,1.4184568082806683,-0.33425879172707346
4.264808546599462,1.4167576295331041,-0.33008226262108625
4.266604255461188,1.4150093888549726,-0.3259325806236991
4.268399964322914,1.4132122754729086,-0.3218098801287862
4.27019567318464,1.4113664797437855,-0.3177142920263464
4.271991382046366,1.4094721931295384,-0.31364594369088294
4.273787090908092,1.407529608172123,-0.3096049589703266
4.275582799769818,1.4055389184686917,-0.3055914581755442
4.277378508631545,1.4035003186469173,-0.3016055580704098
4.279174217493271,1.4014140043405414,-0.2976473718624574
4.280969926354997,1.3992801721650727,-0.2937170091941014
4.282765635216722,1.3970990196936954,-0.2898145761344513
4.2845613440784485,1.3948707454333498,-0.28594017517168513
4.286357052940175,1.3925955488010422,-0.2820939052060384
4.288152761801901,1.3902736301003074,-0.2782758615433521
4.289948470663627,1.387905190497889,-0.27448613588922693
4.291744179525353,1.3854904320006343,-0.27072481634375956
4.2935398883870795,1.3830295574325513,-0.2669919873968776
4.295335597248806,1.3805227704121068,-0.2632877299242617
4.297131306110531,1.377970275329703,-0.2596121211838831
4.298927014972257,1.3753722773253827,-0.2559652348131042
4.300722723833983,1.3727289822667106,-0.25234714082642007
4.3025184326957095,1.3700405967268994,-0.2487579056137711
4.304314141557436,1.3673073279631247,-0.24519759193946955
4.306109850419162,1.3645293838950567,-0.24166625894172916
4.307905559280888,1.3617069730836064,-0.23816396213279528
4.309701268142614,1.358840304709891,-0.23469075339968526
4.31149697700434,1.3559295885544027,-0.23124668100553059
4.313292685866066,1.3529750349764091,-0.22783178959152434
4.315088394727792,1.3499768548935633,-0.22444612017948756
4.316884103589518,1.3469352597617434,-0.2210897101750246
4.318679812451244,1.3438504615550935,-0.2177625933713031
4.320475521312971,1.3407226727463035,-0.21446479995343276
4.322271230174697,1.3375521062871072,-0.2111963565034533
4.324066939036423,1.3343389755889987,-0.20795728600593422
4.325862647898149,1.3310834945041798,-0.20474760785417845
4.3276583567598745,1.3277858773067213,-0.20156733785704
4.329454065621601,1.324446338673962,-0.1984164882463335
4.331249774483327,1.3210650936681252,-0.19529506768487181
4.333045483345053,1.3176423577181662,-0.19220308127509594
4.334841192206779,1.3141783466018484,-0.18914053056830782
4.3366369010685055,1.3106732764280316,-0.1861074135745197
4.338432609930232,1.30712736361921,-0.18310372477289288
4.340228318791958,1.3035408248942688,-0.18012945512278977
4.342024027653683,1.2999138772514616,-0.17718459207542125
4.343819736515409,1.2962467379516271,-0.17426911958608898
4.345615445377136,1.2925396245016345,-0.17138301812703927
4.347411154238862,1.2887927546380453,-0.16852626470089915
4.349206863100588,1.2850063463110244,-0.16569883285471382
4.351002571962314,1.2811806176684613,-0.16290069269457574
4.35279828082404,1.2773157870403322,-0.16013181090084266
4.354593989685767,1.2734120729232865,-0.15739215074394725
4.356389698547492,1.2694696939654555,-0.1546816721007927
4.358185407409218,1.2654888689515076,-0.1520003314717176
4.359981116270944,1.2614698167879208,-0.14934808199807803
4.3617768251326705,1.2574127564884732,-0.14672487348036645
4.363572533994397,1.2533179071599871,-0.14413065239693446
4.365368242856123,1.249185487988275,-0.14156536192327512
4.367163951717849,1.2450157182243244,-0.13902894195188614
4.368959660579575,1.2408088171707221,-0.1365213291126906
4.370755369441301,1.236565004168272,-0.13404245679402704
4.372551078303027,1.232284498582867,-0.13159225516419543
4.374346787164753,1.2279675197925815,-0.12917065119357152
4.376142496026479,1.2236142871749789,-0.12677756867725976
4.377938204888205,1.2192250200946497,-0.12441292825830819
4.379733913749932,1.2147999378909706,-0.12207664745145946
4.381529622611658,1.2103392598660847,-0.11976864066745985
4.383325331473384,1.2058432052731078,-0.1174888192378869
4.38512104033511,1.2013119933045562,-0.11523709144052491
4.3869167491968355,1.1967458430809887,-0.11301336252527094
4.388712458058562,1.1921449736398662,-0.11081753474055267
4.390508166920288,1.1875096039246391,-0.10864950736028745
4.392303875782014,1.1828399527740505,-0.10650917671134202
4.39409958464374,1.1781362389116388,-0.10439643620151257
4.3958952935054665,1.173398680935489,-0.1023111763480094
4.397691002367193,1.168627497308158,-0.10025328480644036
4.399486711228919,1.1638229063468404,-0.09822264640030487
4.401282420090644,1.1589851262137463,-0.0962191431509617
4.40307812895237,1.1541143749066667,-0.09424265430809636
4.404873837814097,1.149210870249779,-0.09229305638067187
4.406669546675823,1.1442748298846388,-0.09037022316834059
4.408465255537549,1.1393064712613858,-0.08847402579335245
4.410260964399275,1.1343060116301578,-0.08660433273290097
4.412056673261001,1.1292736680327033,-0.0847610098519469
4.413852382122728,1.1242096572942093,-0.08294392043649063
4.415648090984453,1.1191141960153157,-0.08115292522729328
4.417443799846179,1.1139875005643318,-0.07938788245403322
4.419239508707905,1.1088297870696742,-0.07764864786991205
4.4210352175696315,1.103641271412471,-0.07593507478667322
4.422830926431358,1.0984221692193785,-0.07424701411006274
4.424626635293084,1.0931726958555952,-0.07258431437568863
4.42642234415481,1.0878930664180602,-0.07094682178530198
4.428218053016536,1.0825834957288512,-0.06933438024347899
4.430013761878262,1.077244198328761,-0.06774683139470355
4.431809470739988,1.0718753884710714,-0.06618401466082868
4.433605179601714,1.066477280115521,-0.06464576727894034
4.43540088846344,1.0610500869224406,-0.06313192433958237
4.437196597325166,1.0555940222470848,-0.061642318825357256
4.4389923061868926,1.050109299134142,-0.060176781649890765
4.440788015048619,1.0445961303124216,-0.05873514169714922
4.442583723910345,1.0390547281897249,-0.057317225861108156
4.44437943277207,1.0334853048478896,-0.05592285908576028
4.4461751416337965,1.0278880720380168,-0.05455186440545512
4.447970850495523,1.022263241175857,-0.0532040629855719
4.449766559357249,1.016611023337378,-0.051879274163503575
4.451562268218975,1.0109316292545045,-0.05057731548995209
4.453357977080701,1.005225269311027,-0.04929800277053925
4.455153685942427,0.9994921535386572,-0.04804115010769372
4.456949394804154,0.9937324916132734,-0.04680656994284238
4.45874510366588,0.9879464928513275,-0.04559407309887448
4.460540812527605,0.9821343662063857,-0.044403468822878156
4.462336521389331,0.976296320265858,-0.043234564829141287
4.4641322302510575,0.9704325632478727,-0.04208716734241169
4.465927939112784,0.9645433029983127,-0.040961081141400846
4.46772364797451,0.9586287469879947,-0.03985610960252922
4.469519356836236,0.9526891023100048,-0.03877205474390344
4.471315065697962,0.946724575677191,-0.03770871726951558
4.4731107745596885,0.9407353734198013,-0.036665896613658655
4.474906483421414,0.9347217014832641,-0.03564339098554864
4.47670219228314,0.9286837654260983,-0.03464099741414095
4.478497901144866,0.9226217704180151,-0.033658511793143
4.480293610006592,0.9165359212381008,-0.032695728926202205
4.482089318868319,0.910426422273179,-0.03175244257226828
4.483885027730045,0.9042934775162911,-0.030828445491120904
4.485680736591771,0.8981372905653228,-0.029923529489048306
4.487476445453497,0.8919580646217541,-0.029037485464678214
4.4892721543152225,0.8857560024895514,-0.028170103454941475
4.491067863176949,0.8795313065741711,-0.027321172681165795
4.492863572038675,0.8732841788817197,-0.02649048159529266
4.494659280900401,0.8670148210182159,-0.025677817926201774
4.496454989762127,0.8607234341889801,-0.02488296872613821
4.4982506986238535,0.8544102191981569,-0.024105720417236354
4.50004640748558,0.84807537644835,-0.023345858838124345
4.501842116347306,0.8417191059403737,-0.022603169290607183
4.503637825209031,0.8353416072731317,-0.02187743658641439
4.505433534070757,0.828943079643587,-0.021168445094006227
4.507229242932484,0.8225237218468859,-0.020475978785430116
4.50902495179421,0.8160837322765527,-0.019799821283212615
4.510820660655936,0.8096233089248107,-0.019139755907286393
4.512616369517662,0.8031426493830139,-0.018495565721935947
4.514412078379388,0.7966419508421811,-0.01786703358275632
4.516207787241115,0.7901214100936264,-0.017253942183615756
4.51800349610284,0.783581223529715,-0.016656074103612473
4.519799204964566,0.7770215871446795,-0.016073211854015113
4.521594913826292,0.7704426965355836,-0.015505137925181933
4.5233906226880185,0.7638447469033459,-0.01495163483344486
4.525186331549745,0.7572279330538695,-0.014412485167951516
4.526982040411471,0.7505924493992758,-0.013887471637457738
4.528777749273197,0.7439384899592162,-0.013376377117056526
4.530573458134923,0.7372662483622757,-0.012878984694841777
4.5323691669966495,0.7305759178474771,-0.012395077718489411
4.534164875858375,0.72386769126586,-0.011924439841753232
4.535960584720101,0.717141761082139,-0.011466855070864146
4.537756293581827,0.7103983193764712,-0.011022107810821802
4.539552002443553,0.7036375578462782,-0.010589982911574203
4.54134771130528,0.6968596678081631,-0.010170265714070925
4.543143420167006,0.6900648401999002,-0.00976274209618494
4.544939129028732,0.6832532655825048,-0.009367198518492437
4.546734837890458,0.676425134142375,-0.008983422069901936
4.5485305467521835,0.6695806356935217,-0.008611200513123418
4.55032625561391,0.6627199596798345,-0.008250322329968807
4.552121964475636,0.6558432951774682,-0.007900576766476153
4.553917673337362,0.6489508308972611,-0.007561753877845467
4.555713382199088,0.6420427551872407,-0.007233644573180875
4.5575090910608145,0.6351192560351775,-0.006916040660029543
4.559304799922541,0.6281805210712229,-0.0066087348887048925
4.561100508784267,0.6212267375706012,-0.006311520996391817
4.562896217645992,0.6142580924563721,-0.006024193751020257
4.564691926507718,0.6072747723022194,-0.0057465489948992365
4.566487635369445,0.6002769633353624,-0.005478383688105437
4.568283344231171,0.5932648514394664,-0.0052194959516152495
4.570079053092897,0.5862386221576398,-0.004969685110170874
4.571874761954623,0.579198460695472,-0.004728751734876746
4.573670470816349,0.5721445519241372,-0.0044964976855106364
4.575466179678076,0.565077080383549,-0.004272726152550532
4.577261888539801,0.557996230285556,-0.004057241698897984
4.579057597401527,0.5509021855171824,-0.003849850301299307
4.580853306263253,0.5437951296439603,-0.003650359391451252
4.5826490151249795,0.53667524591325,-0.0034585778967811676
4.584444723986706,0.5295427172576439,-0.0032743162809065196
4.586240432848432,0.5223977262984081,-0.0030973865837415904
4.588036141710158,0.5152404553489619,-0.002927602461269274
4.589831850571884,0.508071086418407,-0.0027647792249532177
4.59162755943361,0.5008898012150981,-0.002608733880790054
4.593423268295336,0.49369678115023563,-0.002459285167987879
4.595218977157062,0.4864922073415364,-0.002316253597275275
4.597014686018788,0.47927626061690215,-0.002179461488814982
4.598810394880514,0.4720491215181543,-0.002048733009732129
4.6006061037422405,0.464810970304784,-0.0019238942112402013
4.602401812603967,0.45756198695775246,-0.001804773065358839
4.604197521465693,0.45030235118331696,-0.0016911995012177383
4.605993230327419,0.44303224241689576,-0.0015830054409381455
4.6077889391891445,0.43575183982696697,-0.001480024835085636
4.609584648050871,0.4284613223189733,-0.0013820936976862708
4.611380356912597,0.42116086853930346,-0.0012890501407982757
4.613176065774323,0.413850656879267,-0.0012007344086385485
4.614971774636049,0.40653086547910666,-0.0011169889112457587
4.616767483497775,0.3992016722320379,-0.0010376582576844262
4.618563192359502,0.3918632547883258,-0.0009625892887775156
4.620358901221228,0.3845157905593716,-0.0008916311093621065
4.622154610082953,0.37715945672183854,-0.0008246351200625612
4.623950318944679,0.3697944302217817,-0.0007614550485740001
4.6257460278064055,0.36242088777883547,-0.0007019469804496192
4.627541736668132,0.35503900589039256,-0.0006459693893876572
4.629337445529858,0.3476489608358141,-0.00059338316700841
4.631133154391584,0.3402509286806686,-0.0005440516521195982
4.63292886325331,0.33284508528098367,-0.0004978406594606244
4.6347245721150365,0.3254316062875181,-0.0004546185079220555
4.636520280976762,0.3180106671500594,-0.00041425604823419615
4.638315989838488,0.3105824431217245,-0.0003766266901187032
4.640111698700214,0.30314710926330524,-0.00034160642889893844
4.64190740756194,0.2957048404476047,-0.0003090738715621766
4.643703116423667,0.28825581136379974,-0.00027891026227014337
4.645498825285393,0.2808001965218243,-0.00025099950731141685
4.647294534147119,0.2733381702567606,-0.00022522819949188921
4.649090243008845,0.26586990673324895,-0.0002014856419566835
4.6508859518705705,0.25839557994991447,-0.0001796638714412213
4.652681660732297,0.2509153637437931,-0.00015965768094454436
4.654477369594023,0.2434294317947969,-0.0001413646418214065
4.656273078455749,0.23593795763016856,-0.00012468512528865383
4.658068787317475,0.22844111462895392,-0.00010952232334142387
4.6598644961792015,0.2209390760264936,-9.578226907530629e-05
4.661660205040928,0.21343201491891736,-8.33738564094827e-05
4.663455913902654,0.20592010426765125,-7.220885920825038e-05
4.665251622764379,0.198403516903942,-6.220194979593419e-05
4.667047331626105,0.1908824255333681,-5.3270716862091616e-05
4.668843040487832,0.18335700274040018,-4.533568275333355e-05
4.670638749349558,0.1758274209929319,-3.832032014806919e-05
4.672434458211284,0.16829385264683472,-3.2151068111122005e-05
4.67423016707301,0.1607564699505241,-2.675734752476122e-05
4.676025875934736,0.15321544504952556,-2.207157589320663e-05
4.677821584796463,0.14567094999105687,-1.8029181517872916e-05
4.679617293658189,0.1381231567286065,-1.4568617039467657e-05
4.681413002519914,0.13057223712652669,-1.1631372346068702e-05
4.68320871138164,0.12301836296461986,-9.161986842545766e-06
4.6850044202433665,0.11546170594275966,-7.108061080444983e-06
4.686800129105093,0.10790243768548062,-5.420267745130658e-06
4.688595837966819,0.10034072974659725,-4.052361998338472e-06
4.690391546828545,0.09277675361382305,-2.9611911739613195e-06
4.692187255690271,0.08521068071338256,-2.1067038251873504e-06
4.6939829645519975,0.07764268241464506,-1.451958120866903e-06
4.695778673413723,0.07007293003475436,-9.631295901993409e-07
4.697574382275449,0.0625015948432435,-6.095182130232135e-07
4.699370091137175,0.054928848066694076,-3.6355485549810496e-07
4.701165799998901,0.04735486089335896,-2.008070489750713e-07
4.702961508860628,0.03977980447780446,-9.998411134790053e-08
4.704757217722354,0.03220384994555438,-4.2941609781910195e-08
4.70655292658408,0.024627168397735454,-1.4685163848837668e-08
4.708348635445806,0.017049930915717666,-3.373588346178291e-09
4.7101443443075315,0.009472308565768263,-3.2137520856317936e-10
4.711940053169258,0.0018944724036853047,-5.139477168500384e-13
4.713735762030984,-0.005683406520531437,-4.16502930235263e-11
4.71553147089271,-0.013261157158052215,-1.2345827953702537e-09
4.717327179754436,-0.020838608456558508,-7.528097291376046e-09
4.7191228886161625,-0.02841558935559586,-2.6029139262376266e-08
4.720918597477889,-0.0359919287819271,-6.700132424222738e-08
4.722714306339615,-0.043567455644885504,-1.4386278661057683e-07
4.72451001520134,-0.0511419988317235,-2.73183367132529e-07
4.726305724063066,-0.0587153872029834,-4.74681139912142e-07
4.728101432924793,-0.0662874495878321,-7.712182793703781e-07
4.729897141786519,-0.07385801477943363,-1.188796268029868e-06
4.731692850648245,-0.08142691153030862,-1.7565504463051829e-06
4.733488559509971,-0.08899396854769524,-2.506743905145159e-06
4.735284268371697,-0.0965590144889202,-3.4747607226756627e-06
4.7370799772334236,-0.10412187795676096,-4.699098546764868e-06
4.73887568609515,-0.11168238749482953,-6.221360524145958e-06
4.740671394956875,-0.1192403715829342,-8.086246578491163e-06
4.742467103818601,-0.12679565863248526,-1.0341544038630635e-05
4.7442628126803275,-0.13434807698185156,-1.3038117619323941e-05
4.746058521542054,-0.14189745489177005,-1.62298987559234e-05
4.74785423040378,-0.14944362054073704,-1.997387429580888e-05
4.749649939265506,-0.15698640202040712,-2.4330074548148395e-05
4.751445648127232,-0.16452562733100157,-2.936156069512086e-05
4.753241356988958,-0.17206112437671928,-3.513441156635655e-05
4.755037065850684,-0.17959272096115977,-4.171770977978717e-05
4.75683277471241,-0.1871202447827566,-4.918352725175046e-05
4.758628483574136,-0.19464352343019328,-5.7606910078555895e-05
4.760424192435862,-0.202162384377857,-6.706586279331406e-05
4.7622199012975885,-0.2096766549812933,-7.764133200099943e-05
4.764015610159315,-0.2171861624726498,-8.94171893944945e-05
4.765811319021041,-0.224690733956161,-0.00010248021415586173
4.767607027882767,-0.23219019640360847,-0.00011692007474571608
4.769402736744492,-0.2396843766498215,-0.00013282931008454235
4.771198445606219,-0.2471731013881706,-0.00015030331013000942
4.772994154467945,-0.2546561971660717,-0.00016944029585347353
4.774789863329671,-0.262133490380507,-0.00019034129862097182
4.776585572191397,-0.2696048072735563,-0.00021311013897981623
4.778381281053123,-0.2770699739279438,-0.00023785340486154327
4.78017698991485,-0.28452881626259324,-0.0002646804291959459
4.781972698776576,-0.29198116002819346,-0.0002937032669496631
4.783768407638301,-0.2994268308027838,-0.0003250366715890074
4.785564116500027,-0.30686565398736515,-0.0003587980709727212
4.7873598253617535,-0.3142974548014894,-0.00039510754268029524
4.78915553422348,-0.32172205827890626,-0.0004340877887800132
4.790951243085206,-0.3291392892631997,-0.00047586411004141294
4.792746951946932,-0.33654897240346016,-0.0005205643795988257
4.794542660808658,-0.34395093214994854,-0.0005683190160694074
4.7963383696703845,-0.35134499274981007,-0.0006192609561325446
4.79813407853211,-0.35873097824277606,-0.00067352562657505
4.799929787393836,-0.36610871245691956,-0.0007312509158087233
4.801725496255562,-0.37347801900438465,-0.0007925771448644148
4.803521205117288,-0.3808387212771896,-0.00085764703787089
4.805316913979015,-0.3881906424430089,-0.0009266056920208543
4.807112622840741,-0.3955336054409978,-0.000999600547034435
4.808908331702467,-0.40286743297764616,-0.0010767813541219529
4.810704040564193,-0.4101919475226327,-0.001158300144455282
4.812499749425919,-0.417506971304728,-0.0012443111971527365
4.814295458287645,-0.4248123263077045,-0.0013349710067836473
4.816091167149371,-0.4321078342662979,-0.0014304382504001512
4.817886876011097,-0.4393933166621578,-0.0015308737541015471
4.819682584872823,-0.4466685947198629,-0.0016364404591390214
4.8214782937345495,-0.45393348940294104,-0.0017473033875664568
4.823274002596276,-0.46118782140993986,-0.0018636296074448777
4.825069711458002,-0.4684314111705015,-0.0019855881976074408
4.826865420319728,-0.4756640788415003,-0.002113350211991133
4.828661129181453,-0.48288564430318126,-0.0022470886435433657
4.83045683804318,-0.4900959271553673,-0.002386978387710542
4.832252546904906,-0.49729474671366314,-0.002533196205514149
4.834048255766632,-0.5044819220057226,-0.0026859206862246132
4.835843964628358,-0.5116572717675429,-0.002845332209637591
4.837639673490084,-0.5188206144398,-0.0030116129079620912
4.839435382351811,-0.5259717681642142,-0.0031849466273267124
4.841231091213537,-0.533110550779972,-0.0033655188889121224
4.843026800075262,-0.5402367798201608,-0.003553516849718552
4.844822508936988,-0.5473502725082944,-0.003749129262973605
4.8466182177987145,-0.5544508457548196,-0.003952546438190707
4.848413926660441,-0.5615383161537105,-0.004163960200884387
4.850209635522167,-0.5686124999791078,-0.0043835638519516
4.852005344383893,-0.5756732131819784,-0.004611552126726315
4.853801053245619,-0.5827202713868471,-0.004848121153715967
4.8555967621073455,-0.5897534898885687,-0.005093468413027213
4.857392470969071,-0.596772683649149,-0.005347792694489761
4.859188179830797,-0.6037776672946275,-0.00561129405548727
4.860983888692523,-0.6107682551119937,-0.005884173778502921
4.862779597554249,-0.6177442610461751,-0.006166634328384379
4.864575306415976,-0.624705498697083,-0.006458879309346965
4.866371015277702,-0.6316517813166965,-0.0067611134217097635
4.868166724139428,-0.6385829218062272,-0.007073542418385481
4.869962433001154,-0.6454987327133279,-0.007396373061123396
4.8717581418628795,-0.6523990262293646,-0.007729813076520209
4.873553850724606,-0.6592836141867698,-0.008074071111804526
4.875349559586332,-0.6661523080564271,-0.008429356690404566
4.877145268448058,-0.6730049189451458,-0.00879588016730648
4.878940977309784,-0.6798412575932041,-0.00917385268421389
4.8807366861715105,-0.6866611343719387,-0.009563486124517795
4.882532395033237,-0.6934643592814299,-0.00996499306808224
4.884328103894963,-0.700250741948244,-0.010378586745858676
4.886123812756689,-0.7070200916232483,-0.010804480994335897
4.887919521618414,-0.7137722171795075,-0.011242890209833767
4.889715230480141,-0.720506927110256,-0.011694029302653064
4.891510939341867,-0.7272240295269385,-0.012158113651083935
4.893306648203593,-0.7339233321573424,-0.012635359055290951
4.895102357065319,-0.7406046423438036,-0.013125981691075261
4.896898065927045,-0.747267767041493,-0.01363019806352811
4.8986937747887715,-0.7539125128168017,-0.014148224960582101
4.900489483650498,-0.7605386858457881,-0.014680279406471652
4.902285192512223,-0.7671460919127407,-0.015226578615109398
4.904080901373949,-0.773734536408805,-0.01578733994338971
4.9058766102356755,-0.7803038243307208,-0.016362780844424718
4.907672319097402,-0.7868537602796286,-0.016953118820727475
4.909468027959128,-0.7933841484600038,-0.01755857137734762
4.911263736820854,-0.7998947926786593,-0.01817935597496767
4.91305944568258,-0.8063854963438548,-0.018815689982973616
4.914855154544306,-0.8128560624645068,-0.0194677906325037
4.916650863406032,-0.8193062936495042,-0.020135874969488377
4.918446572267758,-0.825735992107122,-0.0208201598076887
4.920242281129484,-0.8321449596445302,-0.02152086168174222
4.92203798999121,-0.8385329976674277,-0.022238196800225707
4.9238336988529365,-0.8448999071797797,-0.022972380998745268
4.925629407714663,-0.8512454887836561,-0.023723629693059245
4.927425116576389,-0.8575695426791891,-0.024492157832248507
4.929220825438115,-0.8638718686646467,-0.02527817985193548
4.93101653429984,-0.8701522661366167,-0.02608190962756962
4.932812243161567,-0.8764105340903133,-0.026903560427782747
4.934607952023293,-0.8826464711200026,-0.027743344867821262
4.936403660885019,-0.8888598754195371,-0.028601474863072573
4.938199369746745,-0.8950505447830347,-0.02947816158268568
4.939995078608471,-0.9012182766056693,-0.030373615403300525
4.941790787470198,-0.9073628678845846,-0.03128804586289202
4.943586496331924,-0.9134841152199537,-0.032221661614739605
4.945382205193649,-0.9195818148161443,-0.03317467038152799
4.947177914055375,-0.9256557624830498,-0.03414727890959535
4.9489736229171015,-0.9317057536375131,-0.03513969292332075
4.950769331778828,-0.9377315833049245,-0.03615211707968935
4.952565040640554,-0.9437330461209339,-0.0371847549230061
4.95436074950228,-0.9497099363333141,-0.03823780883979938
4.956156458364006,-0.9556620478039626,-0.03931148001390583
4.9579521672257325,-0.9615891740110462,-0.04040596838174715
4.959747876087459,-0.9674911080512913,-0.041521472587813635
4.961543584949184,-0.9733676426424182,-0.042658189940350255
4.96333929381091,-0.9792185701257422,-0.04381631636727701
4.965135002672636,-0.9850436824688958,-0.04499604637231691
4.966930711534363,-0.9908427712687289,-0.04619757299137467
4.968726420396089,-0.9966156277543472,-0.04742108774915299
4.970522129257815,-1.002362042790327,-0.04866678061602242
4.972317838119541,-1.008081806880062,-0.04993483996515058
4.974113546981267,-1.013774710169296,-0.051225452529900184
4.975909255842993,-1.019440542449796,-0.052538803361501074
4.977704964704719,-1.0250790931632066,-0.053875075787012006
4.979500673566445,-1.030690151405058,-0.05523445136756494
4.981296382428171,-1.0362735059289472,-0.05661710985691781
4.9830920912898975,-1.041828945150881,-0.058023229160310774
4.984887800151624,-1.0473562571538073,-0.0594529852936323
4.98668350901335,-1.0528552296922975,-0.06090655234292358
4.988479217875076,-1.0583256501974114,-0.062384102424193844
4.990274926736801,-1.063767305781749,-0.06388580564358137
4.992070635598528,-1.0691799832446698,-0.06541183005786694
4.993866344460254,-1.0745634690776773,-0.06696234163532488
4.99566205332198,-1.079917549470023,-0.06853750421694299
4.997457762183706,-1.0852420103144476,-0.0701374794780058
4.999253471045432,-1.0905366372131478,-0.07176242689005297
5.001049179907159,-1.0958012154838972,-0.07341250368321495
5.002844888768885,-1.1010355301663766,-0.07508786480893687
5.00464059763061,-1.1062393660286742,-0.0767886629030991
5.006436306492336,-1.1114125075740078,-0.0785150482495362
5.0082320153540625,-1.1165547390475972,-0.0802671687439604
5.010027724215789,-1.1216658444437568,-0.08204516985830362
5.011823433077515,-1.12674560751319,-0.08384919460547752
5.013619141939241,-1.1317938117704638,-0.08567938350455973
5.015414850800967,-1.1368102405016776,-0.0875358745464127
5.0172105596626935,-1.1417946767723555,-0.08941880315974282
5.019006268524419,-1.1467469034355156,-0.09132830217760224
5.020801977386145,-1.1516667031399643,-0.09326450180434609
5.022597686247871,-1.1565538583387658,-0.09522752958303804
5.024393395109597,-1.1614081512979382,-0.09721751036332704
5.026189103971324,-1.1662293641053625,-0.09923456626978783
5.02798481283305,-1.1710172786798752,-0.10127881667073463
5.029780521694776,-1.1757716767805795,-0.10335037814751813
5.031576230556502,-1.1804923400163825,-0.10544936446430103
5.033371939418228,-1.1851790498557206,-0.10757588653832756
5.035167648279954,-1.1898315876365122,-0.1097300524106864
5.03696335714168,-1.194449734576323,-0.11191196721757762
5.038759066003406,-1.1990332717827297,-0.11412173316207458
5.040554774865132,-1.2035819802639254,-0.11635944948640276
5.0423504837268585,-1.2080956409395194,-0.11862521244473534
5.044146192588585,-1.21257403465157,-0.12091911527650634
5.045941901450311,-1.2170169421758326,-0.1232412481802368
5.047737610312037,-1.2214241442332114,-0.12559169828790406
5.049533319173762,-1.2257954215014566,-0.12797054963983362
5.0513290280354886,-1.2301305546270724,-0.1303778831601361
5.053124736897215,-1.234429324237441,-0.13281377663266825
5.054920445758941,-1.2386915109531664,-0.1352783046775589
5.056716154620667,-1.2429168954006709,-0.13777153872826797
5.058511863482393,-1.2471052582249684,-0.14029354700920277
5.0603075723441195,-1.2512563801027117,-0.14284439451389286
5.062103281205846,-1.255370041755434,-0.1454241429837173
5.063898990067571,-1.2594460239630152,-0.14803285088719298
5.065694698929297,-1.263484107577402,-0.15067057339985102
5.067490407791023,-1.2674840735365214,-0.15333736238464207
5.06928611665275,-1.2714457028784494,-0.15603326637294412
5.071081825514476,-1.2753687767557873,-0.1587583305461437
5.072877534376202,-1.279253076450279,-0.16151259671777485
5.074673243237928,-1.2830983833876481,-0.16429610331625716
5.076468952099654,-1.2869044791526694,-0.16710888536820895
5.07826466096138,-1.2906711455044695,-0.16995097448234114
5.080060369823106,-1.2943981643920557,-0.17282239883395495
5.081856078684832,-1.2980853179700658,-0.17572318315000357
5.083651787546558,-1.301732388614754,-0.17865334869476868
5.0854474964082845,-1.3053391589402132,-0.18161291325611956
5.087243205270011,-1.3089054118148111,-0.18460189113236375
5.089038914131737,-1.312430930377869,-0.18762029311971284
5.090834622993463,-1.315915498056553,-0.19066812650032244
5.092630331855189,-1.319358898583018,-0.19374539503094895
5.094426040716915,-1.3227609160117488,-0.1968520989322014
5.096221749578641,-1.32612133473717,-0.19998823487840445
5.098017458440367,-1.3294399395114305,-0.2031537959880479
5.099813167302093,-1.3327165154624667,-0.2063487718148555
5.101608876163819,-1.335950848112262,-0.20957314833946056
5.103404585025546,-1.3391427233953397,-0.21282690796167408
5.105200293887272,-1.3422919276774852,-0.2161100294933745
5.106996002748998,-1.3453982477746855,-0.2194224881519934
5.108791711610723,-1.3484614709723073,-0.22276425555461588
5.1105874204724495,-1.3514813850444793,-0.22613529971269308
5.112383129334176,-1.3544577782737128,-0.22953558502734783
5.114178838195902,-1.3573904394707375,-0.2329650722853
5.115974547057628,-1.3602791579945561,-0.23642371865540118
5.117770255919354,-1.3631237237727245,-0.2399114776857687
5.1195659647810805,-1.3659239273218495,-0.24342829930153514
5.121361673642807,-1.3686795597683055,-0.24697412980319966
5.123157382504532,-1.3713904128691494,-0.2505489118655851
5.124953091366258,-1.3740562790332955,-0.25415258453741063
5.126748800227984,-1.3766769513428523,-0.25778508324145083
5.128544509089711,-1.3792522235747073,-0.2614463397753189
5.130340217951437,-1.3817818902223045,-0.2651362823128353
5.132135926813163,-1.3842657465176464,-0.2688548354060113
5.133931635674889,-1.3867035884534995,-0.27260191998762534
5.135727344536615,-1.3890952128057987,-0.2763774533744008
5.137523053398341,-1.3914404171562653,-0.2801813492707768
5.139318762260067,-1.3937389999152237,-0.2840135177732891
5.141114471121793,-1.395990760344632,-0.28787386537551923
5.142910179983519,-1.3981954985812952,-0.29176229497366235
5.1447058888452455,-1.4003530156602855,-0.2956787058726683
5.146501597706972,-1.402463113538561,-0.2996229937929776
5.148297306568698,-1.404525595118779,-0.30359505087784133
5.150093015430424,-1.4065402642732945,-0.3075947657012256
5.151888724292149,-1.4085069258683458,-0.31162202327629046
5.153684433153876,-1.41042538578845,-0.31567670506446444
5.155480142015602,-1.412295450960964,-0.31975868898507137
5.157275850877328,-1.41411692938082,-0.32386784942554475
5.159071559739054,-1.415889630135481,-0.3280040572522182
5.16086726860078,-1.417613363430029,-0.3321671798216622
5.162662977462507,-1.419287940612458,-0.3363570809926053
5.164458686324233,-1.420913174199137,-0.34057362113840767
5.166254395185959,-1.4224888779004405,-0.34481665716008614
5.168050104047684,-1.4240148666465222,-0.3490860424999088
5.1698458129094105,-1.42549095661332,-0.3533816271555326
5.171641521771137,-1.4269169652486484,-0.35770325769467365
5.173437230632863,-1.4282927112985,-0.36205077727034835
5.175232939494589,-1.4296180148334812,-0.3664240256366343
5.177028648356315,-1.4308926972754141,-0.3708228391649733
5.1788243572180415,-1.432116581424085,-0.37524705086100635
5.180620066079768,-1.4332894914841403,-0.3796964903819374
5.182415774941493,-1.434411253092114,-0.38417098405440997
5.184211483803219,-1.43548169334363,-0.3886703548929311
5.186007192664945,-1.436500640820707,-0.3931944226187695
5.187802901526672,-1.4374679256192202,-0.3977430036793958
5.189598610388398,-1.4383833793764842,-0.4023159112684184
5.191394319250124,-1.4392468352989658,-0.4069129553460163
5.19319002811185,-1.4400581281901264,-0.41153394265987864
5.194985736973576,-1.4408170944783811,-0.4161786767666245
5.196781445835302,-1.4415235722451685,-0.4208469580537146
5.198577154697028,-1.442177401253146,-0.4255385837618479
5.200372863558754,-1.4427784229744915,-0.430253348007832
5.20216857242048,-1.4433264806193005,-0.4349910418079183
5.2039642812822064,-1.4438214191641074,-0.4397514531016182
5.205759990143933,-1.4442630853804734,-0.44453436677596586
5.207555699005659,-1.4446513278636985,-0.449339564690246
5.209351407867385,-1.4449859970616086,-0.45416682570116845
5.21114711672911,-1.4452669453034324,-0.4590159256884842
5.2129428255908365,-1.4454940268287537,-0.46388663758105086
5.214738534452563,-1.445667097816559,-0.4687787313833152
5.216534243314289,-1.445786016414324,-0.473691974202239
5.218329952176015,-1.4458506427672184,-0.47862613027463424
5.220125661037741,-1.4458608390473262,-0.4835809609949222
5.2219213698994675,-1.4458164694829645,-0.4885562249433056
5.223717078761194,-1.4457174003880293,-0.4935516779143291
5.225512787622919,-1.445563500191412,-0.4985670729458498
5.227308496484645,-1.4453546394664594,-0.5036021603484058
5.229104205346371,-1.4450906909604688,-0.5086566877349483
5.230899914208098,-1.44477152962422,-0.5137304000509715
5.232695623069824,-1.4443970326415492,-0.51882303960501
5.23449133193155,-1.443967079458945,-0.5239343460995014
5.236287040793276,-1.4434815518151707,-0.5290640566620062
5.238082749655002,-1.4429403337709,-0.5342119058767871
5.239878458516729,-1.4423433117383733,-0.5393776258167359
5.241674167378454,-1.4416903745110476,-0.5445609460756258
5.24346987624018,-1.4409814132932752,-0.5497615938007253
5.245265585101906,-1.4402163217299508,-0.5549792937257025
5.2470612939636325,-1.4393949959361818,-0.5602137682038855
5.248857002825359,-1.4385173345269204,-0.565464737241808
5.250652711687085,-1.4375832386466014,-0.5707319185330858
5.252448420548811,-1.436592611998734,-0.5760150274925699
5.254244129410537,-1.4355453608754898,-0.5813137772908028
5.256039838272263,-1.4344413941872483,-0.5866278788887714
5.257835547133989,-1.4332806234920952,-0.5919570410729209
5.259631255995715,-1.4320629630252923,-0.5973009704904462
5.261426964857441,-1.4307883297286919,-0.6026593716848505
5.263222673719167,-1.4294566432800968,-0.6080319471317626
5.265018382580894,-1.4280678261225648,-0.613418397275003
5.26681409144262,-1.4266218034936395,-0.6188184205628924
5.268609800304346,-1.4251185034545197,-0.6242317134847917
5.270405509166071,-1.4235578569191492,-0.6296579706078821
5.2722012180277975,-1.4219397976832193,-0.6350968846141725
5.273996926889524,-1.4202642624531006,-0.6405481463376839
5.27579263575125,-1.4185311908746572,-0.6460114448018861
5.277588344612976,-1.4167405255619867,-0.6514864672573146
5.279384053474702,-1.414892212126042,-0.6569728992193746
5.2811797623364285,-1.4129861992031412,-0.6624704245063429
5.282975471198155,-1.4110224384833647,-0.6679787252775391
5.28477118005988,-1.4090008847388509,-0.673497482071669
5.286566888921606,-1.4069214958519205,-0.6790263738453448
5.288362597783332,-1.4047842328431108,-0.6845650780117282
5.290158306645059,-1.4025890598990483,-0.690113270479362
5.291954015506785,-1.4003359444001862,-0.695670625691113
5.293749724368511,-1.3980248569483718,-0.7012368166632708
5.295545433230237,-1.3956557713942934,-0.7068115150247427
5.297341142091963,-1.3932286648647314,-0.7123943910564182
5.299136850953689,-1.3907435177896534,-0.7179851137305799
5.300932559815415,-1.3882003139291372,-0.7235833507504817
5.302728268677141,-1.3855990404001157,-0.7291887685899783
5.304523977538867,-1.3829396877029203,-0.734801032533266
5.3063196864005935,-1.380222249747661,-0.7404198067147022
5.30811539526232,-1.377446723880372,-0.7460447541586998
5.309911104124046,-1.3746131109089788,-0.7516755368196849
5.311706812985772,-1.3717214151290567,-0.7573118156221191
5.313502521847498,-1.3687716443493587,-0.7629532505005746
5.315298230709224,-1.3657638099171248,-0.7685995004398487
5.31709393957095,-1.3626979267431714,-0.7742502235151357
5.318889648432676,-1.359574013326738,-0.7799050769321938
5.320685357294402,-1.3563920917801078,-0.7855637170675742
5.322481066156128,-1.3531521878529595,-0.7912257995088419
5.324276775017855,-1.3498543309564919,-0.7968909790948182
5.326072483879581,-1.3464985541872743,-0.8025589099558185
5.327868192741307,-1.3430848943508331,-0.8082292455538885
5.329663901603032,-1.3396133919849942,-0.8139016387230231
5.3314596104647585,-1.336084091382894,-0.8195757417093834
5.333255319326485,-1.3324970406157859,-0.8252512062114491
5.335051028188211,-1.3288522915554835,-0.8309276834201897
5.336846737049937,-1.3251498998965674,-0.8366048240591484
5.338642445911663,-1.3213899251782564,-0.8422822784245043
5.3404381547733895,-1.3175724308059982,-0.8479596964250764
5.342233863635116,-1.313697484072721,-0.8536367276222613
5.344029572496841,-1.309765156179806,-0.8593130212698974
5.345825281358567,-1.3057755222577037,-0.8649882263540821
5.347620990220293,-1.3017286613862342,-0.8706619916328641
5.3494166990820196,-1.2976246566145602,-0.8763339656758783
5.351212407943746,-1.293463594980809,-0.8820037969038819
5.353008116805472,-1.2892455675313497,-0.8876711336281817
5.354803825667198,-1.2849706693397325,-0.8933356240899466
5.356599534528924,-1.2806389995252416,-0.8989969164994194
5.35839524339065,-1.2762506612711293,-0.9046546590750026
5.360190952252376,-1.2718057618424288,-0.9103085000822123
5.361986661114102,-1.2673044126034456,-0.9159580878724974
5.363782369975828,-1.2627467290348215,-0.9216030709219174
5.365578078837554,-1.2581328307502553,-0.9272430978696822
5.367373787699281,-1.2534628415128009,-0.9328778175565228
5.369169496561007,-1.2487368892507864,-0.9385068790629241
5.370965205422733,-1.2439551060733212,-0.9441299317471624
5.372760914284458,-1.2391176282854166,-0.9497466252831961
5.3745566231461845,-1.2342245964026621,-0.9553566096983775
5.376352332007911,-1.2292761551655096,-0.9609595354109524
5.378148040869637,-1.2242724535531315,-0.9665550532674096
5.379943749731363,-1.2192136447968371,-0.9721428145796011
5.381739458593089,-1.214099886393073,-0.9777224711616863
5.3835351674548155,-1.208931340115963,-0.9832936753668495
5.385330876316542,-1.2037081720294378,-0.988856080123816
5.387126585178268,-1.1984305524988852,-0.9944093389731457
5.388922294039993,-1.19309865620236,-0.9999531061032998
5.390718002901719,-1.187712662141331,-1.0054870363864947
5.392513711763446,-1.182272753650978,-1.0110107854142918
5.394309420625172,-1.1767791184100067,-1.0165240095329706
5.396105129486898,-1.1712319484499922,-1.0220263658786477
5.397900838348624,-1.1656314401642538,-1.0275175124121545
5.39969654721035,-1.159977794316234,-1.0329971079536366
5.401492256072077,-1.1542712160474087,-1.0384648122169224
5.403287964933802,-1.1485119148846956,-1.0439202858436034
5.405083673795528,-1.1427001047473535,-1.0493631904368539
5.406879382657254,-1.136836003953424,-1.0547931885949748
5.4086750915189805,-1.1309198352256182,-1.060209943944651
5.410470800380707,-1.1249518256967248,-1.0656131211739355
5.412266509242433,-1.118932206914507,-1.0710023860649367
5.414062218104159,-1.1128612148460626,-1.0763774055262094
5.415857926965885,-1.1067390898816845,-1.0817378476248571
5.417653635827611,-1.100566076838182,-1.0870833816183252
5.419449344689337,-1.0943424249616782,-1.0924136779858897
5.421245053551063,-1.0880683879298803,-1.0977284084598324
5.423040762412789,-1.0817442238538066,-1.1030272460563058
5.424836471274515,-1.0753701952789754,-1.1083098651058727
5.426632180136242,-1.0689465691860454,-1.1135759412837343
5.428427888997968,-1.0624736169909252,-1.1188251516396188
5.430223597859694,-1.0559516145443126,-1.1240571746273507
5.432019306721419,-1.0493808421306934,-1.1292716901340716
5.4338150155831455,-1.0427615844667677,-1.1344683795091548
5.435610724444872,-1.0360941306993467,-1.1396469255927235
5.437406433306598,-1.0293787744026508,-1.1448070127438896
5.439202142168324,-1.0226158135750578,-1.1499483268685975
5.44099785103005,-1.015805550635287,-1.1550705554471352
5.4427935598917765,-1.0089482924179978,-1.1601733875612918
5.444589268753503,-1.002044350168822,-1.1652565139211553
5.446384977615229,-0.9950940395388174,-1.1703196268915481
5.448180686476954,-0.9880976805783405,-1.1753624205181032
5.44997639533868,-0.9810555977303281,-1.1803845905529802
5.451772104200407,-0.9739681198230112,-1.185385834480191
5.453567813062133,-0.9668355800620284,-1.1903658515405824
5.455363521923859,-0.9596583160219485,-1.1953243427564326
5.457159230785585,-0.9524366696372142,-1.2002610109556646
5.458954939647311,-0.9451709871924732,-1.2051755607956935
5.460750648509038,-0.9378616193123274,-1.210067698786891
5.462546357370763,-0.9305089209504842,-1.2149371333156576
5.464342066232489,-0.9231132513782903,-1.2197835746671302
5.466137775094215,-0.915674974172702,-1.224606735047474
5.4679334839559415,-0.9081944572036087,-1.2294063286058208
5.469729192817668,-0.9006720726205831,-1.2341820714557785
5.471524901679394,-0.8931081968390152,-1.2389336816965886
5.47332061054112,-0.8855032105256363,-1.2436608794338573
5.475116319402846,-0.8778574985834428,-1.248363386799908
5.476912028264572,-0.8701714501360116,-1.2530409279737373
5.478707737126298,-0.8624454585111843,-1.257693229200572
5.480503445988024,-0.8546799212241832,-1.2623200188110164
5.48229915484975,-0.8468752399600766,-1.2669210272398121
5.484094863711476,-0.8390318205556495,-1.271495987044193
5.485890572573203,-0.8311500729806561,-1.2760446329218391
5.487686281434929,-0.8232304113184693,-1.280566701728426
5.489481990296655,-0.8152732537461044,-1.2850619324947656
5.49127769915838,-0.8072790225136407,-1.2895300664435483
5.4930734080201065,-0.7992481439230078,-1.2939708470056943
5.494869116881833,-0.7911810483062052,-1.298384019836247
5.496664825743559,-0.78307817000285,-1.3027693328299383
5.498460534605285,-0.7749399473371569,-1.3071265361362758
5.500256243467011,-0.766766822594279,-1.3114553821742687
5.5020519523287374,-0.7585592419960508,-1.315755625646727
5.503847661190464,-0.750317655676115,-1.3200270235541556
5.505643370052189,-0.7420425176544418,-1.3242693352082469
5.507439078913915,-0.7337342858112135,-1.3284823222449718
5.509234787775641,-0.7253934218601552,-1.3326657486372313
5.5110304966373675,-0.7170203913211964,-1.3368193807071558
5.512826205499094,-0.7086156634925633,-1.3409429871379481
5.51462191436082,-0.7001797114222474,-1.3450363389853486
5.516417623222546,-0.6917130118788857,-1.3490992096886854
5.518213332084272,-0.6832160453220211,-1.3531313750815273
5.5200090409459985,-0.67468929587177,-1.3571326134019255
5.521804749807724,-0.6661332512778935,-1.361102705302247
5.52360045866945,-0.6575484028882547,-1.365041433858632
5.525396167531176,-0.6489352456167069,-1.368948584580012
5.527191876392902,-0.6402942779103674,-1.3728239454167572
5.528987585254629,-0.6316260017162993,-1.3766673067689152
5.530783294116355,-0.6229309224476128,-1.3804784614940449
5.532579002978081,-0.6142095489489798,-1.3842572049146664
5.534374711839807,-0.6054623934615535,-1.388003334825306
5.5361704207015325,-0.5966899715873233,-1.3917166514991497
5.537966129563259,-0.5878928022528556,-1.3953969576943073
5.539761838424985,-0.579071407672516,-1.399044058659678
5.541557547286711,-0.5702263133110602,-1.402657762140436
5.543353256148437,-0.5613580478456864,-1.4062378783831198
5.5451489650101635,-0.5524671431275122,-1.409784220140345
5.54694467387189,-0.5435541341424888,-1.4132966026751224
5.548740382733616,-0.5346195589717541,-1.4167748437648027
5.550536091595341,-0.5256639587514272,-1.4202187637046375
5.552331800457067,-0.5166878776318453,-1.4236281853109667
5.554127509318794,-0.5076918627362725,-1.4270029339240122
5.55592321818052,-0.49867646411903055,-1.4303428374103295
5.557718927042246,-0.48964223472311297,-1.4336477261648604
5.559514635903972,-0.48058973033725333,-1.4369174331126302
5.561310344765698,-0.47151950955245064,-1.4401517937100707
5.563106053627425,-0.462432133717985,-1.4433506459459888
5.56490176248915,-0.4533281668968945,-1.4465138303421679
5.566697471350876,-0.4442081758209183,-1.4496411899536006
5.568493180212602,-0.4350727298449684,-1.45273257036839
5.5702888890743285,-0.42592240090104405,-1.4557878197072742
5.572084597936055,-0.41675776345166493,-1.4588067886228049
5.573880306797781,-0.40757939444279084,-1.4617893302981888
5.575676015659507,-0.39838787325625635,-1.4647353004457733
5.577471724521233,-0.3891837816617078,-1.4676445573052002
5.579267433382959,-0.379967703768059,-1.4705169616411975
5.581063142244685,-0.37074022597444684,-1.473352376741075
5.582858851106411,-0.36150193692075466,-1.4761506684118455
5.584654559968137,-0.3522534274376224,-1.4789117049770413
5.586450268829863,-0.3429952904960168,-1.4816353572731997
5.58824597769159,-0.3337281211563339,-1.4843214986460258
5.590041686553316,-0.3244525165170607,-1.486970004946223
5.591837395415042,-0.31516907566297536,-1.4895807545250324
5.593633104276768,-0.3058783996129223,-1.4921536282294388
5.5954288131384935,-0.29658109126714927,-1.4946885093970659
5.59722452200022,-0.28727775535419736,-1.4971852838507904
5.599020230861946,-0.27796899837741357,-1.4996438398930187
5.600815939723672,-0.2686554285610045,-1.5020640682996984
5.602611648585398,-0.2593376557957074,-1.504445862314011
5.6044073574471245,-0.25001629158405164,-1.506789117639785
5.606203066308851,-0.2406919489852241,-1.5090937324346227
5.607998775170577,-0.2313652425595516,-1.5113596073027278
5.609794484032302,-0.22203678831260681,-1.513586645287479
5.611590192894028,-0.21270720363891285,-1.5157747518637104
5.613385901755755,-0.20337710726532904,-1.5179238349297122
5.615181610617481,-0.1940471191940347,-1.5200338047989925
5.616977319479207,-0.1847178606451803,-1.52210457419174
5.618773028340933,-0.17538995399918955,-1.524136058226056
5.620568737202659,-0.16606402273872573,-1.5261281744089081
5.622364446064386,-0.15674069139032495,-1.5280808426268528
5.624160154926111,-0.14742058546571865,-1.5299939851364848
5.625955863787837,-0.13810433140280737,-1.5318675265546742
5.627751572649563,-0.128792556506391,-1.5337013938485309
5.6295472815112895,-0.11948588888852939,-1.5354955163251613
5.631342990373016,-0.11018495740866593,-1.5372498256211737
5.633138699234742,-0.10089039161343473,-1.5389642556919703
5.634934408096468,-0.091602821676214,-1.5406387428008106
5.636730116958194,-0.0823228783363994,-1.5422732255076563
5.63852582581992,-0.07305119283843209,-1.5438676446577997
5.640321534681646,-0.0637883968705513,-1.5454219433702938
5.642117243543372,-0.05453512250334847,-1.5469360670261603
5.643912952405098,-0.045292002128046245,-1.5484099632564048
5.645708661266824,-0.03605966839457333,-1.5498435819298457
5.6475043701285506,-0.02683875414942122,-1.5512368751407233
5.649300078990277,-0.017629892373289147,-1.5525897971961498
5.651095787852003,-0.008433716118537203,-1.5539023046033638
5.652891496713728,0.0007491415535572748,-1.555174356056792
5.6546872055754545,0.009918047635728554,-1.5564059124249674
5.656482914437181,0.019072369237803585,-1.5575969367372435
5.658278623298907,0.02821147364996477,-1.558747394170363
5.660074332160633,0.03733472840616661,-1.55985725203487
5.661870041022359,0.04644150134768547,-1.5609264797613345
5.663665749884085,0.055531160686817044,-1.5619550488864598
5.665461458745812,0.06460307507069943,-1.562942933039026
5.667257167607538,0.07365661364524402,-1.5638901079256826
5.669052876469263,0.08269114611918146,-1.5647965513166144
5.670848585330989,0.09170604282822353,-1.5656622430310665
5.6726442941927155,0.1007006747992774,-1.5664871649227414
5.674440003054442,0.10967441381477327,-1.5672713008650665
5.676235711916168,0.1186266324770488,-1.5680146367363457
5.678031420777894,0.12755670427280114,-1.5687171604047838
5.67982712963962,0.13646400363758598,-1.5693788617134112
5.6816228385013465,0.14534790602036113,-1.5699997324648953
5.683418547363072,0.15420778794806228,-1.570579766406234
5.685214256224798,0.16304302709021715,-1.5711189592133823
5.687009965086524,0.17185300232353684,-1.5716173084757443
5.68880567394825,0.18063709379655254,-1.5720748136806098
5.690601382809977,0.18939468299422038,-1.572491476197479
5.692397091671703,0.19812515280252743,-1.5728672992623205
5.694192800533429,0.20682788757305806,-1.57320228796174
5.695988509395155,0.21550227318753787,-1.573496449217091
5.6977842182568805,0.224147697122322,-1.5737497917684995
5.699579927118607,0.23276354851285394,-1.5739623261588367
5.701375635980333,0.24134921821801764,-1.5741340647176245
5.703171344842059,0.24990409888445778,-1.574265021544886
5.704967053703785,0.25842758501079266,-1.5743552124949445
5.7067627625655115,0.2669190730117462,-1.5744046551601723
5.708558471427238,0.2753779612821664,-1.5744133688547128
5.710354180288964,0.2838036502609411,-1.5743813745981239
5.712149889150689,0.2921955424947761,-1.5743086950990308
5.713945598012415,0.30055304270187155,-1.5741953547387189
5.715741306874142,0.3088755578354085,-1.5740413795547101
5.717537015735868,0.3171624971469254,-1.573846797224311
5.719332724597594,0.32541327224951166,-1.5736116370481477
5.72112843345932,0.3336272971808364,-1.573335929933683
5.722924142321046,0.3418039884659945,-1.573019708378718
5.724719851182773,0.3499427651801533,-1.5726630064548979
5.726515560044498,0.3580430490110069,-1.5722658597911918
5.728311268906224,0.3661042643210275,-1.5718283055574034
5.73010697776795,0.3741258382094667,-1.5713503824476691
5.7319026866296765,0.38210720057415015,-1.57083213066395
5.733698395491403,0.390047784173037,-1.5702735918995732
5.735494104353129,0.39794702468550225,-1.5696748093227493
5.737289813214855,0.4058043607733852,-1.569035827560136
5.739085522076581,0.41361923414175294,-1.5683566926804104
5.7408812309383075,0.421391089599392,-1.5676374521778749
5.742676939800033,0.4291193751190017,-1.566878154956096
5.744472648661759,0.4368035418971173,-1.5660788513115582
5.746268357523485,0.4444430444136725,-1.5652395929173761
5.748064066385211,0.45203734049130034,-1.564360432807048
5.749859775246938,0.45958589135426897,-1.5634414253582247
5.751655484108664,0.4670881616871047,-1.5624826262765663
5.75345119297039,0.4745436196928479,-1.561484092579613
5.755246901832116,0.4819517371509723,-1.5604458825807344
5.7570426106938415,0.48931198947492605,-1.5593680558731173
5.758838319555568,0.4966238557693169,-1.5582506733138404
5.760634028417294,0.5038868188866852,-1.557093797007978
5.76242973727902,0.5111003654839086,-1.555897490292801
5.764225446140746,0.5182639860782003,-1.5546618177220224
5.7660211550024725,0.5253771751026906,-1.5533868450501358
5.767816863864199,0.5324394309615957,-1.5520726392168183
5.769612572725925,0.53945025608495,-1.5507192683314144
5.77140828158765,0.5464091569829053,-1.5493268016575004
5.773203990449376,0.5533156442995985,-1.5478953095975316
5.774999699311103,0.5601692328665235,-1.5464248636775837
5.776795408172829,0.5669694417554844,-1.5449155365321703
5.778591117034555,0.5737157943310484,-1.5433674018891663
5.780386825896281,0.5804078183025263,-1.5417805345548214
5.782182534758007,0.587045045775468,-1.5401550103988688
5.783978243619734,0.5936270133026411,-1.5384909063397227
5.785773952481459,0.600153261934528,-1.5367883003298144
5.787569661343185,0.6066233372692977,-1.5350472713409817
5.789365370204911,0.6130367895022344,-1.533267899350017
5.7911610790666375,0.6193931734746679,-1.5314502653242785
5.792956787928364,0.6256920487223475,-1.5295944512074529
5.79475249679009,0.6319329795232602,-1.5277005399054002
5.796548205651816,0.6381155349449135,-1.5257686152721321
5.798343914513542,0.6442392888910393,-1.5237987620959084
5.8001396233752684,0.6503038201477293,-1.5217910660854366
5.801935332236994,0.6563087124289942,-1.5197456138562258
5.80373104109872,0.6622535544217413,-1.5176624929170175
5.805526749960446,0.6681379398301482,-1.5155417916563911
5.807322458822172,0.673961467419436,-1.5133835993294635
5.8091181676838985,0.6797237410590364,-1.5111880060447365
5.810913876545625,0.6854243697651532,-1.5089551027510566
5.812709585407351,0.6910629677426835,-1.5066849812247283
5.814505294269077,0.6966391544265175,-1.5043777340567468
5.8163010031308024,0.7021525545221912,-1.5020334546401715
5.818096711992529,0.7076027980459254,-1.4996522371576353
5.819892420854255,0.7129895203639688,-1.497234176568996
5.821688129715981,0.7183123622313178,-1.4947793685991275
5.823483838577707,0.7235709698297625,-1.4922879097258392
5.825279547439433,0.728764994805255,-1.4897598971679575
5.82707525630116,0.7338940943046202,-1.4871954288735405
5.828870965162886,0.7389579310115522,-1.4845946035082358
5.830666674024611,0.7439561731819551,-1.4819575204437907
5.832462382886337,0.7488884946785784,-1.479284279746695
5.8342580917480635,0.753754575004926,-1.4765749821669978
5.83605380060979,0.7585540993384995,-1.4738297291272553
5.837849509471516,0.763286758563299,-1.471048622711609
5.839645218333242,0.7679522493016268,-1.468231765655065
5.841440927194968,0.7725502739451426,-1.4653792613328775
5.8432366360566945,0.7770805406852204,-1.4624912137501074
5.84503234491842,0.7815427635425453,-1.4595677275313257
5.846828053780146,0.785936662395991,-1.4566089079104696
5.848623762641872,0.7902619630107333,-1.4536148607208625
5.850419471503598,0.794518397065641,-1.4505856923853715
5.852215180365325,0.7987057021798863,-1.4475215099067387
5.854010889227051,0.8028236219388184,-1.444422420858043
5.855806598088777,0.8068719059190614,-1.4412885333733407
5.857602306950503,0.8108503097128534,-1.4381199561384501
5.8593980158122285,0.8147585949516106,-1.434916798381893
5.861193724673955,0.8185965293287183,-1.431679169865986
5.862989433535681,0.8223638866215428,-1.428407180878109
5.864785142397407,0.8260604467126565,-1.4251009422220975
5.866580851259133,0.8296859956102834,-1.4217605652098202
5.8683765601208595,0.833240325467954,-1.4183861616528968
5.870172268982586,0.8367232346033544,-1.4149778438545735
5.871967977844312,0.840134527516405,-1.4115357246017586
5.873763686706038,0.8434740149065076,-1.4080599171572081
5.875559395567763,0.8467415136890086,-1.4045505352518775
5.87735510442949,0.849936847010865,-1.4010076930774038
5.879150813291216,0.8530598442654743,-1.3974315052787787
5.880946522152942,0.8561103411067174,-1.3938220869471445
5.882742231014668,0.8590881794621757,-1.3901795536127546
5.884537939876394,0.8619932075455446,-1.3865040212380935
5.886333648738121,0.8648252798682126,-1.382795606211141
5.888129357599847,0.8675842572500302,-1.3790544253387926
5.889925066461572,0.8702700068292569,-1.3752805958404326
5.891720775323298,0.8728824020716863,-1.3714742353416471
5.8935164841850245,0.8754213227789328,-1.3676354618681046
5.895312193046751,0.8778866550959116,-1.3637643938395803
5.897107901908477,0.8802782915174713,-1.3598611500641151
5.898903610770203,0.8825961308942116,-1.3559258497323445
5.900699319631929,0.8848400784374614,-1.3519586124119523
5.9024950284936555,0.8870100457234306,-1.3479595580422916
5.904290737355381,0.8891059506965239,-1.3439288069291322
5.906086446217107,0.8911277176718327,-1.3398664797395639
5.907882155078833,0.8930752773367785,-1.3357726974970392
5.909677863940559,0.894948566751935,-1.3316475815765567
5.911473572802286,0.8967475293510145,-1.3274912536999857
5.913269281664012,0.8984721149400133,-1.32330383593153
5.915064990525738,0.9001222796955273,-1.3190854506733347
5.916860699387464,0.9016979861622392,-1.3148362206612147
5.9186564082491895,0.9031992032495653,-1.3105562689605499
5.920452117110916,0.9046259062274695,-1.306245718962269
5.922247825972642,0.9059780767214554,-1.30190469437902
5.924043534834368,0.907255702706706,-1.297533319241429
5.925839243696094,0.9084587785014159,-1.2931317178945028
5.9276349525578205,0.9095873047592894,-1.2887000149941779
5.929430661419547,0.9106412884611931,-1.2842383355039697
5.931226370281273,0.9116207429060016,-1.2797468046917655
5.933022079142998,0.9125256877006068,-1.275225548126734
5.934817788004724,0.9133561487491192,-1.2706746916763554
5.936613496866451,0.9141121582412164,-1.266094361503597
5.938409205728177,0.9147937546397157,-1.2614846840641638
5.940204914589903,0.9154009826672774,-1.256845786103907
5.942000623451629,0.9159338932923436,-1.2521777946563337
5.943796332313355,0.9163925437142316,-1.2474808370402215
5.9455920411750816,0.9167769973474172,-1.2427550408573684
5.947387750036808,0.9170873238050331,-1.2380005339904314
5.949183458898533,0.9173235988815355,-1.2332174446008939
5.950979167760259,0.9174859045345906,-1.228405901127115
5.9527748766219855,0.9175743288661372,-1.2235660322825195
5.954570585483712,0.9175889661026838,-1.218697967053859
5.956366294345438,0.9175299165747857,-1.2138018346995958
5.958162003207164,0.9173972866957514,-1.208877764748376
5.95995771206889,0.9171911889395508,-1.2039258869976064
5.961753420930616,0.9169117418179512,-1.1989463315121252
5.963549129792342,0.9165590698568711,-1.1939392286229702
5.965344838654068,0.9161333035719591,-1.1889047089262288
5.967140547515794,0.9156345794434053,-1.1838429032819964
5.96893625637752,0.9150630398899845,-1.178753942813408
5.9707319652392465,0.9144188332423464,-1.173637958905765
5.972527674100973,0.9137021137155368,-1.1684950832057364
5.974323382962699,0.9129130413807791,-1.1633254476206567
5.976119091824425,0.9120517821365035,-1.1581291843178916
5.97791480068615,0.9111185076786293,-1.1529064257242916
5.979710509547877,0.9101133954701184,-1.1476573045257061
5.981506218409603,0.9090366287097955,-1.142381953666599
5.983301927271329,0.9078883963004415,-1.1370805063497085
5.985097636133055,0.9066688928161589,-1.131753096035791
5.986893344994781,0.9053783184690396,-1.1263998564434332
5.988689053856508,0.9040168790750949,-1.1210209215489249
5.990484762718234,0.9025847860195179,-1.115616425586199
5.992280471579959,0.9010822562212106,-1.110186503046835
5.994076180441685,0.8995095120966492,-1.104731288680109
5.9958718893034115,0.8978667815230481,-1.0992509174931258
5.997667598165138,0.8961542978008448,-1.0937455247509837
5.999463307026864,0.8943722996155247,-1.0882152459769998
6.00125901588859,0.8925210309987573,-1.08266021695299
6.003054724750316,0.8906007412888967,-1.0770805737195968
6.0048504336120425,0.8886116850908099,-1.071476452576661
6.006646142473768,0.8865541222350798,-1.0658479900836357
6.008441851335494,0.8844283177365346,-1.0601953230600496
6.01023756019722,0.8822345417521905,-1.0545185885860118
6.012033269058946,0.8799730695385347,-1.0488179240027453
6.013828977920673,0.8776441814081977,-1.0430934669131666
6.015624686782399,0.8752481626860338,-1.0373453551824934
6.017420395644125,0.8727853036645696,-1.031573726938888
6.019216104505851,0.8702558995588897,-1.0257787205741289
6.021011813367577,0.8676602504609018,-1.0199604747443092
6.022807522229303,0.864998661293053,-1.01411912837057
6.024603231091029,0.8622714417614511,-1.0082548206398319
6.026398939952755,0.8594789063084405,-1.0023676910055925
6.028194648814481,0.8566213740646041,-0.996457879188698
6.0299903576762075,0.8536991688002384,-0.9905255251781592
6.031786066537934,0.850712618876273,-0.9845707692319784
6.03358177539966,0.8476620571946624,-0.9785937518779808
6.035377484261386,0.8445478211482673,-0.9725946139146739
6.037173193123111,0.8413702525702091,-0.9665734964121042
6.038968901984838,0.8381296976827198,-0.9605305407127149
6.040764610846564,0.8348265070455114,-0.954465888432238
6.04256031970829,0.8314610355036346,-0.9483796814605616
6.044356028570016,0.828033642134877,-0.9422720619626072
6.046151737431742,0.8245446901966816,-0.9361431723792133
6.047947446293469,0.8209945470726129,-0.9299931554280165
6.049743155155195,0.8173835842183624,-0.9238221541043194
6.05153886401692,0.813712177107317,-0.9176303116819673
6.053334572878646,0.8099807051756948,-0.9114177717141939
6.0551302817403725,0.8061895517672532,-0.9051846780344948
6.056925990602099,0.8023391040775887,-0.8989311747574584
6.058721699463825,0.7984297530980269,-0.8926574062795934
6.060517408325551,0.7944618935591112,-0.8863635172801483
6.062313117187277,0.7904359238737252,-0.8800496527219064
6.0641088260490035,0.7863522460798136,-0.8737159578519686
6.065904534910729,0.7822112657827598,-0.8673625782025166
6.067700243772455,0.7780133920973819,-0.8609896595915425
6.069495952634181,0.7737590375896096,-0.8545973481235811
6.071291661495907,0.769448618217802,-0.8481857901903993
6.073087370357634,0.7650825532737507,-0.8417551324716546
6.07488307921936,0.7606612653233547,-0.8353055219355449
6.076678788081086,0.7561851801469937,-0.8288371058394155
6.078474496942812,0.7516547266796132,-0.8223500317303374
6.0802702058045375,0.747070336950505,-0.8158444474456639
6.082065914666264,0.7424324460228137,-0.8093205011135287
6.08386162352799,0.7377414919327958,-0.8027783411533498
6.085657332389716,0.7329979156287985,-0.7962181162762567
6.087453041251442,0.7282021609100041,-0.7896399754855024
6.0892487501131685,0.7233546743649272,-0.7830440680768312
6.091044458974895,0.7184559053097043,-0.7764305436388066
6.092840167836621,0.7135063057261526,-0.7697995520530978
6.094635876698347,0.7085063301996223,-0.7631512434947219
6.096431585560072,0.7034564358566705,-0.7564857684322499
6.098227294421799,0.6983570823025226,-0.7498032776279453
6.100023003283525,0.6932087315583995,-0.7431039221378916
6.101818712145251,0.6880118479986376,-0.7363878533120491
6.103614421006977,0.6827668982876839,-0.7296552227942585
6.105410129868703,0.6774743513169443,-0.7229061825222121
6.1072058387304295,0.6721346781414852,-0.7161408847273683
6.109001547592156,0.6667483519166316,-0.7093594819348088
6.110797256453881,0.6613158478344449,-0.7025621269630528
6.112592965315607,0.6558376430600902,-0.695748972923798
6.1143886741773334,0.6503142166681434,-0.6889201732216489
6.11618438303906,0.6447460495787792,-0.6820758815537401
6.117980091900786,0.6391336244939215,-0.6752162519093401
6.119775800762512,0.6334774258333191,-0.6683414385693807
6.121571509624238,0.6277779396705719,-0.6614515961059311
6.123367218485964,0.6220356536691355,-0.6545468793816228
6.12516292734769,0.6162510570182758,-0.6476274435490106
6.126958636209416,0.6104246403690189,-0.6406934440498562
6.128754345071142,0.6045568957701007,-0.6337450366143929
6.130550053932868,0.5986483166039095,-0.6267823772604885
6.1323457627945945,0.5926993975224467,-0.6198056222927704
6.134141471656321,0.5867106343833142,-0.6128149283016784
6.135937180518047,0.5806825241857352,-0.6058104521624621
6.137732889379773,0.5746155650066159,-0.5987923510341095
6.139528598241498,0.5685102559366829,-0.5917607823582247
6.141324307103225,0.5623670970166511,-0.5847159038578087
6.143120015964951,0.556186589173511,-0.5776578735360349
6.144915724826677,0.5499692341568706,-0.5705868496749003
6.146711433688403,0.5437155344754058,-0.5635029908338502
6.148507142550129,0.5374259933334203,-0.55640645584832
6.150302851411856,0.5311011145675206,-0.5492974038282221
6.152098560273582,0.5247414025834197,-0.5421759941563655
6.153894269135308,0.5183473622928758,-0.5350423864868029
6.155689977997033,0.5119194990507829,-0.5278967407431279
6.1574856868587595,0.5054583185924076,-0.520739217116679
6.159281395720486,0.49896432697081994,-0.5135699760647214
6.161077104582212,0.4924380304944733,-0.5063891783085224
6.162872813443938,0.4858799356649874,-0.4991969848313817
6.164668522305664,0.4792905491151223,-0.4919935568765916
6.1664642311673905,0.4726703775469668,-0.4847790559453321
6.168259940029117,0.4660199276703346,-0.4775536437945046
6.170055648890842,0.4593397061413965,-0.4703174824344984
6.171851357752568,0.4526302195015339,-0.4630707341268806
6.173647066614294,0.4458919741164609,-0.4558135613820492
6.175442775476021,0.4391254761155792,-0.4485461269567945
6.177238484337747,0.43233123133160917,-0.44126859385181255
6.179034193199473,0.4255097452404939,-0.4339811253091469
6.180829902061199,0.4186615229015817,-0.42668388480957015
6.182625610922925,0.41178706889810324,-0.41937703606990395
6.184421319784651,0.40488688727795963,-0.4120607430402803
6.186217028646377,0.39796148149479127,-0.40473516990131864
6.188012737508103,0.39101135434941375,-0.39740048106128084
6.189808446369829,0.38403700793153805,-0.3900568411531292
6.1916041552315555,0.3770389435618482,-0.3827044150315407
6.193399864093282,0.37001766173442735,-0.3753433677698582
6.195195572955008,0.36297366205952475,-0.3679738646569831
6.196991281816734,0.3559074432067041,-0.36059607119420944
6.198786990678459,0.3488195028483507,-0.3532101530919979
6.200582699540186,0.34171033760355013,-0.345816276266687
6.202378408401912,0.33458044298238826,-0.3384146068371676
6.204174117263638,0.32743031333061584,-0.3310053111214814
6.205969826125364,0.32026044177472823,-0.3235885556333694
6.20776553498709,0.3130713201674633,-0.3161645070787699
6.209561243848817,0.3058634390337163,-0.30873333235226
6.211356952710543,0.2986372875168808,-0.30129519853344344
6.213152661572268,0.29139335332563426,-0.2938502728832982
6.214948370433994,0.28413212268114924,-0.2863987228404407
6.2167440792957205,0.2768540802647908,-0.278940716017388
6.218539788157447,0.26955970916623945,-0.2714764201967314
6.220335497019173,0.2622494908320955,-0.26400600332727675
6.222131205880899,0.2549239050149583,-0.25652963352014113
6.223926914742625,0.24758342972298283,-0.2490474790447934
6.2257226236043515,0.24022854116992778,-0.2415597083250587
6.227518332466078,0.23285971372569603,-0.23406648993507456
6.229314041327803,0.22547741986738404,-0.226567992595207
6.231109750189529,0.21808213013082003,-0.21906438516790974
6.232905459051255,0.21067431306265316,-0.21155583665357489
6.234701167912982,0.20325443517293165,-0.20404251618631025
6.236496876774708,0.1958229608882244,-0.19652459302969855
6.238292585636434,0.18838035250527665,-0.18900223657250675
6.24008829449816,0.18092707014520373,-0.18147561632437031
6.241884003359886,0.17346357170823506,-0.17394490191143624
6.243679712221612,0.16599031282901236,-0.16641026307197448
6.245475421083338,0.1585077468324295,-0.15887186965194325
6.247271129945064,0.15101632469007512,-0.151329891600557
6.24906683880679,0.1435164949772053,-0.1437844989657857
6.2508625476685165,0.13600870383031502,-0.13623586188985032
6.252658256530243,0.12849339490528247,-0.12868415060467855
6.254453965391969,0.12097100933610357,-0.12112953542733917
6.256249674253695,0.11344198569421557,-0.11357218675545405
6.25804538311542,0.1059067599484227,-0.10601227506258235
6.2598410919771466,0.09836576542540246,-0.09844997089356976
6.261636800838873,0.09081943277085797,-0.09088544485991604
6.263432509700599,0.08326818991124153,-0.08331886763507923
6.265228218562325,0.07571246201611423,-0.0757504099497813
6.267023927424051,0.06815267146111952,-0.06818024258730293
6.2688196362857775,0.06058923779158211,-0.06060853637874653
6.270615345147504,0.0530225776867346,-0.053035462198300805
6.272411054009229,0.045453104924579706,-0.04546119095848451
6.274206762870955,0.037881230347369996,-0.037885893605369196
6.276002471732681,0.03030736182776446,-0.030309741113822977
6.277798180594408,0.02273190423559125,-0.02273290448271243
6.279593889456134,0.015155259405275403,-0.015155554730111046
6.28138959831786,0.007577826103913475,-0.00757786288850819
6.283185307179586,1.033601898480366e-15,-1.1712852909795404e-15
