Theta,Energia,Gradiente
0.0,-0.0,-8.43999999690533
0.0017957088617260892,-0.015210033938160391,-8.500322849600352
0.0035914177234521783,-0.030527848508620465,-8.560041531457083
0.005387126585178268,-0.0459523539662448,-8.619150674568296
0.007182835446904357,-0.061482450990511445,-8.677644982199237
0.008978544308630446,-0.07711703081394324,-8.735519229497584
0.010774253170356535,-0.0928549753517005,-8.792768264064692
0.012569962032082624,-0.10869515733231547,-8.849387006645836
0.014365670893808713,-0.12463644042954725,-8.905370451695731
0.0161613797555348,-0.14067767939533535,-8.960713668018649
0.01795708861726089,-0.15681772019383192,-9.015411799372096
0.01975279747898698,-0.17305540013648857,-9.069460065030954
0.02154850634071307,-0.1893895480181797,-9.122853760328008
0.02334421520243916,-0.20581898425433662,-9.175588257238909
0.025139924064165247,-0.22234252101907478,-9.227659005024702
0.026935632925891337,-0.23895896238428657,-9.279061530551024
0.028731341787617427,-0.2556671044596837,-9.329791439005586
0.030527050649343516,-0.27246573553375936,-9.379844414286742
0.0323227595110696,-0.28935363621565613,-9.429216219522528
0.034118468372795696,-0.3063295795779091,-9.477902697649364
0.03591417723452178,-0.3233923313000464,-9.525899771789526
0.037709886096247876,-0.3405406498130223,-9.573203445625843
0.03950559495797396,-0.3577732864444597,-9.619809804120582
0.04130130381970005,-0.3750889855646782,-9.665715013604247
0.04309701268142614,-0.39248648473348857,-9.710915322450052
0.04489272154315223,-0.40996451484772384,-9.75540706138478
0.04668843040487832,-0.4275218002894885,-9.79918664383017
0.04848413926660441,-0.44515705907510067,-9.842250566394206
0.050279848128330494,-0.46286900300470085,-9.884595409265229
0.05207555699005659,-0.4806563378125127,-9.92621783622305
0.053871265851782674,-0.49851776331771525,-9.967114595527127
0.05566697471350877,-0.5164519735759235,-10.00728251984162
0.05746268357523485,-0.5344576570312332,-10.046718526529608
0.05925839243696094,-0.5525334966688223,-10.085419618294234
0.06105410129868703,-0.5706781701680773,-10.123382883125975
0.06284981016041312,-0.5888903500562137,-10.160605494768937
0.0646455190221392,-0.6071687038623854,-10.19708471287073
0.0664412278838653,-0.625511894272235,-10.232817883254475
0.06823693674559139,-0.6439185792828809,-10.267802438174156
0.07003264560731748,-0.6623874123583052,-10.302035896569972
0.07182835446904356,-0.680917042585124,-10.33551586419601
0.07362406333076965,-0.6995061148287101,-10.368240033897802
0.07541977219249575,-0.7181532698896491,-10.400206185612326
0.07721548105422184,-0.7368571446605011,-10.431412186701072
0.07901118991594792,-0.7556163722828402,-10.461855992155433
0.08080689877767401,-0.7744295823045609,-10.491535644574501
0.0826026076394001,-0.7932954008374173,-10.52044927418172
0.0843983165011262,-0.8122124507147535,-10.548595099446612
0.08619402536285228,-0.8311793516494415,-10.575971426513009
0.08798973422457837,-0.850194720391968,-10.60257664975417
0.08978544308630446,-0.8692571708886531,-10.628409251689508
0.09158115194803054,-0.8883653144399806,-10.653467802984595
0.09337686080975664,-0.9075177598590342,-10.677750962395649
0.09517256967148273,-0.9267131136299579,-10.701257477474524
0.09696827853320882,-0.9459499800664942,-10.723986183297507
0.0987639873949349,-0.965226961470508,-10.745936003958567
0.10055969625666099,-0.9845426582905078,-10.767105951364764
0.10235540511838709,-1.0038956692801424,-10.78749512570809
0.10415111398011317,-1.0232845916566164,-10.807102715559846
0.10594682284183926,-1.0427080212590523,-10.825927997604179
0.10774253170356535,-1.0621645527067092,-10.843970336482656
0.10953824056529143,-1.0816527795571007,-10.86122918488863
0.11133394942701753,-1.101171294463943,-10.877704083434024
0.11312965828874362,-1.1207186893349286,-10.893394660760334
0.1149253671504697,-1.1402935554892881,-10.908300632916921
0.11672107601219579,-1.1598944838151413,-10.92242180349423
0.11851678487392188,-1.1795200649265827,-10.935758063601584
0.12031249373564798,-1.1991688893205041,-10.948309391622944
0.12210820259737407,-1.2188395475331084,-10.960075853094773
0.12390391145910015,-1.2385306302961225,-10.971057600051013
0.12569962032082624,-1.2582407286926405,-10.98125487176693
0.12749532918255232,-1.2779684343126212,-10.990667993515666
0.1292910380442784,-1.297712339407987,-10.999297377134452
0.1310867469060045,-1.3174710370473126,-11.00714352039178
0.1328824557677306,-1.3372431212700702,-11.014207006843078
0.1346781646294567,-1.3570271872404345,-11.020488505697477
0.13647387349118278,-1.3768218314005836,-11.02598877098515
0.13826958235290887,-1.396625651623521,-11.03070864192368
0.14006529121463496,-1.4164372473653564,-11.034649042762632
0.14186100007636104,-1.4362552198170342,-11.03781098156231
0.14365670893808713,-1.4560781720555152,-11.040195550537922
0.14545241779981322,-1.475904709194348,-11.041803925715408
0.1472481266615393,-1.4957334385336374,-11.042637366409645
0.1490438355232654,-1.5155629697093622,-11.042697214758144
0.1508395443849915,-1.5353919148420732,-11.041984895754362
0.1526352532467176,-1.5552188886848657,-11.04050191649275
0.15443096210844368,-1.5750425087706952,-11.0382498659356
0.15622667097016976,-1.5948613955589557,-11.035230414424555
0.15802237983189585,-1.614674172581323,-11.031445313214315
0.15981808869362193,-1.6344794665868325,-11.026896394528139
0.16161379755534802,-1.6542759076861884,-11.02158557023669
0.1634095064170741,-1.674062129495268,-11.01551483201346
0.1652052152788002,-1.693836769277784,-11.008686251157139
0.16700092414052628,-1.7135984680871583,-11.00110197725934
0.1687966330022524,-1.7333458709074776,-10.992764238282325
0.17059234186397848,-1.7530776267936106,-10.983675340214825
0.17238805072570457,-1.7727923890104187,-10.973837665939621
0.17418375958743065,-1.7924888151710348,-10.963253675189131
0.17597946844915674,-1.8121655673742163,-10.951925904323366
0.17777517731088283,-1.831821312340758,-10.939856964797821
0.1795708861726089,-1.8514547215489072,-10.927049543651977
0.181366595034335,-1.8710644713688123,-10.913506402054905
0.18316230389606108,-1.8906492431959259,-10.899230375793765
0.18495801275778717,-1.9102077235834425,-10.884224373863825
0.18675372161951329,-1.9297386043736364,-10.868491377713505
0.18854943048123937,-1.9492405828281567,-10.852034441755087
0.19034513934296546,-1.968712361757256,-10.834856691233075
0.19214084820469154,-1.9881526496479203,-10.816961323267815
0.19393655706641763,-2.00756016079087,-10.798351604957013
0.19573226592814372,-2.0269336154064685,-10.779030873053763
0.1975279747898698,-2.046271739769444,-10.759002533911044
0.1993236836515959,-2.065573266332487,-10.738270061949606
0.20111939251332198,-2.0848369338486674,-10.716836999802304
0.20291510137504806,-2.1040614874926407,-10.694706956626554
0.20471081023677418,-2.1232456789806795,-10.671883609125743
0.20650651909850026,-2.142388266689462,-10.64837069872926
0.20830222796022635,-2.1614880157736382,-10.624172032924761
0.21009793682195244,-2.180543698282132,-10.599291482948914
0.21189364568367852,-2.1995540932732234,-10.573732983854
0.2136893545454046,-2.2185179869282785,-10.547500534041632
0.2154850634071307,-2.2374341726642837,-10.520598193886066
0.21728077226885678,-2.2563014512449917,-10.493030085201305
0.21907648113058287,-2.2751186308908053,-10.464800390863616
0.22087218999230895,-2.293884527387314,-10.435913354411852
0.22266789885403507,-2.312597964192485,-10.406373277116465
0.22446360771576115,-2.331257772542517,-10.376184520177745
0.22625931657748724,-2.3498627915563066,-10.3453515026386
0.22805502543921333,-2.3684118683385513,-10.3138786990975
0.2298507343009394,-2.386903858081484,-10.281770642306398
0.2316464431626655,-2.405337624165155,-10.249031919329354
0.23344215202439159,-2.4237120382563684,-10.215667171942222
0.23523786088611767,-2.4420259804061284,-10.1816810964106
0.23703356974784376,-2.4602783391457352,-10.147078441558044
0.23882927860956987,-2.4784680115813673,-10.111864008832683
0.24062498747129596,-2.496593903487255,-10.07604265044204
0.24242069633302205,-2.5146549293973672,-10.039619270840738
0.24421640519474813,-2.532650012695691,-10.00259882204535
0.24601211405647422,-2.5505780857049127,-9.964986307231527
0.2478078229182003,-2.5684380897737666,-9.926786776648377
0.2496035317799264,-2.5862289753627414,-9.888005327818306
0.2513992406416525,-2.6039497021284075,-9.848647105403785
0.25319494950337856,-2.621599239006143,-9.808717299231162
0.25499065836510465,-2.6391765642913945,-9.768221144024203
0.25678636722683074,-2.6566806657193873,-9.727163918982207
0.2585820760885568,-2.674110540543337,-9.685550944871224
0.2603777849502829,-2.691465195611069,-9.64338758748795
0.262173493812009,-2.708743647440142,-9.600679250643118
0.2639692026737351,-2.725944922291409,-9.557431382023474
0.2657649115354612,-2.743068056241009,-9.513649466175167
0.2675606203971873,-2.760112095250798,-9.469339028078672
0.2693563292589134,-2.7770760952372493,-9.424505630239999
0.2711520381206395,-2.7939591221387223,-9.379154871846929
0.27294774698236557,-2.810760251981221,-9.333292388880032
0.27474345584409166,-2.82747857094251,-9.28692385191443
0.27653916470581774,-2.8441131754146918,-9.240054966563882
0.27833487356754383,-2.860663172065196,-9.192691471326953
0.2801305824292699,-2.8771276778961403,-9.144839137986693
0.281926291290996,-2.893505820302123,-9.096503769767672
0.2837220001527221,-2.909796737126437,-9.047691200336772
0.2855177090144482,-2.925999576715654,-8.998407294358302
0.28731341787617426,-2.9421134979725982,-8.948657943852467
0.28910912673790035,-2.9581376704077744,-8.898449070815495
0.29090483559962643,-2.9740712741891335,-8.847786623600307
0.2927005444613525,-2.9899135001902444,-8.796676577582652
0.2944962533230786,-3.0056635500368802,-8.745124932363346
0.2962919621848047,-3.021320636151982,-8.693137713278176
0.2980876710465308,-3.0368839817989968,-8.640720968688953
0.29988337990825686,-3.0523528211236632,-8.58788077076067
0.301679088769983,-3.067726399194106,-8.534623212264059
0.3034747976317091,-3.083003972039376,-8.480954407841246
0.3052705064934352,-3.098184806686411,-8.426880492118372
0.30706621535516126,-3.113268181195282,-8.372407618550959
0.30886192421688735,-3.128253384692985,-8.317541959335095
0.31065763307861344,-3.143139717405476,-8.262289703719894
0.3124533419403395,-3.1579264906882023,-8.206657058051903
0.3142490508020656,-3.1726130270550046,-8.150650244176383
0.3160447596637917,-3.1871986602054254,-8.094275497594339
0.3178404685255178,-3.201682735050414,-8.037539069705169
0.31963617738724387,-3.216064607736416,-7.980447223032704
0.32143188624896996,-3.2303436456679453,-7.923006233578888
0.32322759511069604,-3.2445192275284827,-7.865222386982395
0.32502330397242213,-3.258590743299851,-7.807101981294195
0.3268190128341482,-3.272557594279979,-7.7486513225366584
0.3286147216958743,-3.286419193099112,-7.689876725591737
0.3304104305576004,-3.300174963734436,-7.630784513290577
0.3322061394193265,-3.313824341523138,-7.571381014659372
0.33400184828105256,-3.327366773173923,-7.511672566229421
0.33579755714277865,-3.3408017167769293,-7.451665507685056
0.3375932660045048,-3.3541286418121548,-7.391366184572589
0.3393889748662309,-3.3673470291562957,-7.3307809443479135
0.34118468372795696,-3.380456371088037,-7.269916138485931
0.34298039258968305,-3.3934561712918514,-7.208778119127678
0.34477610145140913,-3.406345944860244,-7.1473732399907055
0.3465718103131352,-3.419125218294477,-7.085707853549116
0.3483675191748613,-3.4317935295037807,-7.023788312654488
0.3501632280365874,-3.444350427803049,-6.961620968382042
0.3519589368983135,-3.4567954739090947,-6.8992121679212195
0.35375464576003957,-3.4691282399352943,-6.836568257018171
0.35555035462176565,-3.4813483093848876,-6.773695576267612
0.35734606348349174,-3.493455277142677,-6.710600461001802
0.3591417723452178,-3.5054487494653452,-6.647289240913067
0.3609374812069439,-3.5173283439702745,-6.583768239631914
0.36273319006867,-3.529093689622929,-6.520043772439975
0.3645288989303961,-3.5407444267227612,-6.4561221470249555
0.36632460779212217,-3.5522802068877253,-6.392009662326003
0.36812031665384826,-3.5637006930373807,-6.327712606135626
0.36991602551557434,-3.5750055593744867,-6.2632372578086395
0.3717117343773005,-3.5861944913653043,-6.198589883088522
0.37350744323902657,-3.59726718571845,-6.133776736749751
0.37530315210075266,-3.6082233503623495,-6.068804060133103
0.37709886096247874,-3.6190627044213386,-6.003678081567542
0.37889456982420483,-3.62978497819041,-5.938405014394021
0.3806902786859309,-3.6403899131085735,-5.872991056432574
0.382485987547657,-3.6508772617309,-5.807442390493022
0.3842816964093831,-3.661246787699197,-5.741765182465385
0.3860774052711092,-3.6714982657114357,-5.675965579432506
0.38787311413283526,-3.6816314814897786,-5.610049712578834
0.38966882299456135,-3.691646231747339,-5.544023692571897
0.39146453185628743,-3.7015423241537153,-5.477893611449679
0.3932602407180135,-3.7113195772991525,-5.411665540044908
0.3950559495797396,-3.7209778206574975,-5.345345528984247
0.3968516584414657,-3.7305168945479,-5.278939606645494
0.3986473673031918,-3.739936650095252,-5.2124537797348935
0.40044307616491787,-3.7492369491894046,-5.145894031088893
0.40223878502664395,-3.7584176644432263,-5.079266320673348
0.40403449388837004,-3.7674786791493484,-5.0125765830077995
0.4058302027500961,-3.776419887235823,-4.945830729008449
0.40762591161182227,-3.785241193220581,-4.87903464252426
0.40942162047354835,-3.793942512164677,-4.812194181624818
0.41121732933527444,-3.80252376962445,-4.745315178134035
0.4130130381970005,-3.8109849016025366,-4.67840343443271
0.4148087470587266,-3.819325854497696,-4.6114647267669895
0.4166044559204527,-3.8275465850536294,-4.544504801073934
0.4184001647821788,-3.835647060306639,-4.477529374424805
0.42019587364390487,-3.843627257532206,-4.41054413351516
0.42199158250563096,-3.8514871641905155,-4.343554735264377
0.42378729136735704,-3.8592267778709552,-4.276566804972681
0.42558300022908313,-3.866846106235546,-4.2095859351221065
0.4273787090908092,-3.87434516696132,-4.14261768695301
0.4291744179525353,-3.8817239876817506,-4.075667588776533
0.4309701268142614,-3.888982605927158,-4.00874113506422
0.4327658356759875,-3.896121069064133,-3.9418437865812446
0.43456154453771356,-3.9031394342339922,-3.8749809691207555
0.43635725339943965,-3.9100377682902647,-3.808158073748124
0.43815296226116573,-3.916816147735337,-3.741380456245835
0.4399486711228918,-3.923474658656007,-3.6746534351816957
0.4417443799846179,-3.930013396658327,-3.607982294484557
0.44354008884634405,-3.9364324668013877,-3.541372278759169
0.44533579770807014,-3.94273198353033,-3.474828596616852
0.4471315065697962,-3.9489120706084564,-3.4083564183662314
0.4489272154315223,-3.9549728610485224,-3.3419608745033353
0.4507229242932484,-3.960914497043167,-3.275647058886832
0.4525186331549745,-3.966737129894538,-3.209420023586595
0.45431434201670057,-3.97244091994314,-3.1432847829915285
0.45611005087842665,-3.9780260364958746,-3.07724631019024
0.45790575974015274,-3.983492657753327,-3.0113095363493154
0.4597014686018788,-3.98884097073629,-2.9454793533556507
0.4614971774636049,-3.99407117121159,-2.8797606114849823
0.463292886325331,-3.999183463617095,-2.8141581175589176
0.4650885951870571,-4.004178060986158,-2.748676637898128
0.46688430404878317,-4.009055184871253,-2.6833208947696363
0.46868001291050926,-4.013815065267012,-2.618095567719081
0.47047572177223534,-4.018457940532527,-2.553005293837174
0.47227143063396143,-4.022984057313123,-2.4880546646954826
0.4740671394956875,-4.027393670461395,-2.423248230121189
0.4758628483574136,-4.031687042957718,-2.3585904918466127
0.47765855721913975,-4.0358644458301045,-2.294085910969912
0.47945426608086583,-4.039926158073507,-2.229738901338152
0.4812499749425919,-4.043872466568585,-2.1655538305687116
0.483045683804318,-4.047703665999888,-2.1015350228026364
0.4848413926660441,-4.051420058773513,-2.0376867543081545
0.4866371015277702,-4.0550219549342685,-1.974013256456075
0.48843281038949626,-4.058509672082334,-1.9105187122558929
0.49022851925122235,-4.061883535289437,-1.8472072600417275
0.49202422811294844,-4.065143877014529,-1.784082990274882
0.4938199369746745,-4.068291037019106,-1.7211499452329801
0.4956156458364006,-4.071325362281962,-1.6584121201645983
0.4974113546981267,-4.074247206913625,-1.5958734636445369
0.4992070635598528,-4.077056932070384,-1.5335378746428316
0.5010027724215789,-4.079754905867869,-1.4714092044787461
0.502798481283305,-4.082341503294292,-1.409491256554318
0.504594190145031,-4.08481710612336,-1.3477877849776831
0.5063898990067571,-4.087182102826831,-1.286302495717706
0.5081856078684832,-4.089436888486697,-1.2250390451828963
0.5099813167302093,-4.091581864707135,-1.1640010408431323
0.5117770255919354,-4.093617439526149,-1.1031920410076168
0.5135727344536615,-4.09554402732684,-1.042615554425197
0.5153684433153876,-4.097362048748586,-0.982275039573821
0.5171641521771136,-4.099071930597822,-0.9221739074138923
0.5189598610388397,-4.100674105758643,-0.8623155167253315
0.5207555699005658,-4.102169013103235,-0.8027031769053393
0.5225512787622919,-4.103557097402042,-0.7433401483236678
0.524346987624018,-4.104838809233764,-0.684229639524858
0.5261426964857441,-4.1060146048952095,-0.625374810336865
0.5279384053474702,-4.107084946310957,-0.5667787694729753
0.5297341142091962,-4.108050300942908,-0.5084445753311684
0.5315298230709224,-4.108911141699708,-0.45037523555002673
0.5333255319326485,-4.109667946846027,-0.39257370785250595
0.5351212407943746,-4.110321199911782,-0.33504289889130234
0.5369169496561007,-4.110871389601248,-0.27778566544789385
0.5387126585178268,-4.111319009702155,-0.220804811768005
0.5405083673795529,-4.11166455899464,-0.16410309444658822
0.542304076241279,-4.111908541160272,-0.10768321625498344
0.544099785103005,-4.112051464690945,-0.051547831425580164
0.5458954939647311,-4.112093842797865,0.004300457945305425
0.5476912028264572,-4.1120361933204475,0.05985909958816648
0.5494869116881833,-4.111879038635296,0.11512559132675902
0.5512826205499094,-4.111622905565209,0.1700974837426372
0.5530783294116355,-4.1112683252882,0.22477237622275933
0.5548740382733616,-4.110815833246588,0.2791479192243429
0.5566697471350877,-4.110265969056192,0.33322181431927334
0.5584654559968137,-4.109619276415597,0.3869918123733384
0.5602611648585398,-4.108876303015488,0.440455716521626
0.5620568737202659,-4.108037600448127,0.4936113785714013
0.563852582581992,-4.10710372411699,0.5464567014445976
0.5656482914437181,-4.106075233146472,0.5989896375346859
0.5674440003054442,-4.104952690291804,0.6512081906162592
0.5692397091671703,-4.103736661849097,0.7031104135801768
0.5710354180288963,-4.1024277175655985,0.7546944099878771
0.5728311268906224,-4.101026430550116,0.8059583322950202
0.5746268357523485,-4.099533377183654,0.8569003833613918
0.5764225446140746,-4.097949137030257,0.9075188147189549
0.5782182534758007,-4.096274292748091,0.9578119290143404
0.5800139623375268,-4.094509430000788,1.0077780761452715
0.5818096711992529,-4.092655137368975,1.0574156573017746
0.583605380060979,-4.090712006262121,1.1067231203920613
0.585401088922705,-4.0886806308306936,1.1556989650163274
0.5871967977844311,-4.086561607878476,1.2043417368712284
0.5889925066461572,-4.084355536775325,1.252650030991731
0.5907882155078833,-4.082063019370166,1.30062249188434
0.5925839243696094,-4.079684659904299,1.3482578105961096
0.5943796332313355,-4.0772210649250695,1.3955547274235867
0.5961753420930616,-4.074672843199895,1.4425120296479574
0.5979710509547876,-4.072040605630573,1.48912855260086
0.5997667598165137,-4.069324965168029,1.5354031781988906
0.6015624686782399,-4.066526536727406,1.581334837119641
0.603358177539966,-4.063645937103552,1.6269225056486645
0.6051538864016921,-4.060683784886878,1.6721652072781976
0.6069495952634182,-4.057640700379633,1.7170620114193011
0.6087453041251443,-4.054517305512627,1.7616120350893991
0.6105410129868704,-4.051314223762313,1.8058144401589258
0.6123367218485964,-4.048032080068345,1.8496684349500467
0.6141324307103225,-4.044671500751603,1.8931732725935289
0.6159281395720486,-4.041233113432599,1.9363282516504652
0.6177238484337747,-4.037717546950417,1.979132717222498
0.6195195572955008,-4.034125431282069,2.0215860573102873
0.6213152661572269,-4.030457397462378,2.0636877043234136
0.623110975018953,-4.0267140775043,2.1054371366791003
0.624906683880679,-4.022896104319781,2.1468338753383165
0.6267023927424051,-4.019004111641117,2.187877485404499
0.6284981016041312,-4.015038733942777,2.2285675749689204
0.6302938104658573,-4.011000606363826,2.2689037955103686
0.6320895193275834,-4.006890364630831,2.308885841673103
0.6338852281893095,-4.00270864498127,2.348513449401679
0.6356809370510356,-3.9984560840875725,2.3877863975174662
0.6374766459127617,-3.9941333189816417,2.4267045080073046
0.6392723547744877,-3.9897409869799327,2.465267641937885
0.6410680636362138,-3.9852797256091788,2.503475702764213
0.6428637724979399,-3.980750172532576,2.5413286360853604
0.644659481359666,-3.9761529654766314,2.5788264254256177
0.6464551902213921,-3.971488742158555,2.6159690975413596
0.6482508990831182,-3.9667581402142997,2.652756716359228
0.6500466079448443,-3.961961797127082,2.689189387439228
0.6518423168065703,-3.9571003501566593,2.725267254111152
0.6536380256682964,-3.9521744362691202,2.7609904999614794
0.6554337345300225,-3.947184692067284,2.796359346679544
0.6572294433917486,-3.9421317537218004,2.8313740537688754
0.6590251522534747,-3.937016256902802,2.8660349183029505
0.6608208611152008,-3.931838836712251,2.9003422767459592
0.6626165699769269,-3.9266001276168274,2.934296499734756
0.664412278838653,-3.921300763381612,2.9678979976521798
0.666207987700379,-3.9159413770042715,3.0011472157642767
0.6680036965621051,-3.910522600649975,3.034044635352728
0.6697994054238312,-3.905045065586945,3.066590774203348
0.6715951142855573,-3.8995094021227024,3.0987861843856375
0.6733908231472835,-3.8939162395409173,3.1306314540069375
0.6751865320090096,-3.888266206038984,3.1621272046811195
0.6769822408707357,-3.8825599286662573,3.193274093749032
0.6787779497324617,-3.876798033262941,3.2240728104149237
0.6805736585941878,-3.870981144399698,3.254524079077114
0.6823693674559139,-3.8651098853179247,3.284628655686461
0.68416507631764,-3.859184877870706,3.3143873305885303
0.6859607851793661,-3.8532067424645073,3.34380092539277
0.6877564940410922,-3.8471760980014644,3.3728702931501426
0.6895522029028183,-3.841093561822497,3.4015963196853956
0.6913479117645444,-3.834959749651034,3.429979920599457
0.6931436206262704,-3.8287752755374735,3.4580220433122473
0.6949393294879965,-3.822540751804341,3.485723665441753
0.6967350383497226,-3.8162567889921677,3.513085793560577
0.6985307472114487,-3.8099239958060545,3.540109465016705
0.7003264560731748,-3.8035429790629953,3.5667957455576267
0.7021221649349009,-3.7971143436398584,3.593145730218516
0.703917873796627,-3.7906386924221063,3.619160542633892
0.705713582658353,-3.7841166262532804,3.6448413326839453
0.7075092915200791,-3.777548743885094,3.670189279803004
0.7093050003818052,-3.770935641928379,3.695205589315797
0.7111007092435313,-3.764277914804635,3.719891494102789
0.7128964181052574,-3.7575761546983943,3.7442482530236627
0.7146921269669835,-3.7508309515102622,3.768277150428822
0.7164878358287096,-3.7440428928106666,3.791979497269615
0.7182835446904356,-3.7372125637943863,3.8153566292109526
0.7200792535521617,-3.730340547235754,3.838409905743134
0.7218749624138878,-3.7234274234446194,3.8611407119137904
0.7236706712756139,-3.7164737702230295,3.8835504557743756
0.72546638013734,-3.7094801628226133,3.9056405702009296
0.7272620889990661,-3.702447173902713,3.9274125089638896
0.7290577978607922,-3.695375373489267,3.948867751235596
0.7308535067225183,-3.6882653289343446,3.970007796749719
0.7326492155842443,-3.681117604876492,3.990834167111323
0.7344449244459704,-3.6739327632017424,4.011348406396387
0.7362406333076965,-3.666711363005386,4.031552079064582
0.7380363421694226,-3.659453960554417,4.051446770003686
0.7398320510311487,-3.6521611092507897,4.071034085439962
0.7416277598928748,-3.644833359595281,4.090315650562282
0.743423468754601,-3.6374712591521687,4.109293110499124
0.745219177616327,-3.630075352514603,4.127968129208348
0.7470148864780531,-3.6226461812706585,4.146342389432789
0.7488105953397792,-3.6151842839701405,4.1644175930333205
0.7506063042015053,-3.607690196092122,4.182195458057869
0.7524020130632314,-3.600164450013125,4.199677720850836
0.7541977219249575,-3.592607574976091,4.2168661357866455
0.7559934307866836,-3.585020097060021,4.2337624723387535
0.7577891396484097,-3.5774025391503237,4.250368517721981
0.7595848485101357,-3.569755420909877,4.266686074005932
0.7613805573718618,-3.562079258750779,4.282716959291832
0.7631762662335879,-3.5543745658068455,4.298463007490483
0.764971975095314,-3.5466418519067107,4.313926065413476
0.7667676839570401,-3.5388816235477676,4.329107995526549
0.7685633928187662,-3.5310943838706343,4.344010674950383
0.7703591016804923,-3.5232806326344637,4.358635992596227
0.7721548105422184,-3.5154408661928196,4.372985851763822
0.7739505194039444,-3.5075755774703334,4.387062168831335
0.7757462282656705,-3.4996852559399714,4.400866872056319
0.7775419371273966,-3.491770387601034,4.4144019011094215
0.7793376459891227,-3.4838314549577776,4.427669209605689
0.7811333548508488,-3.4758689369987597,4.440670759264798
0.7829290637125749,-3.467883309176833,4.453408525884051
0.784724772574301,-3.459875043389777,4.465884493876082
0.786520481436027,-3.4518446079616503,4.478100657889783
0.7883161902977531,-3.4437924676247644,4.490059024320203
0.7901118991594792,-3.435719083502285,4.501761606712229
0.7919076080212053,-3.427624913091559,4.5132104295353415
0.7937033168829314,-3.4195104102480265,4.524407524586493
0.7954990257446575,-3.411376025169799,4.535354933121738
0.7972947346063836,-3.4032222043828693,4.546054704146485
0.7990904434681096,-3.3950493907269736,4.556508893749367
0.8008861523298357,-3.386858023342085,4.566719566323485
0.8026818611915618,-3.3786485376554785,4.576688793123118
0.8044775700532879,-3.3704213653695176,4.586418651686408
0.806273278915014,-3.3621769344499732,4.595911225324656
0.8080689877767401,-3.353915669114998,4.60516860509852
0.8098646966384662,-3.3456379898247106,4.614192885377122
0.8116604055001923,-3.337344313271358,4.622986167501786
0.8134561143619184,-3.329035052370126,4.631550558076292
0.8152518232236445,-3.3207106162504916,4.639888166591
0.8170475320853706,-3.312371410248213,4.648001108287225
0.8188432409470967,-3.3040178358978793,4.655891501914589
0.8206389498088228,-3.2956502909260466,4.663561469731015
0.8224346586705489,-3.2872691692449685,4.671013137458324
0.824230367532275,-3.2788748609468747,4.678248634060189
0.826026076394001,-3.2704677522988344,4.6852700912314305
0.8278217852557271,-3.2620482257381713,4.692079642532043
0.8296174941174532,-3.253616659868461,4.698679424031127
0.8314132029791793,-3.245173429456032,4.705071573618547
0.8332089118409054,-3.2367189054270726,4.711258230227777
0.8350046207026315,-3.2282534548652455,4.717241534546446
0.8368003295643576,-3.2197774410098274,4.723023627373202
0.8385960384260837,-3.21129122325444,4.728606651305256
0.8403917472878097,-3.202795157146223,4.733992747785187
0.8421874561495358,-3.1942895943856158,4.7391840596100465
0.8439831650112619,-3.185774882826578,4.744182728200208
0.845778873872988,-3.1772513664773894,4.748990894754002
0.8475745827347141,-3.1687193855019,4.753610700070077
0.8493702915964402,-3.160179276221317,4.75804428383686
0.8511660004581663,-3.1516313711164656,4.762293782789584
0.8529617093198923,-3.143075998830568,4.766361334174185
0.8547574181816184,-3.134513484172447,4.7702490715506585
0.8565531270433445,-3.12594414812029,4.773959127923888
0.8583488359050706,-3.11736830782582,4.777493632235341
0.8601445447667967,-3.108786276618965,4.780854711650129
0.8619402536285228,-3.100198364012966,4.784044489936079
0.8637359624902489,-3.091604875710001,4.787065088485143
0.865531671351975,-3.083006113607171,4.789918623382405
0.867327380213701,-3.0744023758029906,4.79260720851471
0.8691230890754271,-3.065793956604328,4.795132953772097
0.8709187979371532,-3.057181146533726,4.797497964603714
0.8727145067988793,-3.0485642323371973,4.799704340796573
0.8745102156606054,-3.039943496992429,4.801754179428741
0.8763059245223315,-3.0313192197173944,4.803649571272217
0.8781016333840576,-3.0226916759794022,4.80539260325763
0.8798973422457836,-3.014061137504502,4.806985354899318
0.8816930511075097,-3.0054278722873704,4.808429902158906
0.8834887599692358,-2.9967921446014887,4.809728313959205
0.885284468830962,-2.9881542150098155,4.810882653960569
0.8870801776926881,-2.979514340375771,4.811894978962172
0.8888758865544142,-2.9708727738746057,4.812767339745783
0.8906715954161403,-2.9622297650051843,4.813501780387419
0.8924673042778664,-2.9535855596020903,4.814100337480198
0.8942630131395924,-2.9449403998481154,4.814565041733054
0.8960587220013185,-2.936294524287102,4.814897915972338
0.8978544308630446,-2.927648167837111,4.815100975030795
0.8996501397247707,-2.9190015618039844,4.815176227102036
0.9014458485864968,-2.910354933895182,4.815125671986387
0.9032415574482229,-2.9017085082340213,4.814951301823633
0.905037266309949,-2.8930625053741696,4.814655099938392
0.906832975171675,-2.8844171423145237,4.814239042660873
0.9086286840334011,-2.875772632514352,4.8137050956631455
0.9104243928951272,-2.86712918590881,4.813055217645079
0.9122201017568533,-2.8584870089246723,4.812291358557985
0.9140158106185794,-2.8498463044964604,4.811415457650625
0.9158115194803055,-2.8412072720827943,4.810429445800679
0.9176072283420316,-2.832570107683053,4.809335246047652
0.9194029372037577,-2.823935003854345,4.808134769129779
0.9211986460654837,-2.8153021497286956,4.806829918702071
0.9229943549272098,-2.8066717310305815,4.80542258687322
0.9247900637889359,-2.7980439300946602,4.803914656381636
0.926585772650662,-2.789418925883812,4.802307999995925
0.9283814815123881,-2.7807968940074206,4.800604480181825
0.9301771903741142,-2.7721780067398885,4.7988059484582735
0.9319728992358403,-2.7635624330394175,4.796914246685269
0.9337686080975663,-2.7549503385670215,4.794931205687192
0.9355643169592924,-2.7463418857057897,4.792858645541465
0.9373600258210185,-2.7377372335803303,4.790698375112257
0.9391557346827446,-2.729136538076496,4.788452192361348
0.9409514435444707,-2.7205399518613147,4.786121884725603
0.9427471524061968,-2.711947624403087,4.783709227540456
0.9445428612679229,-2.703359701991759,4.781215985194542
0.946338570129649,-2.6947763277594454,4.778643910285929
0.948134278991375,-2.6861976417011912,4.775994744221634
0.9499299878531011,-2.677623780695892,4.773270216174019
0.9517256967148272,-2.6690548785274286,4.770472044102192
0.9535214055765533,-2.660491065905956,4.767601933730603
0.9553171144382795,-2.651932470489422,4.764661578393614
0.9571128233000056,-2.643379216905192,4.761652660167925
0.9589085321617317,-2.634831426771879,4.758576848296059
0.9607042410234578,-2.626289218721359,4.755435799608243
0.9624999498851838,-2.61775270842089,4.752231159277365
0.9642956587469099,-2.609222008595426,4.748964559375679
0.966091367608636,-2.60069722905007,4.745637619718579
0.9678870764703621,-2.592178476692661,4.742251947531528
0.9696827853320882,-2.583665855556519,4.73880913689495
0.9714784941938143,-2.5751594668233007,4.735310769921064
0.9732742030555404,-2.5666594088460055,4.731758414711074
0.9750699119172664,-2.558165777172111,4.728153627842069
0.9768656207789925,-2.5496786645667946,4.724497952079965
0.9786613296407186,-2.541198161036321,4.72079291706784
0.9804570385024447,-2.532724353851496,4.71704003983664
0.9822527473641708,-2.524257327571275,4.713240823583931
0.9840484562258969,-2.515797164066417,4.709396759206008
0.985844165087623,-2.5073439425432937,4.705509323477131
0.987639873949349,-2.4988977395677576,4.701579980181947
0.9894355828110751,-2.4904586290891197,4.697610180137701
0.9912312916728012,-2.4820266824641974,4.69360136008401
0.9930270005345273,-2.4736019684814443,4.689554943171359
0.9948227093962534,-2.4651845533851873,4.685472340115737
0.9966184182579795,-2.456774500899902,4.6813549469559845
0.9984141271197056,-2.448371872254577,4.677204146652514
1.0002098359814318,-2.439976726207121,4.67302130868763
1.0020055448431577,-2.431589119068879,4.668807788488216
1.003801253704884,-2.4232091047291413,4.664564928402726
1.00559696256661,-2.4148367346797643,4.660294055991443
1.007392671428336,-2.4064720580398102,4.655996486047087
1.009188380290062,-2.3981151215802403,4.651673519551203
1.0109840891517883,-2.3897659697486398,4.64732644327448
1.0127797980135143,-2.381424644693996,4.642956530509501
1.0145755068752405,-2.373091186291521,4.638565039849496
1.0163712157369664,-2.3647656321674724,4.634153217764059
1.0181669245986926,-2.356448017724006,4.629722295601546
1.0199626334604186,-2.348138376164122,4.625273490810322
1.0217583423221448,-2.3398367385164964,4.620808007560484
1.0235540511838708,-2.331543133660466,4.616327035367185
1.025349760045597,-2.323257588350953,4.611831751155648
1.027145468907323,-2.314980127243403,4.607323316307976
1.0289411777690491,-2.3067107729187564,4.6028028796829545
1.0307368866307751,-2.298449545908396,4.598271575551038
1.0325325954925013,-2.2901964647191075,4.5937305242604864
1.0343283043542273,-2.2819515458580533,4.589180832748063
1.0361240132159535,-2.2737148038576946,4.584623593495429
1.0379197220776795,-2.2654862513007465,4.580059885461729
1.0397154309394057,-2.257265898845106,4.575490773528479
1.0415111398011316,-2.2490537552487564,4.570917308588385
1.0433068486628578,-2.240849827394659,4.566340528455726
1.0451025575245838,-2.23265412031562,4.561761455934565
1.04689826638631,-2.224466637219142,4.557181101016994
1.048693975248036,-2.216287379512243,4.552600459217793
1.0504896841097622,-2.2081163468262224,4.548020512307183
1.0522853929714882,-2.199953537041439,4.543442229110184
1.0540811018332144,-2.191798946311997,4.538866563619237
1.0558768106949403,-2.1836525690904547,4.534294456659538
1.0576725195566665,-2.175514398152432,4.5297268349786535
1.0594682284183925,-2.167384424621204,4.5251646122901334
1.0612639372801187,-2.1592626379922595,4.520608687852423
1.063059646141845,-2.151149026157771,4.51605994848947
1.0648553550035709,-2.14304357543104,4.5115192655487135
1.066651063865297,-2.1349462705708944,4.506987498698045
1.068446772727023,-2.126857094806001,4.5024654930836405
1.0702424815887492,-2.1187760298591285,4.497954080551203
1.0720381904504752,-2.1107030559713658,4.49345407942392
1.0738338993122014,-2.1026381519262496,4.488966294680097
1.0756296081739274,-2.094581295073841,4.484491518197409
1.0774253170356536,-2.0865324613547274,4.480030528108969
1.0792210258973796,-2.0784916253239483,4.475584089003171
1.0810167347591058,-2.0704587601748528,4.4711529529228855
1.0828124436208317,-2.062433837762895,4.4667378579887895
1.084608152482558,-2.0544168286293045,4.462339529998083
1.086403861344284,-2.0464077020247355,4.457958680514906
1.08819957020601,-2.038406425932793,4.453596009046379
1.089995279067736,-2.0304129670934925,4.449252201399467
1.0917909879294623,-2.02242729102661,4.444927930502551
1.0935866967911883,-2.0144493620549873,4.440623856916126
1.0953824056529144,-2.006479143327697,4.4363406272562855
1.0971781145146404,-1.9985165968431449,4.4320788762153285
1.0989738233763666,-1.9905616834720732,4.427839225062957
1.1007695322380926,-1.982614362980465,4.423622283278306
1.1025652410998188,-1.9746745940523343,4.419428646584844
1.1043609499615448,-1.9667423343124566,4.415258898760044
1.106156658823271,-1.958817540348952,4.411113610824913
1.107952367684997,-1.9509001677358064,4.40699334111061
1.1097480765467231,-1.9429901710552353,4.402898635635921
1.1115437854084491,-1.9350875039200053,4.398830028440326
1.1133394942701753,-1.9271921189955925,4.394788040451569
1.1151352031319013,-1.9193039680222628,4.390773181472962
1.1169309119936275,-1.9114230018370293,4.3867859475299475
1.1187266208553535,-1.9035491703954825,4.382826824111952
1.1205223297170797,-1.8956824227935467,4.378896283574463
1.1223180385788056,-1.8878227072890714,4.374994786804365
1.1241137474405318,-1.8799699713233335,4.3711227825316
1.1259094563022578,-1.8721241615424238,4.367280707406884
1.127705165163984,-1.8642852238184882,4.363468986812169
1.12950087402571,-1.8564531032708789,4.359688034216713
1.1312965828874362,-1.8486277442871442,4.355938250943936
1.1330922917491624,-1.8408090905439398,4.352220027481479
1.1348880006108883,-1.8329970850277735,4.348533741860283
1.1366837094726145,-1.8251916700556405,4.344879761863929
1.1384794183343405,-1.8173927872955409,4.341258442697171
1.1402751271960667,-1.8096003777868341,4.337670128984339
1.1420708360577927,-1.8018143819605033,4.334115154003282
1.143866544919519,-1.7940347396592684,4.330593839607655
1.1456622537812449,-1.7862613901575433,4.327106496937461
1.147457962642971,-1.77849427218131,4.32365342577512
1.149253671504697,-1.7707333239278205,4.3202349150894825
1.1510493803664232,-1.7629784830851538,4.316851242880393
1.1528450892281492,-1.7552296868516784,4.3135026767227025
1.1546407980898754,-1.7474868719553345,4.31018947327777
1.1564365069516014,-1.7397499746728047,4.306911878015907
1.1582322158133276,-1.7320189308485185,4.303670127081549
1.1600279246750536,-1.7242936759135392,4.300464444872976
1.1618236335367798,-1.7165741449043042,4.297295046296057
1.1636193423985057,-1.708860272481199,4.294162135698443
1.165415051260232,-1.7011519929470318,4.291065906647518
1.167210760121958,-1.6934492402653079,4.288006543540224
1.169006468983684,-1.6857519480784076,4.284984219837806
1.17080217784541,-1.678060049725593,4.281999099442491
1.1725978867071363,-1.670373478260863,4.279051336186779
1.1743935955688622,-1.6626921664706846,4.276141074333051
1.1761893044305884,-1.655016046891536,4.27326844820719
1.1779850132923144,-1.6473450518273467,4.270433582342914
1.1797807221540406,-1.6396791133667536,4.267636591881452
1.1815764310157666,-1.632018163400218,4.264877582560445
1.1833721398774928,-1.6243621336369856,4.262156650525206
1.1851678487392188,-1.6167109556219046,4.259473882661791
1.186963557600945,-1.6090645607520797,4.256829356807934
1.188759266462671,-1.6014228802933728,4.254223141098024
1.1905549753243971,-1.5937858453967608,4.251655295606227
1.192350684186123,-1.586153387114533,4.249125870070536
1.1941463930478493,-1.5785254364163173,4.246634906568403
1.1959421019095753,-1.5709019242049795,4.244182437707078
1.1977378107713015,-1.563282781332334,4.241768487633912
1.1995335196330275,-1.5556679386147403,4.239393071781006
1.2013292284947537,-1.5480573268484772,4.237056197065048
1.2031249373564799,-1.5404508768250327,4.234757862009442
1.2049206462182058,-1.5328485193461867,4.232498056688794
1.206716355079932,-1.5252501852389382,4.230276762717811
1.208512063941658,-1.517655805370296,4.228093953817513
1.2103077728033842,-1.5100653106618902,4.225949595726419
1.2121034816651102,-1.5024786321044303,4.223843645800862
1.2138991905268364,-1.494895700772,4.221776053781046
1.2156948993885623,-1.4873164478361929,4.219746761235932
1.2174906082502885,-1.4797408045800906,4.217755702529136
1.2192863171120145,-1.4721687024120578,4.215802803941848
1.2210820259737407,-1.4646000728794208,4.213887984150233
1.2228777348354667,-1.4570348476819261,4.212011154913764
1.2246734436971929,-1.4494729586850765,4.210172219720754
1.2264691525589189,-1.4419143379332968,4.208371075686834
1.228264861420645,-1.4343589176629183,4.206607612300406
1.230060570282371,-1.4268066303150286,4.204881712221997
1.2318562791440972,-1.4192574085481195,4.203193250273962
1.2336519880058232,-1.4117111852506188,4.201542095505495
1.2354476968675494,-1.4041678935532085,4.199928109405171
1.2372434057292754,-1.3966274668410112,4.198351146778023
1.2390391145910016,-1.389089838765606,4.196811056289551
1.2408348234527276,-1.3815549432568623,4.195307679222271
1.2426305323144538,-1.3740227145346287,4.193840851451913
1.2444262411761797,-1.3664930871202523,4.192410401238078
1.246221950037906,-1.3589659958479154,4.191016151611215
1.248017658899632,-1.3514413758758321,4.189657919229095
1.249813367761358,-1.3439191626972606,4.188335514032637
1.251609076623084,-1.336399292151357,4.187048740833532
1.2534047854848103,-1.3288817004338584,4.185797397782132
1.2552004943465362,-1.3213663241076081,4.18458127766641
1.2569962032082624,-1.3138531001129021,4.183400167367957
1.2587919120699884,-1.3063419657776818,4.182253848472595
1.2605876209317146,-1.2988328588275497,4.181142096437718
1.2623833297934406,-1.2913257173956285,4.180064681735818
1.2641790386551668,-1.2838204800322441,4.179021369443703
1.2659747475168928,-1.2763170857144495,4.178011919231395
1.267770456378619,-1.2688154738553712,4.177036085739605
1.269566165240345,-1.261315584313412,4.176093618335486
1.2713618741020711,-1.2538173574012559,4.175184261634435
1.2731575829637973,-1.2463207338947313,4.174307755411277
1.2749532918255233,-1.2388256550414984,4.173463834300506
1.2767490006872495,-1.2313320625695636,4.172652228595641
1.2785447095489755,-1.2238398986956427,4.1718726638828585
1.2803404184107017,-1.2163491061333436,4.1711248611742135
1.2821361272724277,-1.2088596281011903,4.170408536874337
1.2839318361341538,-1.201371408330475,4.169723403590897
1.2857275449958798,-1.193884391072957,4.169069169257522
1.287523253857606,-1.186398521108374,4.1684455376667096
1.289318962719332,-1.1789137437518051,4.167852208869505
1.2911146715810582,-1.171430004860861,4.167288878709208
1.2929103804427842,-1.163947250842716,4.166755239165543
1.2947060893045104,-1.1564654286609535,4.166250978432373
1.2965017981662363,-1.148984485842278,4.16577578130628
1.2982975070279625,-1.1415043704830323,4.16532932857594
1.3000932158896885,-1.1340250312555706,4.16491129785479
1.3018889247514147,-1.126546417414443,4.164521363203555
1.3036846336131407,-1.1190684788024554,4.164159195296779
1.3054803424748669,-1.1115911658565152,4.163824461711485
1.3072760513365929,-1.1041144296133554,4.163516826938274
1.309071760198319,-1.0966382217150634,4.163235952403532
1.310867469060045,-1.0891624944144713,4.162981496225182
1.3126631779217712,-1.0816872005803642,4.162753114300699
1.3144588867834972,-1.0742122937025298,4.162550459307912
1.3162545956452234,-1.0667377278966579,4.162373181293422
1.3180503045069494,-1.0592634579090576,4.162220927950155
1.3198460133686756,-1.051789439121223,4.1620933440622565
1.3216417222304015,-1.0443156275542385,4.161990072493182
1.3234374310921277,-1.0368419798730169,4.161910753597287
1.3252331399538537,-1.0293684533903775,4.161855025186512
1.32702884881558,-1.0218950060709657,4.161822523340852
1.328824557677306,-1.0144215965350136,4.161812882064186
1.330620266539032,-1.0069481840619314,4.161825733151048
1.332415975400758,-0.9994747285937503,4.161860706658471
1.3342116842624843,-0.9920011907383912,4.161917431017015
1.3360073931242102,-0.9845275317727995,4.161995532875329
1.3378031019859364,-0.9770537136458882,4.162094636950275
1.3395988108476624,-0.9695796989813525,4.162214366953965
1.3413945197093886,-0.9621054510803059,4.162354344816599
1.3431902285711146,-0.9546309339237756,4.162514191297095
1.3449859374328408,-0.947156112175018,4.162693525849859
1.346781646294567,-0.9396809511817156,4.162891966774662
1.348577355156293,-0.932205416977969,4.163109131211096
1.3503730640180192,-0.924729476286178,4.1633446353495085
1.3521687728797451,-0.9172530965187434,4.163598094708565
1.3539644817414713,-0.909776245779617,4.163869123424702
1.3557601906031973,-0.9022988928657061,4.164157335484475
1.3575558994649235,-0.8948210072681152,4.1644623439696105
1.3593516083266495,-0.887342559173249,4.164783761434476
1.3611473171883757,-0.8798635194637392,4.165121199789512
1.3629430260501016,-0.8723838597192457,4.165474270717562
1.3647387349118278,-0.8649035522170926,4.165842585585056
1.3665344437735538,-0.8574225699327596,4.166225755497521
1.36833015263528,-0.8499408865402118,4.166623391499424
1.370125861497006,-0.8424584764121077,4.16703510428551
1.3719215703587322,-0.8349753146198147,4.167460504761467
1.3737172792204582,-0.8274913769333302,4.167899204271519
1.3755129880821844,-0.8200066398210115,4.168350813554822
1.3773086969439103,-0.8125210804491844,4.1688149444107925
1.3791044058056365,-0.8050346766815889,4.169291208466763
1.3809001146673625,-0.7975474070787031,4.16977921796069
1.3826958235290887,-0.7900592508968972,4.170278585785558
1.3844915323908147,-0.7825701880874587,4.170788924895419
1.3862872412525409,-0.7750801992954772,4.171309849532179
1.3880829501142669,-0.767589265858574,4.171840974365182
1.389878658975993,-0.7600973698055038,4.172381914935297
1.391674367837719,-0.7526044938546137,4.172932287721531
1.3934700766994452,-0.7451106214121472,4.173491710041111
1.3952657855611712,-0.7376157365704368,4.174059800393648
1.3970614944228974,-0.7301198241059337,4.174636178311264
1.3988572032846234,-0.7226228694771164,4.175220464791574
1.4006529121463496,-0.7151248588222514,4.175812281725921
1.4024486210080755,-0.7076257789570286,4.176411252521106
1.4042443298698017,-0.7001256173720561,4.177017002282568
1.4060400387315277,-0.6926243622302245,4.177629157159357
1.407835747593254,-0.6851220023639343,4.178247345287822
1.40963145645498,-0.6776185272721961,4.178871196108824
1.411427165316706,-0.6701139271175988,4.179500341000564
1.413222874178432,-0.6626081927231475,4.18013441317866
1.4150185830401583,-0.6551013155689674,4.180773047668396
1.4168142919018845,-0.6475932877888932,4.181415881232553
1.4186100007636104,-0.6400841021669161,4.182062552898769
1.4204057096253366,-0.6325737521335113,4.182712703776348
1.4222014184870626,-0.6250622317618445,4.1833659769507925
1.4239971273487888,-0.6175495357638506,4.184022017827971
1.4257928362105148,-0.6100356594861882,4.184680474089708
1.427588545072241,-0.6025205989060713,4.185340995815912
1.429384253933967,-0.5950043506269864,4.186003235390201
1.4311799627956932,-0.5874869118742855,4.186666847938447
1.4329756716574191,-0.579968280490661,4.187331490679291
1.4347713805191453,-0.5724484549314987,4.187996823962203
1.4365670893808713,-0.564927434260124,4.188662510412611
1.4383627982425975,-0.5574052181429289,4.189328215714605
1.4401585071043235,-0.5498818068443737,4.189993608116893
1.4419542159660497,-0.5423572012218988,4.190658358860233
1.4437499248277756,-0.5348314027207003,4.191322142121923
1.4455456336895018,-0.5273044133684099,4.191984635087964
1.4473413425512278,-0.5197762357696668,4.192645517953064
1.449137051412954,-0.5122468731005644,4.193304474048309
1.45093276027468,-0.5047163291030123,4.193961189769002
1.4527284691364062,-0.497184608078971,4.1946153550048715
1.4545241779981322,-0.4896517148846063,4.195266662701536
1.4563198868598584,-0.4821176549243093,4.1959148092046705
1.4581155957215843,-0.47458243414465046,4.196559494457075
1.4599113045833105,-0.4670460590281957,4.1972004214574365
1.4617070134450365,-0.45950853658725654,4.197837297117979
1.4635027223067627,-0.4519698743575117,4.198469831820373
1.4652984311684887,-0.44443008039156506,4.199097739385205
1.4670941400302149,-0.43688916325236743,4.199720737563251
1.4688898488919409,-0.4293471320065887,4.20033854773294
1.470685557753667,-0.4218039962178541,4.200950894789335
1.472481266615393,-0.41425976593992664,4.201557507960141
1.4742769754771192,-0.40671445170976844,4.202158120045207
1.4760726843388452,-0.3991680645405362,4.202752467824533
1.4778683932005714,-0.39162061591447067,4.203340292061042
1.4796641020622974,-0.38407211777572037,4.203921337467276
1.4814598109240236,-0.3765225825230581,4.204495352994053
1.4832555197857495,-0.36897202300253185,4.20506209166116
1.4850512286474757,-0.3614204525000226,4.205621310535146
1.486846937509202,-0.3538678847337365,4.206172770998551
1.488642646370928,-0.3463143338465941,4.206716238683295
1.490438355232654,-0.338759814398566,4.207251483470675
1.49223406409438,-0.3312043413589181,4.207778279630148
1.4940297729561063,-0.32364793009838916,4.208296405794343
1.4958254818178323,-0.31609059638129144,4.208805644842495
1.4976211906795585,-0.3085323563575407,4.209305784486084
1.4994168995412844,-0.3009732265546173,4.209796616616579
1.5012126084030106,-0.29341322386945656,4.210277937788387
1.5030083172647366,-0.2858523655602781,4.210749549077297
1.5048040261264628,-0.2782906692383359,4.211211256133218
1.5065997349881888,-0.27072815285962565,4.21166286944108
1.508395443849915,-0.2631648347165062,4.212104203915601
1.510191152711641,-0.25560073342927897,4.212535079273216
1.5119868615733671,-0.2480358679376948,4.212955320079259
1.5137825704350931,-0.2404702574924161,4.21336475555506
1.5155782792968193,-0.23290392164640622,4.213763219682032
1.5173739881585453,-0.2253368802462826,4.214150551483386
1.5191696970202715,-0.21776915342359837,4.21452659460364
1.5209654058819975,-0.21020076158609208,4.21489119777213
1.5227611147437237,-0.20263172540887014,4.215244214463009
1.5245568236054496,-0.19506206582555122,4.215585503236641
1.5263525324671758,-0.18749180401936016,4.215914927685471
1.5281482413289018,-0.1799209614141796,4.216232356092641
1.529943950190628,-0.17234955966555457,4.216537662103669
1.531739659052354,-0.164777620651663,4.2168307242143594
1.5335353679140802,-0.15720516646422783,4.217111426063624
1.5353310767758062,-0.14963221939942453,4.217379656272501
1.5371267856375324,-0.14205880194870696,4.217635308724487
1.5389224944992583,-0.13448493678964263,4.2178782823323875
1.5407182033609845,-0.1269106467766814,4.218108481153504
1.5425139122227105,-0.11933595493191279,4.218325814373674
1.5443096210844367,-0.11176088443577642,4.21853019645299
1.5461053299461627,-0.104185458617763,4.218721546875304
1.5479010388078889,-0.09660970094707379,4.218899790676966
1.5496967476696148,-0.08903363502325953,4.219064857657189
1.551492456531341,-0.0814572845668382,4.2192166831440945
1.553288165393067,-0.07388067340988674,4.219355207631114
1.5550838742547932,-0.06630382548661717,4.219480376839446
1.5568795831165194,-0.0587267648239335,4.219592141871744
1.5586752919782454,-0.05114951553197006,4.2196904589095885
1.5604710008399716,-0.04357210179461124,4.219775289676305
1.5622667097016976,-0.03599454786001184,4.219846600849591
1.5640624185634238,-0.028416878031089075,4.2199043646393495
1.5658581274251497,-0.02083911665601599,4.219948558539972
1.567653836286876,-0.013261288118700348,4.219979165259821
1.569449545148602,-0.005683416829265652,4.219996172852161
1.571245254010328,0.0018944727854869241,4.219999574687886
1.573040962872054,0.009472356291601591,4.219989369474465
1.5748366717337803,0.01705020925750807,4.219965561195159
1.5766323805955063,0.0246280072635522,4.2199281590762565
1.5784280894572325,0.03220572591152872,4.219877177697242
1.5802237983189584,0.039783340834205504,4.219812637032416
1.5820195071806846,0.04736082770484986,4.219734562284708
1.5838152160424106,0.05493816224673584,4.219642983982821
1.5856109249041368,0.06251532024265832,4.2195379377760185
1.5874066337658628,0.07009227754442027,4.219419464839696
1.589202342627589,0.07766901008232224,4.219287611544053
1.590998051489315,0.08524549387462341,4.219142429371519
1.5927937603510411,0.0928217050369995,4.218983975377149
1.5945894692127671,0.10039761979197463,4.218812311636288
1.5963851780744933,0.10797321447834231,4.218627505472861
1.5981808869362193,0.11554846556055424,4.218429629445491
1.5999765957979455,0.12312334963809672,4.218218761435632
1.6017723046596715,0.13069784345483756,4.217994984366535
1.6035680135213977,0.13827192390835116,4.217758386548809
1.6053637223831236,0.14584556805920906,4.217509061212043
1.6071594312448498,0.1534187531402495,4.217247106867716
1.6089551401065758,0.16099145656580965,4.216972627263393
1.610750848968302,0.1685636559409321,4.216685731049663
1.612546557830028,0.1761353290705221,4.216386532102101
1.6143422666917542,0.18370645396849408,4.216075149407472
1.6161379755534802,0.19127700886685525,4.21575170688887
1.6179336844152064,0.19884697222476552,4.215416333526456
1.6197293932769323,0.20641632273754731,4.215069163374108
1.6215251021386585,0.2139850393456658,4.2147103354178705
1.6233208110003845,0.22155310124364516,4.214339993699467
1.6251165198621107,0.22912048788896136,4.2139582870026615
1.626912228723837,0.23668717901086955,4.2135653692515485
1.6287079375855629,0.24425315461919056,4.213161398951281
1.630503646447289,0.25181839501305164,4.21274653978343
1.632299355309015,0.2593828807895583,4.212320960036986
1.6340950641707412,0.26694659285243477,4.211884832866497
1.6358907730324672,0.27450951242058896,4.211438336196305
1.6376864818941934,0.28207162103663447,4.210981652577606
1.6394821907559194,0.28963290057534274,4.21051496938829
1.6412778996176456,0.2971933332520492,4.210038478588696
1.6430736084793716,0.30475290163097957,4.209552376846504
1.6448693173410978,0.3123115886335334,4.209056865223104
1.6466650262028237,0.3198693775464853,4.208552149573275
1.64846073506455,0.32742625203012493,4.208038440045581
1.650256443926276,0.33498219612633934,4.207515951593077
1.652052152788002,0.3425371942666129,4.206984903157296
1.653847861649728,0.35009123127995706,4.206445518420421
1.6556435705114543,0.3576442924007842,4.205898025338994
1.6574392793731803,0.3651963632766792,4.205342656121713
1.6592349882349064,0.37274742997612964,4.204779647237755
1.6610306970966324,0.3802974789961451,4.204209239486167
1.6628264059583586,0.3878464972698274,4.203631677890396
1.6646221148200846,0.3953944721738374,4.203047211379096
1.6664178236818108,0.4029413915358059,4.202456093249651
1.6682135325435368,0.4104872436416308,4.201858580718532
1.670009241405263,0.41803201724272204,4.201254934965704
1.671804950266989,0.4255757015631355,4.2006454211568345
1.6736006591287151,0.43311828630664095,4.20003030835725
1.6753963679904411,0.44065976166368065,4.199409869698467
1.6771920768521673,0.4482001183182633,4.198784381759246
1.6789877857138933,0.45573934745473466,4.198154125023557
1.6807834945756195,0.4632774407644973,4.197519383905557
1.6825792034373455,0.47081439045259327,4.196880446113993
1.6843749122990717,0.4783501892442281,4.196237603057429
1.6861706211607976,0.48588483039117175,4.195591149927513
1.6879663300225238,0.4934183076780822,4.194941385080031
1.6897620388842498,0.5009506154287103,4.19428861049842
1.691557747745976,0.5084817485120295,4.1936331314051944
1.693353456607702,0.516011702348234,4.192975256450682
1.6951491654694282,0.523540472914666,4.192315297635307
1.6969448743311542,0.5310680567516095,4.191653570018161
1.6987405831928803,0.5385944509679984,4.190990391667038
1.7005362920546065,0.5461196532470141,4.190326084169138
1.7023320009163325,0.5536436618515667,4.189660971604114
1.7041277097780587,0.5611664756296827,4.188995381498861
1.7059234186397847,0.568688094019764,4.18832964400595
1.707719127501511,0.576208517055755,4.187664092164534
1.7095148363632369,0.5837277453721814,4.186999061872587
1.711310545224963,0.5912457802090845,4.186334891570498
1.713106254086689,0.5987626234168371,4.185671922479761
1.7149019629484152,0.6062782774608451,4.18501049854747
1.7166976718101412,0.6137927454261294,4.18435096597447
1.7184933806718674,0.6213060310217999,4.183693673426303
1.7202890895335934,0.6288181385853869,4.183038972321862
1.7220847983953196,0.6363290730870863,4.182387215773131
1.7238805072570456,0.6438388401338444,4.181738759800879
1.7256762161187718,0.6513474459733625,4.181093962213334
1.7274719249804977,0.6588548974979382,4.180453182844879
1.729267633842224,0.6663612022482076,4.179816784111168
1.73106334270395,0.673866368416756,4.179185129749019
1.732859051565676,0.6813704048515992,4.178558585943293
1.734654760427402,0.6888733210595365,4.1779375202888325
1.7364504692891283,0.6963751272093792,4.177322302367781
1.7382461781508542,0.703875834135054,4.176713303449819
1.7400418870125804,0.711375453338558,4.17611089634784
1.7418375958743064,0.7188739969928063,4.175515455517864
1.7436333047360326,0.7263714779443279,4.174927356598301
1.7454290135977586,0.733867909715838,4.174346977198207
1.7472247224594848,0.7413633065086787,4.1737746955206045
1.7490204313212108,0.7488576832051127,4.173210891522672
1.750816140182937,0.756351055370498,4.172655946221848
1.752611849044663,0.7638434392553053,4.172110241768001
1.7544075579063891,0.7713348517970229,4.171574160988234
1.7562032667681151,0.7788253106218986,4.171048088136287
1.7579989756298413,0.7863148340465603,4.170532408043215
1.7597946844915673,0.7938034410794824,4.1700275061506975
1.7615903933532935,0.8012911514223332,4.169533769238232
1.7633861022150195,0.8087779854711465,4.169051584035355
1.7651818110767457,0.8162639643173903,4.168581338181987
1.7669775199384716,0.8237491097488564,4.168123419484582
1.7687732288001978,0.8312334442504365,4.167678216548953
1.770568937661924,0.8387169910047303,4.167246117886547
1.77236464652365,0.8461997738925183,4.166827512552818
1.7741603553853762,0.8536818174930978,4.166422789569912
1.7759560642471022,0.8611631470844492,4.166032338026593
1.7777517731088284,0.8686437886432761,4.165656546922802
1.7795474819705543,0.8761237688448884,4.165295805441671
1.7813431908322805,0.8836031150629395,4.164950502283382
1.7831388996940065,0.8910818553690035,4.164621025865012
1.7849346085557327,0.8985600185320285,4.164307764475961
1.7867303174174587,0.906037634017599,4.164011105683985
1.7885260262791849,0.9135147319870912,4.163731436940266
1.7903217351409109,0.9209913432966441,4.16346914476895
1.792117444002637,0.9284674994959945,4.163224614855965
1.793913152864363,0.9359432328271488,4.162998232432047
1.7957088617260892,0.9434185762229136,4.162790381867509
1.7975045705878152,0.9508935633052589,4.162601446455749
1.7993002794495414,0.9583682283835387,4.1624318081801
1.8010959883112674,0.9658426064525422,4.16228184864087
1.8028916971729936,0.9733167331904113,4.1621519473789
1.8046874060347196,0.9807906449563732,4.162042483069062
1.8064831148964458,0.9882643787883499,4.16195383322604
1.8082788237581717,0.9957379724003736,4.161886373393875
1.810074532619898,1.003211464179876,4.16184047773438
1.811870241481624,1.0106848931848051,4.161816519143713
1.81366595034335,1.0181582991405842,4.161814868042235
1.815461659205076,1.0256317224369096,4.161835893723431
1.8172573680668023,1.0331052041244042,4.161879963227033
1.8190530769285282,1.0405787859110862,4.161947441516656
1.8208487857902544,1.0480525101587053,4.162038691724046
1.8226444946519804,1.0555264198788925,4.162154074693891
1.8244402035137066,1.0630005587291693,4.162293948750673
1.8262359123754326,1.070474971008789,4.162458670164959
1.8280316212371588,1.0779497016544066,4.162648592720419
1.8298273300988848,1.0854247962356063,4.162864067602801
1.831623038960611,1.0929003009502518,4.163105443433235
1.833418747822337,1.1003762626196736,4.1633730659129675
1.8352144566840631,1.1078527286837099,4.163667278056504
1.837010165545789,1.1153297471955557,4.163988420102793
1.8388058744075153,1.1228073668164915,4.164336829082238
1.8406015832692415,1.130285636810396,4.164712838894413
1.8423972921309675,1.137764607038135,4.165116780752154
1.8441930009926937,1.1452443279517792,4.165548981938105
1.8459887098544197,1.1527248505886343,4.166009766726209
1.8477844187161458,1.1602062265651427,4.16649945608194
1.8495801275778718,1.1676885080705839,4.1670183670183825
1.851375836439598,1.1751717478606438,4.167566813062518
1.853171545301324,1.182655999250785,4.168145104510579
1.8549672541630502,1.1901413161094894,4.1687535467516135
1.8567629630247762,1.1976277528512946,4.169392442487929
1.8585586718865024,1.2051153644297048,4.1700620895923635
1.8603543807482283,1.2126042063298996,4.170762782074178
1.8621500896099545,1.2200943345613098,4.171494809823706
1.8639457984716805,1.227585805649992,4.172258458312594
1.8657415073334067,1.235078676630875,4.173054009071198
1.8675372161951327,1.2425730050398092,4.173881738522844
1.8693329250568589,1.2500688489054703,4.1747419187609935
1.8711286339185849,1.2575662667410774,4.175634817404905
1.872924342780311,1.2650653175359585,4.176560697088938
1.874720051642037,1.27256606074696,4.177519815928843
1.8765157605037632,1.280068556289655,4.178512426811221
1.8783114693654892,1.2875728645294144,4.17953877773769
1.8801071782272154,1.2950790462723074,4.180599111547334
1.8819028870889414,1.3025871627558236,4.18169366578347
1.8836985959506676,1.3100972756394416,4.18282267302672
1.8854943048123936,1.317609446995018,4.183986359795888
1.8872900136741197,1.3251237392970263,4.185184947946841
1.8890857225358457,1.3326402154126045,4.186418653406854
1.890881431397572,1.3401589385914718,4.187687686019181
1.892677140259298,1.3476799724556419,4.188992250286905
1.894472849121024,1.3552033809889932,4.190332545095377
1.89626855798275,1.3627292285266641,4.191708762746327
1.8980642668444763,1.3702575797442864,4.19312108999037
1.8998599757062022,1.377788499647047,4.194569707260953
1.9016556845679284,1.3853220535585926,4.196054788674353
1.9034513934296544,1.3928583071097533,4.197576502229516
1.9052471022913806,1.4003973262271188,4.199135009386179
1.9070428111531066,1.4079391771214345,4.2007304652647015
1.9088385200148328,1.415483926275847,4.202363018035449
1.910634228876559,1.4230316404339596,4.204032809429492
1.912429937738285,1.4305823865877498,4.205739974483258
1.9142256466000112,1.438136231965314,4.2074846411721545
1.9160213554617371,1.44569324401843,4.209266930543798
1.9178170643234633,1.4532534904099896,4.211086956740218
1.9196127731851893,1.4608170390012263,4.212944826431642
1.9214084820469155,1.4683839578388107,4.214840639493733
1.9232041909086415,1.4759543151417727,4.216774487997288
1.9249998997703677,1.4835281792882524,4.218746457207434
1.9267956086320936,1.4911056188020988,4.22075662402932
1.9285913174938198,1.49868670233931,4.222805058506918
1.9303870263555458,1.5062714986742816,4.224891822690591
1.932182735217272,1.51386007668593,4.227016970936859
1.933978444078998,1.5214525053436394,4.22918054963084
1.9357741529407242,1.5290488536930333,4.231382597197353
1.9375698618024502,1.536649190841612,4.233623144089815
1.9393655706641764,1.5442535859442084,4.235902212590403
1.9411612795259023,1.5518621081882853,4.238219816865563
1.9429569883876285,1.5594748267790957,4.240575962355386
1.9447526972493545,1.5670918109246472,4.242970646717303
1.9465484061110807,1.5747131298205346,4.245403858604835
1.9483441149728067,1.5823388526346114,4.247875578311522
1.9501398238345329,1.5899690484914952,4.250385777515575
1.9519355326962589,1.5976037864569095,4.252934418702559
1.953731241557985,1.605243135521895,4.255521456297817
1.955526950419711,1.6128871645868341,4.2581468349789375
1.9573226592814372,1.62053594244534,4.260810491096834
1.9591183681431632,1.6281895377679787,4.263512351287968
1.9609140770048894,1.6358480190858493,4.266252333440246
1.9627097858666154,1.643511454774001,4.2690303459158585
1.9645054947283416,1.651179913034686,4.2718462878066354
1.9663012035900675,1.6588534618804875,4.274700048678692
1.9680969124517937,1.666532169117272,4.277591508938805
1.9698926213135197,1.6742161023270001,4.280520538924026
1.971688330175246,1.6819053288503876,4.283486999301367
1.973484039036972,1.6895999157694064,4.28649074114551
1.975279747898698,1.6972999298896496,4.289531605750074
1.977075456760424,1.7050054377225394,4.292609424172422
1.9788711656221503,1.7127165054673914,4.2957240175112155
1.9806668744838765,1.7204331989933341,4.298875197183971
1.9824625833456024,1.7281555838210556,4.302062763683612
1.9842582922073286,1.7358837251044714,4.305286507588768
1.9860540010690546,1.7436176876121559,4.308546209497166
1.9878497099307808,1.7513575357087197,4.311841638870995
1.9896454187925068,1.7591033333359671,4.315172555291458
1.991441127654233,1.7668551439939832,4.318538707082098
1.993236836515959,1.774613030722012,4.321939832652166
1.9950325453776852,1.782377056079251,4.325375659064434
1.9968282542394111,1.7901472821254685,4.328845902989986
1.9986239631011373,1.7979237704015105,4.33235026972012
2.0004196719628635,1.8057065819096492,4.335888453832482
2.0022153808245893,1.8134957770938005,4.33946013906894
2.0040110896863155,1.8212914158196292,4.343064997824886
2.0058067985480417,1.8290935573544809,4.346702691226945
2.007602507409768,1.8369022603472154,4.35037286908857
2.0093982162714936,1.8447175828078841,4.354075170465155
2.01119392513322,1.8525395820873183,4.357809221677833
2.012989633994946,1.8603683148565155,4.361574639200061
2.014785342856672,1.8682038370859804,4.365371026726628
2.016581051718398,1.876046204024875,4.369197976972217
2.018376760580124,1.8838954701800903,4.373055070472365
2.0201724694418504,1.8917516892951574,4.3769418762718
2.0219681783035766,1.899614914329058,4.380857951946648
2.0237638871653023,1.907485197434901,4.384802842238855
2.0255595960270285,1.9153625899385054,4.388776080599399
2.0273553048887547,1.9232471423168152,4.392777188622077
2.029151013750481,1.9311389041762541,4.396805675010995
2.0309467226122067,1.939037924230917,4.400861037057169
2.032742431473933,1.9469442502806888,4.404942759073105
2.034538140335659,1.9548579291892152,4.409050314080343
2.0363338491973852,1.9627790068617794,4.413183162155221
2.038129558059111,1.9707075282230717,4.417340750817456
2.039925266920837,1.9786435371948534,4.421522515141163
2.0417209757825634,1.9865870766734923,4.425727878032415
2.0435166846442896,1.9945381885074256,4.429956249651923
2.0453123935060153,2.0024969134744954,4.434207027714798
2.0471081023677415,2.0104632912592004,4.438479596458045
2.0489038112294677,2.018437360429836,4.442773328294791
2.050699520091194,2.0264191584155413,4.4470875822044675
2.05249522895292,2.0344087214832505,4.451421705087277
2.054290937814646,2.0424060847145644,4.455775029454934
2.056086646676372,2.0504112819824947,4.460146876539284
2.0578823555380983,2.058424345928166,4.464536553538956
2.0596780643998245,2.0664453079373835,4.468943354596355
2.0614737732615502,2.074474198117144,4.473366561796865
2.0632694821232764,2.0825110452720765,4.477805442304472
2.0650651909850026,2.090555876880739,4.482259251781251
2.066860899846729,2.0986087190719167,4.486727231678422
2.0686566087084546,2.1066695966007822,4.491208610279962
2.070452317570181,2.114738532825007,4.4957026029024405
2.072248026431907,2.122815549680798,4.500208411251094
2.074043735293633,2.1309006676588593,4.5047252233310076
2.075839444155359,2.138993905780275,4.5092522143797
2.077635153017085,2.1470952815723585,4.513788545779107
2.0794308618788113,2.155204811044403,4.518333365299831
2.0812265707405375,2.1633225086633967,4.522885807189958
2.0830222796022633,2.171448387329639,4.527444992330487
2.0848179884639895,2.179582458352359,4.5320100275692
2.0866136973257157,2.1877247314252473,4.536580007008517
2.088409406187442,2.195875214601921,4.541154010095916
2.0902051150491676,2.204033914271373,4.545731102845174
2.092000823910894,2.2122008351333533,4.5503103380140075
2.09379653277262,2.220375980173711,4.554890754060459
2.095592241634346,2.2285593506397166,4.559471376053281
2.097387950496072,2.236750946015293,4.564051215227849
2.099183659357798,2.244950763996305,4.568629268586477
2.1009793682195244,2.2531588004656817,4.573204520053054
2.1027750770812506,2.261375049468654,4.57777593898534
2.1045707859429763,2.269599503187853,4.582342481040946
2.1063664948047025,2.277832151918462,4.586903088821259
2.1081622036664287,2.286072984043283,4.591456689984064
2.109957912528155,2.2943219860078474,4.596002198753446
2.1117536213898807,2.302579142295453,4.6005385157421586
2.113549330251607,2.310844435402264,4.605064527085645
2.115345039113333,2.3191178458122965,4.6095791052414015
2.1171407479750592,2.3273993519725193,4.614081109211021
2.118936456836785,2.3356889302678487,4.618569383652016
2.120732165698511,2.3439865549962295,4.623042759188678
2.1225278745602374,2.3522921983436564,4.627500052989397
2.1243235834219636,2.360605830359225,4.6319400677230504
2.12611929228369,2.368927418930218,4.636361593024496
2.1279150011454155,2.377256929757175,4.640763404251125
2.1297107100071417,2.385594326328993,4.645144262260814
2.131506418868868,2.3939395698980457,4.649502915343717
2.133302127730594,2.402292619455343,4.653838096779772
2.13509783659232,2.4106534317056827,4.658148526548445
2.136893545454046,2.4190219610428927,4.662432910906844
2.1386892543157723,2.427398159525052,4.6666899426339725
2.1404849631774985,2.435781976849788,4.6709182997872745
2.1422806720392242,2.444173360329601,4.675116647234745
2.1440763809009504,2.4525722548672455,4.6792836366993384
2.1458720897626766,2.4609786029311596,4.683417905404497
2.147667798624403,2.469392344530949,4.687518077250985
2.1494635074861286,2.4778134171929302,4.6915827626614615
2.1512592163478548,2.486241755935752,4.695610558380636
2.153054925209581,2.494677293246048,4.699600047342045
2.154850634071307,2.5031199590542053,4.703549799356388
2.156646342933033,2.511569680710165,4.707458370933892
2.158442051794759,2.520026382959356,4.711324304973452
2.1602377606564853,2.5284899879186606,4.7151461306738085
2.1620334695182115,2.5369604150524827,4.718922364466138
2.1638291783799373,2.5454375811489385,4.722651509281306
2.1656248872416635,2.5539214002961015,4.726332055238203
2.1674205961033897,2.5624117838583724,4.729962478666749
2.169216304965116,2.5709086404529637,4.7335412432403245
2.1710120138268416,2.579411875926452,4.737066799687106
2.172807722688568,2.5879213933315115,4.740537585457005
2.174603431550294,2.596437092903684,4.743952025365594
2.17639914041202,2.604958872038353,4.747308531527494
2.178194849273746,2.613486625267787,4.750605502956695
2.179990558135472,2.6220202442383562,4.753841325966235
2.1817862669971984,2.6305596176878403,4.757014375567081
2.1835819758589246,2.6391046314229323,4.760123012070849
2.1853776847206503,2.6476551682968417,4.763165585042195
2.1871733935823765,2.6562111081870854,4.766140431144983
2.1889691024441027,2.664772327973414,4.769045875319122
2.190764811305829,2.6733387015158816,4.771880228870984
2.192560520167555,2.6819100996331406,4.774641792892886
2.194356229029281,2.690486390080842,4.777328855176677
2.196151937891007,2.699067437530251,4.779939692611812
2.1979476467527332,2.707653103547035,4.782472569808682
2.1997433556144594,2.716243246570205,4.784925739209633
2.201539064476185,2.7248377218913196,4.787297443176186
2.2033347733379114,2.7334363816338083,4.789585910924821
2.2051304821996376,2.7420390747325416,4.79178936148017
2.206926191061364,2.750645646913581,4.793906002165116
2.2087218999230895,2.7592559406741644,4.795934029822035
2.2105176087848157,2.7678697952628983,4.79787162916967
2.212313317646542,2.7764870466601566,4.799716975334434
2.214109026508268,2.7851075275587114,4.8014682318742175
2.215904735369994,2.7937310673446314,4.803123552710176
2.21770044423172,2.8023574920783534,4.804681079573214
2.2194961530934463,2.8109866244760395,4.806138945001592
2.2212918619551725,2.8196182838912027,4.807495272252105
2.2230875708168982,2.828252286296496,4.808748173035227
2.2248832796786244,2.8368884442658864,4.8098957499576045
2.2266789885403506,2.84552656695697,4.810936095167584
2.228474697402077,2.8541664600936407,4.811867292309202
2.2302704062638026,2.8628079259489962,4.812687414323946
2.2320661151255288,2.871450763328536,4.81339452607088
2.233861823987255,2.880094767553642,4.813986682772331
2.235657532848981,2.888739730445335,4.814461930369163
2.237453241710707,2.8973854403083594,4.814818306075885
2.239248950572433,2.906031681915554,4.815053839690719
2.2410446594341593,2.914678236492498,4.815166551064287
2.2428403682958855,2.923324881702551,4.815154451787151
2.2446360771576113,2.9319713916321115,4.81501554685515
2.2464317860193375,2.9406175367762843,4.814747831338728
2.2482274948810637,2.9492630840248366,4.814349294712805
2.25002320374279,2.9579077966484784,4.813817917193042
2.2518189126045156,2.9665514342855257,4.813151672511395
2.253614621466242,2.9751937529288677,4.812348526739285
2.255410330327968,2.983834504913334,4.811406439930721
2.257206039189694,2.992473438903339,4.810323364234925
2.25900174805142,3.001110299880996,4.809097246005756
2.260797456913146,3.009744829134533,4.80772602442503
2.2625931657748724,3.0183767642470634,4.8062076341448545
2.2643888746365985,3.027005839085819,4.804540002356639
2.2661845834983247,3.0356317837916893,4.802721050878311
2.2679802923600505,3.0442543247692,4.800748696531798
2.2697760012217767,3.052873184676874,4.798620850476887
2.271571710083503,3.0614880824179718,4.796335419454678
2.273367418945229,3.070098733131703,4.793890304743975
2.275163127806955,3.0787048481847865,4.79128340293844
2.276958836668681,3.0873061351634608,4.788512606657136
2.2787545455304072,3.095902297865929,4.785575804411302
2.2805502543921334,3.1044930362952177,4.782470880893008
2.282345963253859,3.113078046652467,4.779195717219409
2.2841416721155854,3.121657021330704,4.775748190977147
2.2859373809773116,3.1302296489090105,4.7721261768884915
2.287733089839038,3.138795614147161,4.768327546456064
2.2895287987007635,3.1473545979807636,4.764350168540155
2.2913245075624897,3.1559062775168134,4.760191910202494
2.293120216424216,3.164450326029713,4.755850636173342
2.294915925285942,3.172986412957819,4.751324209162355
2.296711634147668,3.181514203900428,4.74661049039149
2.298507343009394,3.1900333606152587,4.741707340216728
2.3003030518711203,3.1985435410164524,4.736612618083669
2.3020987607328465,3.2070443991729993,4.731324181861396
2.3038944695945722,3.215535585307777,4.725839889219152
2.3056901784562984,3.2240167457969857,4.720157598581132
2.3074858873180246,3.232487523170191,4.714275167705395
2.309281596179751,3.240947556110804,4.7081904546608655
2.3110773050414766,3.2493964794571637,4.701901319115187
2.3128730139032028,3.257833924204082,4.6954056210024575
2.314668722764929,3.2662595175049614,4.688701221611247
2.316464431626655,3.2746728826744533,4.681785984517184
2.318260140488381,3.2830736391916444,4.674657773962032
2.320055849350107,3.2914614027038027,4.667314458139948
2.3218515582118333,3.299835785030664,4.6597539062886995
2.3236472670735595,3.308196394169312,4.651973990843494
2.3254429759352853,3.316542834299594,4.643972588680434
2.3272386847970115,3.3248747057901133,4.635747578096705
2.3290343936587377,3.333191605204806,4.6272968427629735
2.330830102520464,3.341493125310088,4.61861826985821
2.3326258113821896,3.3497788550825796,4.60970975131314
2.334421520243916,3.3580483797174576,4.600569183521586
2.336217229105642,3.366301280637347,4.5911944686283235
2.338012937967368,3.3745371355018494,4.581583513441068
2.3398086468290944,3.3827555182176554,4.571734230895963
2.34160435569082,3.390955998949289,4.5616445406349015
2.3434000645525463,3.3991381441304265,4.551312367961913
2.3451957734142725,3.407301516475878,4.540735644975591
2.3469914822759987,3.415445674994137,4.529912311745932
2.3487871911377245,3.423570175000614,4.518840315714812
2.3505828999994507,3.431674568131442,4.507517611362921
2.352378608861177,3.4397584023579646,4.495942162163757
2.354174317722903,3.447821222001816,4.484111940206148
2.355970026584629,3.45586256775069,4.472024926149842
2.357765735446355,3.463881976674717,4.459679109980463
2.3595614443080812,3.4718789822435063,4.4470724916978455
2.3613571531698074,3.4798531143438396,4.434203081049581
2.363152862031533,3.4878038992980214,4.4210688980861335
2.3649485708932594,3.495730859882898,4.407667974670737
2.3667442797549856,3.5036335153495117,4.393998351281958
2.3685399886167118,3.511511381443457,4.380058083164329
2.3703356974784375,3.5193639704259,4.365845235243526
2.3721314063401637,3.5271907910952316,4.351357885035156
2.37392711520189,3.534991348809484,4.336594123999227
2.375722824063616,3.5427651455093336,4.321552054631361
2.377518532925342,3.550511679741837,4.306229793837879
2.379314241787068,3.5582304466848518,4.290625473091225
2.3811099506487943,3.565920938172141,4.2747372363871605
2.3829056595105205,3.573582642719171,4.25856324381968
2.384701368372246,3.5812150455495813,4.2421016694271785
2.3864970772339724,3.5888176286224054,4.225350702657948
2.3882927860956986,3.596389870659914,4.208308549435991
2.390088494957425,3.603931247176258,4.190973430517886
2.3918842038191506,3.611441230506703,4.173343584845668
2.3936799126808768,3.6189192898376783,4.155417266238359
2.395475621542603,3.62636489123747,4.13719274856561
2.397271330404329,3.633777497687616,4.118668320063357
2.399067039266055,3.6411565691150654,4.099842289928546
2.400862748127781,3.648501562425017,4.080712984322332
2.4026584569895073,3.6558119315344744,4.061278748412889
2.4044541658512335,3.6630871274065284,4.0415379471525625
2.4062498747129597,3.670326598085353,4.021488964567332
2.4080455835746855,3.677529788731922,4.001130206088277
2.4098412924364117,3.684696141660443,3.980460095309723
2.411637001298138,3.691825096375518,3.959477079296114
2.413432710159864,3.6989160896100377,3.938179624451976
2.41522841902159,3.705968555363774,3.9165662195639324
2.417024127883316,3.7129819249427203,3.894635376289201
2.418819836745042,3.7199556269991394,3.8723856274902597
2.4206155456067684,3.726889087572344,3.849815530121425
2.422411254468494,3.7337817301302216,3.8269236634969057
2.4242069633302203,3.7406329756114647,3.8037086309783414
2.4260026721919465,3.7474422424685154,3.7801690601746425
2.4277983810536727,3.7542089467112616,3.756303603075217
2.4295940899153985,3.7609325019514643,3.732110937160193
2.4313897987771247,3.7676123194478657,3.707589764467833
2.433185507638851,3.77424780815208,3.682738812837982
2.434981216500577,3.780838374755182,3.657556836889064
2.436776925362303,3.7873834237349904,3.6320426170410864
2.438572634224029,3.7938823574041423,3.6061949619803353
2.4403683430857552,3.8003345759588223,3.5800127051510695
2.4421640519474814,3.8067394775282617,3.5534947114612687
2.443959760809207,3.8130964582249223,3.5266398703992503
2.4457554696709334,3.8194049121954214,3.4994471017624202
2.4475511785326596,3.8256642316721754,3.471915354791299
2.4493468873943858,3.831873807025725,3.444043606393165
2.4511425962561115,3.8380330268178193,3.415830864716973
2.4529383051178377,3.844141277855193,3.387276167643449
2.454734013979564,3.850197945244027,3.3583785832069775
2.45652972284129,3.8562024124451675,3.3291372106614143
2.458325431703016,3.862154061330006,3.299551180835358
2.460121140564742,3.868052272237079,3.269619654999722
2.4619168494264683,3.8738964240293656,3.2393418293752414
2.4637125582881945,3.8796858941522965,3.2087169287153823
2.46550826714992,3.8854200586924086,3.1777442147218333
2.4673039760116464,3.8910982924367583,3.146422979227736
2.4690996848733726,3.896719968932977,3.1147525489938483
2.470895393735099,3.902284460550017,3.0827322843984812
2.4726911025968246,3.9077911385395674,3.050361581280469
2.4744868114585508,3.913239373098207,3.0176398689851776
2.476282520320277,3.9186285334301147,2.9845666126293575
2.478078229182003,3.9239579878105904,2.9511413124794212
2.4798739380437294,3.929227103650107,2.917363505217096
2.481669646905455,3.9344352475591324,2.8832327634065176
2.4834653557671813,3.9395817854135102,2.8487486959827275
2.4852610646289075,3.9446660824205866,2.8139109499170085
2.4870567734906337,3.9496875031858854,2.7787192077299845
2.4888524823523595,3.954645411780525,2.7431731918214903
2.4906481912140856,3.95953917180919,2.707272660629201
2.492443900075812,3.96436814647876,2.6710174121813424
2.494239608937538,3.9691316986675855,2.634407282653406
2.496035317799264,3.97382919099537,2.5974421480334797
2.49783102666099,3.9784599858936285,2.5601219232562755
2.499626735522716,3.9830234456768316,2.522446562536196
2.5014224443844424,3.987518932614071,2.484416061077077
2.503218153246168,3.9919458090013946,2.446030453806536
2.5050138621078943,3.996303437234655,2.4072898175075963
2.5068095709696205,4.000591179882993,2.3681942681541557
2.5086052798313467,4.004808399762902,2.3287439651742403
2.5104009886930725,4.008954460012828,2.288939107852883
2.5121966975547987,4.0130287241683344,2.248779939106882
2.513992406416525,4.017030556237877,2.208266743064513
2.515788115278251,4.020959320779043,2.16739984719716
2.517583824139977,4.024814382975386,2.1261796210314543
2.519379533001703,4.028595108713784,2.084606478591766
2.5211752418634292,4.032300864662329,2.042680876046532
2.5229709507251554,4.035931018348692,2.0004033143283806
2.524766659586881,4.039484938239067,1.957774337890683
2.5265623684486074,4.042961993817548,1.91479453648391
2.5283580773103336,4.046361555666046,1.8714645432904573
2.5301537861720598,4.049682995544646,1.8277850365677748
2.5319494950337855,4.052925686472488,1.783756741069453
2.5337452038955117,4.056089002809087,1.7393804248477804
2.535540912757238,4.059172320336096,1.694656902850866
2.537336621618964,4.062175016339572,1.649587036567368
2.53913233048069,4.065096469692583,1.6041717322057278
2.540928039342416,4.067936060938368,1.5584119438027952
2.5427237482041423,4.070693172373797,1.5123086704260655
2.5445194570658685,4.07336718813335,1.4658629596375758
2.5463151659275947,4.0759574942733865,1.4190759044296894
2.5481108747893204,4.07846347885692,1.3719486460228578
2.5499065836510466,4.080884532038643,1.3244823736435762
2.551702292512773,4.083220046150477,1.2766783235473866
2.553498001374499,4.085469415787293,1.2285377791965146
2.5552937102362248,4.087632037893189,1.1800620735691325
2.557089419097951,4.08970731184791,1.1312525869833223
2.558885127959677,4.091694639553738,1.0821107483405257
2.5606808368214034,4.093593425522624,1.0326380357472686
2.562476545683129,4.095403076963631,0.9828359744279423
2.5642722545448553,4.097123003870696,0.9327061406771974
2.5660679634065815,4.098752619110659,0.8822501587513186
2.5678636722683077,4.1002913385115685,0.831469702422538
2.5696593811300334,4.101738580951186,0.7803664941352649
2.5714550899917596,4.103093768445883,0.7289423070488964
2.573250798853486,4.1043563262395875,0.6771989633946873
2.575046507715212,4.105525682893085,0.6251383345201589
2.576842216576938,4.106601270373496,0.5727623440865415
2.578637925438664,4.107582524143908,0.5200729613630273
2.58043363430039,4.108468883253262,0.46707221015296335
2.5822293431621164,4.109259790426347,0.4137621617772424
2.584025052023842,4.109954692154008,0.3601449387158339
2.5858207608855683,4.110553038783455,0.3062227146521934
2.5876164697472945,4.111054284608729,0.25199771092054846
2.5894121786090207,4.111457887961309,0.1974722027231479
2.5912078874707465,4.111763311300751,0.14264851357914665
2.5930035963324727,4.111970021305556,0.08752901838882109
2.594799305194199,4.112077488963934,0.032116141568394596
2.596595014055925,4.112085189664821,-0.023587638908750815
2.598390722917651,4.111992603288818,-0.07957979821782146
2.600186431779377,4.111799214299247,-0.13585775815450063
2.6019821406411032,4.111504511833166,-0.19241889117616037
2.6037778495028294,4.111107989792454,-0.24926051778173527
2.605573558364555,4.110609146934891,-0.30637990868775944
2.6073692672262814,4.110007486965163,-0.363774283940188
2.6091649760880076,4.109302518625903,-0.42144081202621914
2.6109606849497338,4.108493755788632,-0.479376612405602
2.6127563938114595,4.107580717544712,-0.5375787523131947
2.6145521026731857,4.106562928296147,-0.5960442492902729
2.616347811534912,4.105439917846322,-0.6547700695413994
2.618143520396638,4.104211221490697,-0.7137531304657329
2.6199392292583643,4.102876380107271,-0.7729902969710877
2.62173493812009,4.101434940247,-0.8324783858260075
2.6235306469818163,4.099886454224059,-0.8922141617517808
2.6253263558435425,4.098230480205905,-0.9521943394652509
2.6271220647052687,4.096466582303175,-1.0124155862101247
2.6289177735669944,4.094594330659412,-1.0728745157173591
2.6307134824287206,4.092613301540551,-1.1335676945556372
2.632509191290447,4.090523077424229,-1.1944916385786541
2.634304900152173,4.0883232470887805,-1.2556428138132958
2.6361006090138988,4.086013405702069,-1.3170176375698617
2.637896317875625,4.083593154909973,-1.3786124786197005
2.639692026737351,4.081062102924612,-1.4404236541309954
2.6414877355990773,4.078419864612328,-1.5024474357527848
2.643283444460803,4.075666061581239,-1.564680043708577
2.6450791533225293,4.072800322268547,-1.6271176507931526
2.6468748621842555,4.069822282027487,-1.6897563818396575
2.6486705710459817,4.066731583213862,-1.7525923133643315
2.6504662799077074,4.0635278752722925,-1.8156214734332818
2.6522619887694336,4.060210814821963,-1.8788398429503415
2.65405769763116,4.056780065742036,-1.9422433549909355
2.655853406492886,4.053235299256582,-2.0058278962675757
2.657649115354612,4.049576194019165,-2.0695893055311387
2.659444824216338,4.0458024361968326,-2.133523375702495
2.661240533078064,4.041913719553748,-2.1976258523626058
2.6630362419397904,4.037909745534255,-2.2618924360173764
2.664831950801516,4.0337902233454965,-2.3263187803657104
2.6666276596632423,4.029554870039477,-2.3909004942535006
2.6684233685249685,4.025203410594583,-2.4556331403413623
2.6702190773866947,4.020735577996581,-2.520512238302075
2.6720147862484205,4.016151113319,-2.585533261401096
2.6738104951101467,4.011449765802988,-2.6506916387170065
2.675606203971873,4.006631292936493,-2.715982755807644
2.677401912833599,4.001695460532915,-2.7814019550653764
2.679197621695325,3.996642042809044,-2.8469445348955342
2.680993330557051,3.9914708224623774,-2.912605751159702
2.682789039418777,3.9861815907478064,-2.978380817109105
2.6845847482805034,3.980774147553569,-3.044264904028537
2.686380457142229,3.975248301476544,-3.110253141191954
2.6881761660039554,3.9696038698968086,-3.176340617239148
2.6899718748656816,3.9638406790514793,-3.2425223793763887
2.6917675837274078,3.957958564107817,-3.3087934341313736
2.693563292589134,3.9519573692355423,-3.375148747886136
2.6953590014508597,3.94583694767842,-3.4415832478540405
2.697154710312586,3.9395971618250036,-3.5080918219687613
2.698950419174312,3.9332378832786388,-3.574669319839074
2.7007461280360383,3.9267589929265414,-3.641310551216747
2.702541836897764,3.9201603810081793,-3.7080102903042085
2.7043375457594903,3.913441947182655,-3.7747632719575814
2.7061332546212165,3.9066036005953255,-3.841564195283808
2.7079289634829427,3.899645259943502,-3.9084077235962407
2.7097246723446684,3.892566853541239,-3.9752884825494657
2.7115203812063946,3.885368319383241,-4.042201064380357
2.713316090068121,3.8780496052078113,-4.1091400247106336
2.715111798929847,3.870610668558851,-4.17609988698775
2.7169075077915728,3.863051476846964,-4.243075139087615
2.718703216653299,3.8553720074095,-4.310060236534241
2.720498925515025,3.847572247569673,-4.377049601944627
2.7222946343767513,3.8396521946946476,-4.444037626516462
2.724090343238477,3.831611856252634,-4.511018669406397
2.7258860521002033,3.8234512498689113,-4.577987057818866
2.7276817609619295,3.81517040338085,-4.644937091602408
2.7294774698236557,3.8067693548918458,-4.711863037276665
2.7312731786853814,3.798248152824193,-4.7787591346715175
2.7330688875471076,3.7896068559708525,-4.84561959370744
2.734864596408834,3.7808455335461475,-4.912438598414504
2.73666030527056,3.771964265235324,-4.9792103022250345
2.738456014132286,3.7629631412429854,-5.045928835323288
2.740251722994012,3.753842262340366,-5.112588299804877
2.742047431855738,3.744601739911495,-5.179182772740987
2.7438431407174644,3.7352416959981594,-5.24570630668908
2.74563884957919,3.7257622633436744,-5.312152930714298
2.7474345584409163,3.7161635854354933,-5.378516649812148
2.7492302673026425,3.706445816546575,-5.444791446107543
2.7510259761643687,3.696609121775561,-5.510971280142662
2.7528216850260945,3.6866536770856877,-5.577050090765922
2.7546173938878207,3.6765796693424746,-5.643021797019364
2.756413102749547,3.6663872963501927,-5.708880296828588
2.758208811611273,3.656076766886939,-5.774619469778307
2.7600045204729993,3.645648300738595,-5.840233176201969
2.761800229334725,3.635102128731363,-5.905715259935106
2.763595938196451,3.6244384927630446,-5.971059546361345
2.7653916470581774,3.6136576458330287,-6.036259845032531
2.7671873559199036,3.602759852070899,-6.101309950379274
2.7689830647816294,3.5917453867637525,-6.166203640933786
2.7707787736433556,3.580614536382125,-6.230934682349697
2.7725744825050818,3.5693675986046043,-6.295496826758117
2.774370191366808,3.5580048823410237,-6.359883813056299
2.7761659002285337,3.5465267077543086,-6.424089368795015
2.77796160909026,3.5349334062809104,-6.488107210689264
2.779757317951986,3.5232253206498867,-6.5519310448625125
2.7815530268137123,3.511402804900498,-6.615554568090153
2.783348735675438,3.4994662243984376,-6.678971468776495
2.7851444445371643,3.4874159558506155,-6.742175427065788
2.7869401533988905,3.475252387318515,-6.805160116929442
2.7887358622606166,3.4629759182300806,-6.867919205211236
2.7905315711223424,3.450586959390175,-6.930446353381469
2.7923272799840686,3.4380859329895443,-6.992735218913636
2.794122988845795,3.425473272612347,-7.054779455284431
2.795918697707521,3.4127494232421576,-7.116572712884127
2.7977144065692467,3.399914841266539,-7.178108639838142
2.799510115430973,3.386969994480046,-7.239380883228285
2.801305824292699,3.3739153620857922,-7.300383090202977
2.8031015331544253,3.360751434695486,-7.361108907111279
2.804897242016151,3.3474787143279094,-7.421551982544904
2.8066929508778773,3.3340977144059387,-7.481705966916329
2.8084886597396035,3.320608959752002,-7.54156451336918
2.8102843686013297,3.307012986581972,-7.601121279088296
2.8120800774630554,3.293310342497569,-7.660369925654996
2.8138757863247816,3.279501586477201,-7.71930412140076
2.815671495186508,3.2655872888652135,-7.777917539075751
2.817467204048234,3.251568031359609,-7.836203860667189
2.81926291290996,3.237444406998248,-7.894156774179705
2.821058621771686,3.2232170201433634,-7.951769978720157
2.822854330633412,3.2088864864646194,-8.009037181544443
2.8246500394951384,3.1944534329205507,-8.065952102831453
2.826445748356864,3.1799184977383903,-8.122508472285794
2.8282414572185903,3.1652823303923454,-8.178700032845931
2.8300371660803165,3.150545591580299,-8.234520541461343
2.8318328749420427,3.135708953198864,-8.289963768604025
2.833628583803769,3.1207730983169095,-8.345023500622162
2.8354242926654947,3.1057387211474463,-8.399693539939967
2.837220001527221,3.090606527017911,-8.453967704791232
2.839015710388947,3.0753772323388886,-8.50783983279424
2.8408114192506733,3.0600515645711823,-8.561303779996976
2.842607128112399,3.044630262191329,-8.61435342147665
2.844402836974125,3.029114074655426,-8.66698265256094
2.8461985458358514,3.0135037623614793,-8.719185392003226
2.8479942546975776,2.997800096610015,-8.770955578851769
2.8497899635593034,2.9820038595631515,-8.822287176268873
2.8515856724210296,2.9661158442020548,-8.873174171153408
2.8533813812827558,2.9501368542827695,-8.92361057649449
2.855177090144482,2.9340677042904626,-8.973590430039202
2.8569727990062077,2.9179092193920355,-9.02310779684612
2.858768507867934,2.9016622353871298,-9.072156769396322
2.86056421672966,2.8853275986575855,-9.120731469614007
2.8623599255913863,2.8689061661151944,-9.168826047689649
2.864155634453112,2.8523988051479328,-9.216434685277441
2.8659513433148383,2.835806393564557,-9.263551595073416
2.8677470521765644,2.819129819537629,-9.310171021548186
2.8695427610382906,2.802369981544909,-9.356287242479056
2.8713384699000164,2.785527788309171,-9.401894569727176
2.8731341787617426,2.7686041587364625,-9.446987350147928
2.874929887623469,2.751600021852707,-9.491559965901786
2.876725596485195,2.734516316738813,-9.53560683563115
2.8785213053469207,2.7173539924641243,-9.579122416369934
2.880317014208647,2.700114008018346,-9.622101202033662
2.882112723070373,2.6827973322418868,-9.664537727172018
2.8839084319320993,2.6654049437546385,-9.706426566324922
2.885704140793825,2.6479378308832113,-9.747762333445209
2.8874998496555513,2.630396991586547,-9.788539686295117
2.8892955585172775,2.612783433380122,-9.828753324225836
2.8910912673790037,2.595098173258457,-9.868397989976074
2.8928869762407294,2.5773422376162185,-9.907468471714864
2.8946826851024556,2.5595166621676637,-9.945959601731502
2.896478393964182,2.541622491864706,-9.983866258522767
2.898274102825908,2.5236607808133695,-10.02118336854707
2.9000698116876342,2.5056325921887543,-10.057905905203057
2.90186552054936,2.4875389981485316,-10.094028890050843
2.903661229411086,2.4693810797449007,-10.129547395165694
2.9054569382728124,2.451159926835142,-10.164456542960387
2.9072526471345386,2.4328766379905944,-10.198751504675307
2.9090483559962643,2.4145323204042755,-10.232427506684516
2.9108440648579905,2.396128089796924,-10.26547982536652
2.9126397737197167,2.377665070321749,-10.297903792277907
2.914435482581443,2.359144394467591,-10.329694792243771
2.9162311914431687,2.3405672029607665,-10.360848265822398
2.918026900304895,2.321934644665433,-10.391359708994408
2.919822609166621,2.303247876482592,-10.421224674606044
2.9216183180283473,2.2845080632476686,-10.450438773079718
2.923414026890073,2.265716377626737,-10.47899767254723
2.925209735751799,2.2468740000113194,-10.506897100470702
2.9270054446135254,2.227982118411913,-10.534132843798005
2.9288011534752516,2.2090419283500857,-10.560700750650298
2.9305968623369774,2.190054632749293,-10.586596728678899
2.9323925711987036,2.1710214418243265,-10.611816749150904
2.9341882800604298,2.1519435729695107,-10.636356844995198
2.935983988922156,2.132822250645543,-10.660213112889672
2.9377796977838817,2.113658706265103,-10.683381713572082
2.939575406645608,2.0944541780771297,-10.705858872794849
2.941371115507334,2.075209911049936,-10.727640880614508
2.9431668243690603,2.05592715675298,-10.748724094589157
2.944962533230786,2.0366071732374826,-10.76910493897909
2.9467582420925122,2.017251224915774,-10.788779904546963
2.9485539509542384,1.9978605824395324,-10.80774555104469
2.9503496598159646,1.9784365225767269,-10.825998507024703
2.9521453686776904,1.9589803280874933,-10.843535470062005
2.9539410775394166,1.939493287598767,-10.860353208719252
2.955736786401143,1.9199766954778912,-10.87644856091474
2.957532495262869,1.900431851704986,-10.891818437230858
2.9593282041245947,1.8808600617443274,-10.906459819570722
2.961123912986321,1.861262636414517,-10.920369762568159
2.962919621848047,1.8416408917577234,-10.933545393676523
2.9647153307097733,1.8219961489077614,-10.945983914600886
2.966511039571499,1.8023297339571802,-10.95768260093166
2.9683067484332253,1.7826429778233188,-10.96863880337695
2.9701024572949515,1.7629372161133916,-10.978849948073409
2.9718981661566777,1.7432137889885604,-10.98831353710805
2.973693875018404,1.7234740410270648,-10.997027148618164
2.9754895838801296,1.7037193210863848,-11.004988438356731
2.977285292741856,1.6839509821644871,-11.012195139603607
2.979081001603582,1.664170381260198,-11.018645062688124
2.980876710465308,1.6443788792326193,-11.02433609805331
2.982672419327034,1.6245778406597429,-11.029266213480325
2.98446812818876,1.6047686336961653,-11.033433457452444
2.9862638370504864,1.5849526299300036,-11.03683595774507
2.9880595459122126,1.565131204238991,-11.039471922635878
2.9898552547739383,1.5453057346457777,-11.041339641304491
2.9916509636356645,1.5254776021724608,-11.042437484010124
2.9934466724973907,1.505648190694383,-11.042763902557871
2.995242381359117,1.4858188867931796,-11.042317431031455
2.9970380902208427,1.4659910796091375,-11.041096685682204
2.998833799082569,1.446166160692821,-11.039100365717312
3.000629507944295,1.4263455238561262,-11.036327253743925
3.0024252168060213,1.4065305650225777,-11.032776215313953
3.004220925667747,1.3867226820770873,-11.028446200089801
3.006016634529473,1.3669232747150468,-11.023336242022006
3.0078123433911994,1.3471337442909135,-11.017445459693407
3.0096080522529256,1.327355493666162,-11.010773056019383
3.0114037611146514,1.3075899270567517,-11.003318319491305
3.0131994699763776,1.2878384498800493,-10.995080623477092
3.0149951788381038,1.2681024686012865,-10.986059427720017
3.01679088769983,1.2483833905795227,-10.976254277061946
3.0185865965615557,1.2286826239131865,-10.965664803108675
3.020382305423282,1.2090015772851528,-10.954290723241831
3.022178014285008,1.1893416598074746,-10.942131842128775
3.0239737231467343,1.169704280865696,-10.929188050790016
3.02576943200846,1.150090849962817,-10.915459327298647
3.0275651408701862,1.1305027765629205,-10.900945736858068
3.0293608497319124,1.1109414699345221,-10.885647432157251
3.0311565585936386,1.0914083389935991,-10.86956465330413
3.0329522674553644,1.0719047921463767,-10.852697727814498
3.0347479763170906,1.0524322371318533,-10.835047071178217
3.036543685178817,1.0329920808641513,-10.816613186914736
3.038339394040543,1.0135857292746362,-10.797396666040182
3.0401351029022687,0.9942145871538965,-10.777398187911125
3.041930811763995,0.9748800579935446,-10.756618520185723
3.043726520625721,0.9555835438279565,-10.735058518213103
3.0455222294874473,0.9363264450758648,-10.712719125888226
3.0473179383491735,0.9171101603818921,-10.689601375452051
3.0491136472108993,0.8979360864580609,-10.665706387175122
3.0509093560726255,0.8788056179252299,-10.641035369673979
3.0527050649343517,0.8597201471546057,-10.615589619938914
3.054500773796078,0.8406810641092144,-10.58937052316744
3.0562964826578036,0.8216897561854496,-10.562379552742085
3.05809219151953,0.8027476080546891,-10.534618270363616
3.059887900381256,0.7838560015050275,-10.50608832573463
3.061683609242982,0.7650163152831058,-10.476791456487389
3.063479318104708,0.7462299249361124,-10.446729488344797
3.065275026966434,0.7274982026539196,-10.415904334842851
3.0670707358281604,0.7088225171114725,-10.38431799738615
3.0688664446898866,0.6902042333113517,-10.351972564626166
3.0706621535516123,0.6716447124266047,-10.318870213060771
3.0724578624133385,0.6531453116438181,-10.285013206196014
3.0742535712750647,0.6347073840065393,-10.250403894868088
3.076049280136791,0.6163322782589634,-10.21504471661605
3.0778449889985167,0.5980213386899916,-10.178938196014897
3.079640697860243,0.5797759049776343,-10.14208694400942
3.081436406721969,0.5615973120338427,-10.104493657797642
3.0832321155836953,0.5434868898497252,-10.066161120875217
3.085027824445421,0.5254459633412193,-10.027092202280485
3.086823533307147,0.5074758521952069,-9.987289856711046
3.0886192421688734,0.48957787071616227,-9.946757124332239
3.0904149510305996,0.471753327673271,-9.905497129961137
3.0922106598923254,0.4540035261481123,-9.863513083330222
3.0940063687540516,0.43632976338287416,-9.820808278335202
3.0958020776157777,0.4187333306291991,-9.777386093134943
3.097597786477504,0.4012155129976002,-9.733249989321568
3.0993934953392297,0.3837775893075319,-9.688403511923237
3.101189204200956,0.36642083193809033,-9.642850288960059
3.102984913062682,0.34914650667944525,-9.596594030863992
3.1047806219244083,0.3319558725849278,-9.549638530387261
3.106576330786134,0.31485018182387176,-9.501987661944543
3.1083720396478602,0.2978306795351858,-9.453645381207743
3.1101677485095864,0.2808986036817379,-9.40461572488116
3.1119634573713126,0.2640551849055003,-9.354902810002063
3.113759166233039,0.24730164638352983,-9.30451083357847
3.1155548750947646,0.23063920368480156,-9.25344407216172
3.117350583956491,0.21406906462788275,-9.20170688123445
3.119146292818217,0.19759242913953853,-9.149303694887255
3.120942001679943,0.18121048911421148,-9.096239025078999
3.122737710541669,0.16492442827445894,-9.042517461309295
3.124533419403395,0.14873542203232443,-8.98814366995515
3.1263291282651213,0.13264463735172777,-8.93312239377414
3.1281248371268475,0.11665323261181866,-8.87745845136456
3.1299205459885733,0.10076235747137564,-8.82115673648265
3.1317162548502995,0.08497315273422858,-8.764222217605422
3.1335119637120257,0.06928675021578654,-8.706659937184057
3.135307672573752,0.05370427261061569,-8.648475011125909
3.1371033814354776,0.038226833361149334,-8.58967262813634
3.138899090297204,0.02285553652750624,-8.530258049095282
3.14069479915893,0.0075914766584994214,-8.47023660640613
3.142490508020656,-0.007564261336221669,-8.409613703325938
3.144286216882382,-0.022610602312812245,-8.348394813308817
3.146081925744108,-0.03754648101868288,-8.286585479324453
3.1478776346058344,-0.05237084221667873,-8.224191313154286
3.1496733434675606,-0.06708264080804319,-8.16121799469202
3.1514690523292863,-0.08168084195408502,-8.097671271241335
3.1532647611910125,-0.09616442119657487,-8.033556956778265
3.1550604700527387,-0.11053236457679354,-7.968880931234073
3.156856178914465,-0.12478366875328414,-7.9036491396802795
3.1586518877761907,-0.13891734111823315,-7.837867591690972
3.160447596637917,-0.15293239991250204,-7.771542360451854
3.162243305499643,-0.16682787433923854,-7.7046795820503995
3.1640390143613693,-0.18060280467611473,-7.637285454716036
3.165834723223095,-0.19425624238612177,-7.569366237913932
3.167630432084821,-0.20778725022694328,-7.500928251706617
3.1694261409465474,-0.22119490235883327,-7.431977875722861
3.1712218498082736,-0.23447828445105648,-7.362521548461009
3.1730175586699993,-0.24763649378680866,-7.292565766511826
3.1748132675317255,-0.26066863936665186,-7.222117083599543
3.1766089763934517,-0.273573842010384,-7.151182109685349
3.178404685255178,-0.28635123445740424,-7.079767510276279
3.1802003941169037,-0.2989999614654945,-7.007880005449606
3.18199610297863,-0.31151917990804845,-6.93552636895911
3.183791811840356,-0.32390805886967394,-6.862713427299715
3.1855875207020823,-0.3361657797402255,-6.789448058994173
3.1873832295638085,-0.3482915363071991,-6.715737193460635
3.1891789384255342,-0.3602845348464874,-6.641587810235493
3.1909746472872604,-0.372143994211506,-6.567006938096308
3.1927703561489866,-0.3838691459206237,-6.492001653893297
3.194566065010713,-0.3954592342429406,-6.416579081941486
3.1963617738724386,-0.4069135162823609,-6.3407463928022425
3.198157482734165,-0.41823126205997935,-6.264510802445055
3.199953191595891,-0.4294117545947176,-6.187879571248333
3.201748900457617,-0.44045428998225933,-6.1108600031167795
3.203544609319343,-0.4513581774722273,-6.033459444484967
3.205340318181069,-0.4621227395436207,-5.955685283137723
3.2071360270427953,-0.47274731197845704,-5.877544947541224
3.2089317359045215,-0.4832312439336682,-5.799045905674482
3.2107274447662473,-0.4935738980111826,-5.7201956638941445
3.2125231536279735,-0.5037746503262286,-5.641001766337749
3.2143188624896997,-0.5138328905738008,-5.561471793430472
3.216114571351426,-0.5237480220933298,-5.48161336129671
3.2179102802131516,-0.5335194619315033,-5.40143412039451
3.219705989074878,-0.5431466409032653,-5.320941754566322
3.221501697936604,-0.5526290036509395,-5.240143980284051
3.22329740679833,-0.5619660087015182,-5.159048545222422
3.225093115660056,-0.571157128522066,-5.077663227470719
3.226888824521782,-0.5802018495732683,-4.995995834489175
3.2286845333835084,-0.5890996723610664,-4.91405420173785
3.2304802422452346,-0.5978501114864251,-4.831846192066003
3.2322759511069603,-0.6064526956931948,-4.749379694390932
3.2340716599686865,-0.6149069679140698,-4.666662622637707
3.2358673688304127,-0.6232124853146186,-4.583702914739973
3.237663077692139,-0.6313688193354219,-4.500508531707359
3.2394587865538647,-0.6393755557322579,-4.417087456065616
3.241254495415591,-0.6472322946143882,-4.333447691529102
3.243050204277317,-0.6549386504808696,-4.249597261263283
3.2448459131390432,-0.6624942522549594,-4.165544207007654
3.246641622000769,-0.6698987433165592,-4.081296588148708
3.248437330862495,-0.6771517815327094,-3.996862480315499
3.2502330397242214,-0.6842530392861306,-3.9122499748522883
3.2520287485859476,-0.6912022035018137,-3.8274671769644715
3.253824457447674,-0.6979989756716386,-3.742522205191223
3.2556201663093995,-0.7046430718770362,-3.657423190300823
3.2574158751711257,-0.7111342228096927,-3.572178273830717
3.259211584032852,-0.7174721737902606,-3.486795607193782
3.261007292894578,-0.7236566847851267,-3.401283350729089
3.262803001756304,-0.7296875304211885,-3.3156496723585334
3.26459871061803,-0.7355644999986763,-3.22990274658208
3.2663944194797563,-0.7412873975019789,-3.144050753467464
3.2681901283414825,-0.7468560416085115,-3.058101877378982
3.2699858372032082,-0.7522702656956024,-2.972064305922783
3.2717815460649344,-0.7575299178454157,-2.8859462291419553
3.2735772549266606,-0.7626348608478759,-2.7997558378511918
3.275372963788387,-0.7675849722016461,-2.7135013231205374
3.2771686726501126,-0.7723801441131211,-2.6271908746100525
3.2789643815118388,-0.7770202834934511,-2.540832680253402
3.280760090373565,-0.7815053119535986,-2.454434924153981
3.282555799235291,-0.785835165797429,-2.3680057862518478
3.284351508097017,-0.7900097960128375,-2.2815534410969285
3.286147216958743,-0.7940291682609152,-2.1950860564334818
3.2879429258204693,-0.7978932628631595,-2.108611792761561
3.2897386346821955,-0.80160207478673,-2.0221388011942842
3.2915343435439213,-0.805155613627749,-1.9356752235299977
3.2933300524056475,-0.8085539035926714,-1.8492291903260403
3.2951257612673737,-0.8117969834776967,-1.7628088204379997
3.2969214701291,-0.8148849066462512,-1.6764222194487475
3.2987171789908256,-0.8178177410045485,-1.590077478896834
3.300512887852552,-0.8205955689752186,-1.5037826747443803
3.302308596714278,-0.8232184874690018,-1.4175458672271988
3.304104305576004,-0.8256866078545683,-1.3313750987953288
3.30590001443773,-0.8280000559263894,-1.2452783937799694
3.307695723299456,-0.8301589718707473,-1.159263756678186
3.3094914321611824,-0.832163510229819,-1.073339172030785
3.3112871410229086,-0.8340138398639053,-0.9875126023517476
3.3130828498846343,-0.8357101439117607,-0.9017919875009549
3.3148785587463605,-0.8372526197490806,-0.8161852442067906
3.3166742676080867,-0.8386414789450988,-0.7307002638845538
3.318469976469813,-0.8398769472173617,-0.6453449127308275
3.3202656853315387,-0.8409592643846454,-0.5601270298694061
3.322061394193265,-0.8418886843180508,-0.4750544271681089
3.323857103054991,-0.8426654748902662,-0.3901348870072318
3.3256528119167172,-0.8432899179230336,-0.3053761627513918
3.3274485207784434,-0.8437623091327967,-0.22078597650132534
3.329244229640169,-0.8440829580745762,-0.1363720188163331
3.3310399385018954,-0.8442521880840516,-0.05214194731539833
3.3328356473636216,-0.8442703362178824,0.03189661370028851
3.334631356225348,-0.8441377531922731,0.11573607509585136
3.3364270650870735,-0.8438548033197966,0.1993688832135909
3.3382227739487997,-0.8434218644444716,0.2827875207223052
3.340018482810526,-0.8428393278751467,0.36598450851577086
3.341814191672252,-0.8421075983171572,0.4489524056017213
3.343609900533978,-0.8412270938022857,0.5316838102287225
3.345405609395704,-0.8401982456170698,0.6141713616680811
3.3472013182574303,-0.8390214982294161,0.6964077400528622
3.3489970271191565,-0.8376973092135738,0.7783856677712196
3.3507927359808822,-0.8362261491734713,0.8600979105322092
3.3525884448426084,-0.8346085016644326,0.9415372779542074
3.3543841537043346,-0.8328448631132689,1.022696624941588
3.356179862566061,-0.8309357427368035,1.1035688516569664
3.3579755714277866,-0.8288816624587962,1.1841469053253117
3.3597712802895128,-0.8266831568253113,1.2644237807113434
3.361566989151239,-0.8243407729185507,1.3443925207357044
3.363362698012965,-0.8218550702691385,1.4240462180348243
3.365158406874691,-0.8192266207669113,1.5033780149109608
3.366954115736417,-0.8164560085701866,1.5823811049420209
3.3687498245981433,-0.8135438300135789,1.6610487330814825
3.3705455334598695,-0.8104906935143267,1.739374197251564
3.3723412423215953,-0.8072972194771948,1.8173508485708199
3.3741369511833215,-0.8039640401979261,1.8949720920979904
3.3759326600450477,-0.8004917997653093,1.9722313881920248
3.377728368906774,-0.7968811539618287,2.049122252645308
3.3795240777684996,-0.7931327701629517,2.125638257960416
3.381319786630226,-0.7892473272350572,2.2017730335499586
3.383115495491952,-0.7852255154320343,2.2775202671188044
3.384911204353678,-0.7810680362905472,2.3528737045808157
3.386706913215404,-0.776775602524014,2.427827151907369
3.38850262207713,-0.7723489379152975,2.502374474605551
3.3902983309388564,-0.7677887772081337,2.5765095991781006
3.3920940398005826,-0.7630958659973334,2.6502265139005665
3.3938897486623083,-0.7582709606177382,2.7235192687158345
3.3956854575240345,-0.7533148280320029,2.7963819766274596
3.3974811663857607,-0.7482282457171637,2.868808814360246
3.399276875247487,-0.7430120015500821,2.9407940224102087
3.401072584109213,-0.7376668936917242,3.0123319061992055
3.402868292970939,-0.7321937304703167,3.08341683649127
3.404664001832665,-0.7265933302634238,3.1540432500642974
3.4064597106943912,-0.7208665213789337,3.2242056500320078
3.4082554195561174,-0.7150141419349914,3.2938986069430682
3.410051128417843,-0.7090370397388915,3.363116759197426
3.4118468372795694,-0.7029360721649641,3.4318548129519395
3.4136425461412956,-0.6967121060314655,3.500107543646935
3.415438255003022,-0.6903660174764938,3.5678697959229395
3.4172339638647475,-0.6838986918329703,3.635136484486656
3.4190296727264737,-0.6773110235026696,3.7019025939610812
3.4208253815882,-0.6706039158293694,3.7681631804564737
3.422621090449926,-0.6637782809711026,3.833913371004138
3.424416799311652,-0.6568350397715652,3.8991483648442844
3.426212508173378,-0.649775121630658,3.963863433242842
3.4280082170351043,-0.6425994643742464,4.028053920446251
3.4298039258968305,-0.6353090141231073,4.091715243637051
3.4315996347585562,-0.6279047251611118,4.154842893833166
3.4333953436202824,-0.6203875598026592,4.217432436032231
3.4351910524820086,-0.6127584882593898,4.279479509722295
3.436986761343735,-0.6050184885062034,4.340979828992841
3.4387824702054606,-0.597168546146582,4.401929183300846
3.4405781790671868,-0.5892096542772666,4.462323437554039
3.442373887928913,-0.5811428133523182,4.522158532449527
3.444169596790639,-0.5729690310465446,4.581430485167681
3.445965305652365,-0.5646893221183594,4.640135389166744
3.447761014514091,-0.5563047082720621,4.6982694149377835
3.4495567233758173,-0.5478162180196194,4.755828809849261
3.4513524322375435,-0.5392248865418746,4.812809898963044
3.4531481410992693,-0.5305317555493158,4.8692090848456715
3.4549438499609955,-0.5217378731423464,4.925022848095706
3.4567395588227217,-0.5128442936711244,4.980247747377042
3.458535267684448,-0.5038520775949843,5.034880419735321
3.4603309765461736,-0.4947622913414518,5.088917581180796
3.4621266854079,-0.4855760071648843,5.14235602602775
3.463922394269626,-0.47629430300477316,5.195192627871492
3.465718103131352,-0.46691826234371514,5.247424339532847
3.4675138119930784,-0.4574489740650866,5.299048193077582
3.469309520854804,-0.44788753231041506,5.350061300046782
3.4711052297165303,-0.4382350363365204,5.400460851617828
3.4729009385782565,-0.42849259037243054,5.45024411887085
3.4746966474399827,-0.4186613034760587,5.499408452364073
3.4764923563017085,-0.4087422893907242,5.5479512832024005
3.4782880651634347,-0.39873666640149047,5.595870121982704
3.480083774025161,-0.3886455571913884,5.643162559534897
3.481879482886887,-0.3784700886975089,5.6898262672078195
3.483675191748613,-0.36821139196701297,5.735858995911668
3.485470900610339,-0.3578706020130561,5.781258577522429
3.4872666094720652,-0.34744885767070804,5.826022923527407
3.4890623183337914,-0.33694730145281415,5.870150026068831
3.490858027195517,-0.32636707940587295,5.913637957632999
3.4926537360572434,-0.31570934096593495,5.956484870464628
3.4944494449189696,-0.30497523881457134,5.998688997405076
3.496245153780696,-0.29416592873487907,6.040248651364987
3.4980408626424215,-0.2832825694676121,6.0811622253159605
3.4998365715041477,-0.2723263225674004,6.121428192210065
3.501632280365874,-0.26129835225914433,6.161045104882689
3.5034279892276,-0.25019982529454077,6.200011596427245
3.505223698089326,-0.23903191080881186,6.238326379136294
3.507019406951052,-0.2277957801776251,6.275988245106611
3.5088151158127783,-0.21649260687426847,6.312996065990783
3.5106108246745045,-0.2051235663270558,6.349348792757114
3.5124065335362302,-0.1936898357770173,6.38504545552726
3.5142022423979564,-0.1821925941358733,6.420085163259814
3.5159979512596826,-0.1706330218443481,6.454467104036187
3.517793660121409,-0.15901230073080755,6.488190544276517
3.5195893689831346,-0.14733161387026283,6.521254829063016
3.5213850778448608,-0.13559214544374668,6.55365938144331
3.523180786706587,-0.123795080598118,6.585403702496356
3.524976495568313,-0.11194160530627166,6.616487371171458
3.526772204430039,-0.1000329062277999,6.646910043663772
3.528567913291765,-0.08807017057011646,6.67667145368006
3.5303636221534913,-0.07605458595008807,6.705771411397859
3.5321593310152175,-0.06398734025614844,6.734209803884588
3.5339550398769433,-0.05186962151096544,6.761986594704464
3.5357507487386695,-0.03970261773462733,6.789101823241258
3.5375464576003957,-0.027487516808442747,6.815555604467414
3.539342166462122,-0.015225506339284668,6.8413481289224425
3.541137875323848,-0.002917773524573548,6.866479662253786
3.542933584185574,0.009434494982117365,6.890950544333283
3.5447292930473,0.021830113204831473,6.914761189924685
3.546525001909026,0.034267895978284495,6.937912087219901
3.5483207107707524,0.04674665908027804,6.9604037982482625
3.550116419632478,0.05926521936338298,6.982236958033571
3.5519121284942043,0.07182239488591377,7.003412274231985
3.5537078373559305,0.08441700504214607,7.023930527106509
3.5555035462176567,0.09704787069178383,7.0437925686492315
3.5572992550793825,0.10971381428864582,7.062999322232643
3.5590949639411087,0.12241366000856088,7.081551782172484
3.560890672802835,0.13514623387643243,7.099451013586887
3.562686381664561,0.14791036389249482,7.116698151311828
3.564482090526287,0.160704880157699,7.133294400110678
3.566277799388013,0.17352861499826244,7.14924103364517
3.5680735082497392,0.18638040308929757,7.164539394342861
3.5698692171114654,0.19925908157757483,7.17919089243818
3.571664925973191,0.21216349020335276,7.193197006119533
3.5734606348349174,0.22509247142129835,7.206559280427404
3.5752563436966436,0.23804487052042192,7.21927932695876
3.5770520525583698,0.2510195357430969,7.231358823309163
3.5788477614200955,0.2640153184030611,7.242799512643948
3.5806434702818217,0.2770310730024682,7.253603202947433
3.582439179143548,0.29006565734787476,7.263771766460868
3.584234888005274,0.30311793266527004,7.273307139202267
3.586030596867,0.31618676371400745,7.282211320425168
3.587826305728726,0.32927101889975224,7.290486371969162
3.5896220145904523,0.3423695703862925,7.298134417452195
3.5914177234521785,0.3554812942063278,7.305157642273351
3.593213432313904,0.36860507037114515,7.3115582922306235
3.5950091411756304,0.3817397829791973,7.317338673457074
3.5968048500373566,0.39488432032354387,7.3225011515715135
3.598600558899083,0.4080375749981964,7.3270481511289445
3.6003962677608086,0.42119844400329265,7.330982154810094
3.6021919766225348,0.43436582884914304,7.334305703105003
3.603987685484261,0.44753863565907537,7.337021393272191
3.605783394345987,0.46071577527114105,7.339131878977833
3.6075791032077134,0.47389616333860624,7.340639869543585
3.609374812069439,0.48707872042925804,7.341548129227714
3.6111705209311653,0.5002623721235058,7.341859476445166
3.6129662297928915,0.513446049111228,7.341576783281844
3.6147619386546177,0.5266286872874326,7.340702975111578
3.6165576475163435,0.539809227846646,7.339241028864184
3.6183533563780697,0.5529866173760816,7.33719397331689
3.620149065239796,0.5661598079475056,7.334564888433758
3.621944774101522,0.5793277572078738,7.331356903556018
3.623740482963248,0.5924894284686738,7.32757319805155
3.625536191824974,0.6056437907939989,7.323216999621795
3.6273319006867,0.618789819087287,7.318291584068603
3.6291276095484264,0.6319264941768067,7.312800274411612
3.630923318410152,0.6450528028998036,7.306746439877942
3.6327190272718783,0.658167738185352,7.300133496052074
3.6345147361336045,0.6712702991358485,7.292964903155007
3.6363104449953307,0.6843594911072176,7.285244165555759
3.6381061538570565,0.6974343257877397,7.276974831554871
3.6399018627187827,0.7104938212755819,7.268160491918917
3.641697571580509,0.7235370021549306,7.258804779491922
3.643493280442235,0.736562899570795,7.248911368679111
3.645288989303961,0.7495705513024585,7.2384839739370035
3.647084698165687,0.7625590018355581,7.227526349967705
3.6488804070274132,0.7755273024327696,7.216042290086876
3.6506761158891394,0.7884745112031497,7.204035626051652
3.652471824750865,0.8013996931700935,7.191510226894903
3.6542675336125914,0.8143019203379047,7.178469998542213
3.6560632424743176,0.8271802717569644,7.164918882740511
3.6578589513360438,0.8400338335875437,7.150860856247609
3.6596546601977695,0.852861699162186,7.136299930310396
3.6614503690594957,0.8656629690467363,7.121240149993157
3.663246077921222,0.8784367510999201,7.1056855928119935
3.665041786782948,0.8911821605315718,7.089640368107552
3.666837495644674,0.9038983199594314,7.073108617161593
3.6686332045064,0.9165843594645456,7.05609451132072
3.6704289133681263,0.9292394166452612,7.0386022512858295
3.6722246222298525,0.9418626366698135,7.020636067278651
3.674020331091578,0.954453172327506,7.002200217320897
3.6758160399533044,0.9670101840784938,6.983298986545926
3.6776117488150306,0.9795328401021264,6.963936687087723
3.679407457676757,0.9920203163439255,6.944117656532133
3.681203166538483,1.0044717965611176,6.9238462573451
3.6829988754002088,1.0168864723667743,6.903126876678377
3.684794584261935,1.0292635432725592,6.881963924476596
3.686590293123661,1.0416022167300383,6.8603618337048635
3.6883860019853874,1.0539017081706066,6.838325059099758
3.690181710847113,1.0661612410440104,6.815858076281155
3.6919774197088393,1.0783800468554638,6.792965381341442
3.6937731285705655,1.0905573652013647,6.769651489846317
3.6955688374322917,1.1026924438036174,6.74592093597992
3.6973645462940175,1.1147845385425577,6.721778271967515
3.6991602551557436,1.1268329134885025,6.697228067442661
3.70095596401747,1.1388368409318692,6.672274907615349
3.702751672879196,1.1507956014119707,6.6469233943378105
3.704547381740922,1.1627084837443673,6.621178143828565
3.706343090602648,1.1745747850469035,6.595043786383758
3.708138799464374,1.1863938107643048,6.568524965666621
3.7099345083261004,1.1981648746914582,6.541626338107952
3.711730217187826,1.2098872989953118,6.514352571918013
3.7135259260495523,1.221560414235409,6.486708345909697
3.7153216349112785,1.2331835593830653,6.458698349776081
3.7171173437730047,1.2447560818392116,6.430327282425096
3.7189130526347305,1.2562773374508793,6.401599851868499
3.7207087614964567,1.267746690526364,6.3725207737785885
3.722504470358183,1.2791635138490383,6.343094771643631
3.724300179219909,1.2905271886898442,6.313326575080324
3.726095888081635,1.301837104818481,6.283220919978127
3.727891596943361,1.313092660513266,6.252782546944945
3.7296873058050872,1.3242932625696868,6.222016201129498
3.7314830146668134,1.3354383263076812,6.190926631766124
3.733278723528539,1.346527275577579,6.159518590398426
3.7350744323902654,1.3575595427648244,6.127796831290055
3.7368701412519916,1.3685345687933506,6.0957661100813345
3.7386658501137178,1.3794518031277472,6.063431183378486
3.7404615589754435,1.3903107037741405,6.030796807487969
3.7422572678371697,1.401110737279826,5.997867738871675
3.744052976698896,1.4118513787316436,5.964648732348365
3.745848685560622,1.422532111753161,5.93114454060517
3.747644394422348,1.43315242850058,5.897359914275312
3.749440103284074,1.4437118296574767,5.863299600061821
3.7512358121458003,1.454209824428288,5.828968341425877
3.7530315210075265,1.4646459305306339,5.7943708768437565
3.7548272298692527,1.4750196741864445,5.75951193917401
3.7566229387309784,1.4853305901119116,5.724396255968322
3.7584186475927046,1.4955782215062652,5.689028547806173
3.760214356454431,1.505762120039386,5.653413528383665
3.762010065316157,1.5158818458383028,5.6175559034254965
3.7638057741778828,1.5259369674725147,5.581460369608048
3.765601483039609,1.5359270619382288,5.545131615503073
3.767397191901335,1.5458517146414297,5.508574319390557
3.7691929007630613,1.5557105193799128,5.471793149181003
3.770988609624787,1.565503078324146,5.434792762060158
3.7727843184865133,1.5752290019971422,5.397577803578635
3.7745800273482395,1.5848879092531727,5.360152907185611
3.7763757362099657,1.5944794272554805,5.322522693362863
3.7781714450716914,1.6040031914529242,5.284691769857908
3.7799671539334176,1.6134588455556038,5.2466647302518155
3.781762862795144,1.6228460415094361,5.208446153370794
3.78355857165687,1.6321644394697497,5.170040603541537
3.785354280518596,1.6414137077738582,5.13145262941439
3.787149989380322,1.6505935229126754,5.092686763319421
3.788945698242048,1.6597035695013107,5.053747521177598
3.7907414071037744,1.6687435402487685,5.0146394020123
3.7925371159655,1.6777131359266333,4.975366886295074
3.7943328248272263,1.6866120653368715,4.935934437311218
3.7961285336889525,1.6954400452786786,4.896346499061455
3.7979242425506787,1.7041968005144337,4.856607496550591
3.7997199514124045,1.7128820637347446,4.8167218348660334
3.8015156602741307,1.72149557552264,4.776693898822515
3.803311369135857,1.730037084316835,4.736528053150835
3.805107077997583,1.7385063463742085,4.696228640843625
3.806902786859309,1.7469031257313905,4.6557999834218045
3.808698495721035,1.7552271941655369,4.6152463803350585
3.8104942045827612,1.7634783311542794,4.57457210891743
3.8122899134444874,1.771656323834892,4.533781422866312
3.814085622306213,1.7797609669626515,4.492878552497803
3.8158813311679394,1.7877920628684385,4.451867705157486
3.8176770400296656,1.795749421415551,4.41075306313321
3.8194727488913918,1.8036328599558054,4.369538784132487
3.821268457753118,1.811442203284892,4.328229001282491
3.8230641666148437,1.8191772835969953,4.286827821831096
3.82485987547657,1.8268379404387372,4.245339326724995
3.826655584338296,1.8344240206624123,4.2037675719086565
3.8284512932000223,1.8419353783785553,4.162116585859632
3.830247002061748,1.849371874907826,4.120390370199178
3.8320427109234743,1.856733378732292,4.07859289935919
3.8338384197852005,1.8640197654460313,4.036728119860555
3.8356341286469267,1.8712309177051394,3.9947999506018124
3.8374298375086524,1.8783667251771141,3.9528122817600315
3.8392255463703786,1.885427084489692,3.9107689750905723
3.841021255232105,1.8924118991790506,3.868673863238747
3.842816964093831,1.8993210796374869,3.826530749595491
3.8446126729555568,1.906154543060542,3.7843434079753986
3.846408381817283,1.9129122133935952,3.7421155825168024
3.848204090679009,1.91959402127792,3.699850986393915
3.8499997995407353,1.926199903996262,3.657553303071381
3.851795508402461,1.932729805417904,3.615226185316178
3.8535912172641873,1.9391836759432877,3.572873254675812
3.8553869261259135,1.9455614724481312,3.5304981015893406
3.8571826349876397,1.9518631582271317,3.488104284488091
3.8589783438493654,1.9580887029372238,3.4456953307393507
3.8607740527110916,1.964238082540438,3.403274735624961
3.862569761572818,1.9703112792463047,3.360845962308012
3.864365470434544,1.976308281453943,3.3184124409668665
3.86616117929627,1.9822290836937064,3.275977570249555
3.867956888157996,1.9880736865685138,3.2335447151865533
3.869752597019722,1.993842096694795,3.191117208101168
3.8715483058814484,1.9995343266431458,3.1486983479100945
3.873344014743174,2.005150394878628,3.106291401078209
3.8751397236049003,2.0106903257007835,3.063899599364816
3.8769354324666265,2.0161541491833517,3.0215261419330726
3.8787311413283527,2.021541901113708,2.9791741934515055
3.8805268501900785,2.026853622932044,2.9368468850377023
3.8823225590518047,2.0320893616703093,2.8945473134811546
3.884118267913531,2.0372491698908735,2.8522785416651426
3.885913976775257,2.042333105625035,2.8100435974121036
3.887709685636983,2.047341232311257,2.76784547541542
3.889505394498709,2.0522736187332504,2.7256871348413365
3.891301103360435,2.057130338957853,2.6835714998840743
3.8930968122221614,2.061911472272756,2.6415014615199794
3.8948925210838876,2.066617103124073,2.5994798741324487
3.8966882299456134,2.071247321053746,2.5575095585317342
3.8984839388073396,2.075802220636863,2.51559329984552
3.9002796476690658,2.0802819014188256,2.4737338487179628
3.902075356530792,2.084686467852435,2.431933920377105
3.9038710653925177,2.089016029234868,2.3901961948125106
3.905666774254244,2.0932706996446173,2.3485233173303754
3.90746248311597,2.0974505978783173,2.306917897687555
3.9092581919776963,2.101555847387545,2.2653825105356518
3.911053900839422,2.1055865762155985,2.223919695132359
3.9128496097011483,2.1095429169342186,2.182531956096412
3.9146453185628745,2.113425006580305,2.141221762164136
3.9164410274246007,2.1172329865926405,2.0999915470110153
3.9182367362863264,2.1209670027486287,2.0588437086965783
3.9200324451480526,2.1246272051010373,2.0177806115739827
3.921828154009779,2.1282137479147862,1.9768045828483236
3.923623862871505,2.131726789603777,1.9359179157074633
3.9254195717332308,2.1351664926677945,1.8951228679231489
3.927215280594957,2.1385330236294577,1.8544216620508533
3.929010989456683,2.141826552971263,1.8138164861625226
3.9308066983184093,2.1450472550727078,1.7733094924476942
3.932602407180135,2.1481953081475513,1.7329027992341037
3.9343981160418613,2.151270894181139,1.6925984890114874
3.9361938249035875,2.154274198867891,1.6523986101413255
3.9379895337653137,2.1572054115488988,1.6123051758354376
3.9397852426270394,2.160064725149704,1.572320165110774
3.9415809514887656,2.1628523361182,1.5324455221454867
3.943376660350492,2.165568444362714,1.492683156878449
3.945172369212218,2.16821325319026,1.4530349445429633
3.946968078073944,2.170786969245009,1.4135027269324139
3.94876378693567,2.1732898024468965,1.3740883108681599
3.950559495797396,2.1757219659305207,1.3347934695540076
3.9523552046591224,2.1780836759841633,1.2956199424873915
3.954150913520848,2.180375151989121,1.2565694349930823
3.9559466223825743,2.182596616359224,1.2176436193778173
3.9577423312443005,2.184748294480609,1.178844134042123
3.9595380401060267,2.1868304146517605,1.1401725839466081
3.961333748967753,2.188843208023795,1.101630541278098
3.9631294578294787,2.1907869085410354,1.0632195450721582
3.964925166691205,2.1926617528818597,1.024941101412935
3.966720875552931,2.194467980399833,0.9867966835441776
3.9685165844146573,2.196205833065136,0.9487877327574167
3.970312293276383,2.1978755554063283,0.9109156571929232
3.972108002138109,2.1994773944523733,0.8731818335050433
3.9739037109998354,2.201011599675036,0.8355876059740196
3.9756994198615616,2.2024784229315797,0.7981342872387386
3.9774951287232874,2.2038781184078027,0.7608231578970502
3.9792908375850136,2.2052109425614397,0.7236554676826045
3.9810865464467398,2.20647715406589,0.6866324351539886
3.982882255308466,2.2076770137543167,0.6497552469175716
3.9846779641701917,2.208810784564114,0.6130250599145626
3.986473673031918,2.2098787314817416,0.5764429997556775
3.988269381893644,2.2108811214879256,0.5400101618979747
3.9900650907553703,2.2118182235032915,0.5037276114006062
3.991860799617096,2.212690308334323,0.46759638379079144
3.9936565084788223,2.2134976486197777,0.43161748410902584
3.9954522173405485,2.214240518777465,0.3957918886632327
3.9972479262022746,2.214919194951462,0.36012054434042534
3.9990436350640004,2.215533954959737,0.3246043684512756
4.000839343925727,2.2160850782421777,0.2892442498625414
4.002635052787452,2.216572845809069,0.25404104890824897
4.0044307616491785,2.2169975401900026,0.2189955978115776
4.006226470510905,2.2173594453831966,0.18410869997431686
4.008022179372631,2.2176588468052794,0.14938113144236098
4.009817888234357,2.217896031241527,0.11481364075027754
4.011613597096083,2.218071286796524,0.08040694903233003
4.0134093059578095,2.2181849028453064,0.04616174993365973
4.015205014819536,2.218237169984946,0.01207871112018921
4.017000723681261,2.2182283799866074,-0.021841527675370283
4.018796432542987,2.218158825748064,-0.055598351478280954
4.020592141404713,2.218028801246715,-0.08919117209238435
4.02238785026644,2.2178386014930243,-0.12261942741176311
4.024183559128166,2.217588522484483,-0.15588258013288225
4.025979267989892,2.217278861160041,-0.18898011935331024
4.027774976851618,2.216909915355012,-0.22191155750750366
4.029570685713344,2.216481983756484,-0.2546764326760709
4.031366394575071,2.215995365859203,-0.28727430769759366
4.033162103436796,2.215450361921967,-0.31970476923603997
4.034957812298522,2.214847272924492,-0.35196742695919875
4.036753521160248,2.214186400524819,-0.3840619156703084
4.0385492300219745,2.2134680470171695,-0.41598789224384086
4.040344938883701,2.212692515290335,-0.44774503726863196
4.042140647745427,2.211860108786563,-0.479333054115294
4.043936356607153,2.210971131460955,-0.510751667937015
4.045732065468879,2.2100258877413728,-0.5420006268019861
4.047527774330605,2.209024682488826,-0.5730797004943611
4.049323483192331,2.207967820958414,-0.6039886800035532
4.051119192054057,2.2068556087607596,-0.6347273785678453
4.052914900915783,2.205688351823926,-0.6652956290320589
4.054710609777509,2.2044663563559146,-0.6956932866897246
4.056506318639236,2.2031899288076144,-0.725920226174459
4.058302027500962,2.2018593758362877,-0.7559763426367992
4.060097736362688,2.200475004269596,-0.7858615512112975
4.061893445224413,2.1990371210700848,-0.8155757863947953
4.0636891540861395,2.1975460333002586,-0.8451190018687881
4.065484862947866,2.196002048088099,-0.8744911713209901
4.067280571809592,2.194405472593158,-0.9036922863359108
4.069076280671318,2.192756613973129,-0.9327223571276021
4.070871989533044,2.191055779350937,-0.9615814118957288
4.0726676983947705,2.1893032757823687,-0.9902694971142266
4.074463407256497,2.187499410224196,-1.018786676687533
4.076259116118222,2.1856444895028124,-1.0471330318395644
4.078054824979948,2.183738820283395,-1.0753086609360807
4.079850533841674,2.181782709039562,-1.1033136788185516
4.081646242703401,2.179776462023556,-1.1311482172038367
4.083441951565127,2.177720385236935,-1.1588124236627806
4.085237660426853,2.1756147844017533,-1.1863064617534391
4.087033369288579,2.1734599649322743,-1.2136305105547862
4.088829078150305,2.171256231907174,-1.2407847649109627
4.090624787012031,2.169003890042248,-1.2677694340545997
4.092420495873757,2.1667032436636284,-1.294584742517202
4.094216204735483,2.164354596681482,-1.3212309291299462
4.096011913597209,2.1619582525642462,-1.347708247201318
4.0978076224589355,2.1595145143133,-1.3740169635623187
4.099603331320662,2.1570236844381787,-1.4001573589661473
4.101399040182388,2.154486064932272,-1.4261297270223847
4.103194749044114,2.151901957248975,-1.4519343759289425
4.10499045790584,2.149271662278373,-1.4775716251858027
4.106786166767566,2.146595480324384,-1.503041807593419
4.108581875629292,2.1438737110823736,-1.5283452685421748
4.110377584491018,2.1411066536172756,-1.553482364480274
4.112173293352744,2.1382946063421557,-1.5784534648899393
4.11396900221447,2.135437866997275,-1.6032589498671255
4.115764711076197,2.132536732629606,-1.6278992110985155
4.117560419937923,2.1295914995728134,-1.6523746513064095
4.119356128799649,2.126602463427708,-1.6766856839822706
4.121151837661374,2.123569919043151,-1.7008327332090898
4.1229475465231005,2.120494160497407,-1.7248162332172965
4.124743255384827,2.1173754810799705,-1.748636628118305
4.126538964246553,2.114214173273822,-1.7722943721487636
4.128334673108279,2.1110105287381358,-1.7957899287601717
4.130130381970005,2.1077648382914203,-1.8191237701747907
4.1319260908317315,2.104477391895106,-1.8422963785846844
4.133721799693458,2.1011484786375707,-1.8653082450192924
4.135517508555183,2.0977783867185815,-1.8881598676800946
4.137313217416909,2.0943674034341457,-1.9108517545829427
4.139108926278635,2.090915815161835,-1.9333844210267512
4.140904635140362,2.0874239073464786,-1.9557583904816764
4.142700344002088,2.083891964486285,-1.9779741934566883
4.144496052863814,2.0803202701193713,-2.000032368876248
4.14629176172554,2.0767091068106995,-2.021933462037495
4.148087470587266,2.073058756139416,-2.043678025254181
4.149883179448992,2.069369498686574,-2.0652666175902112
4.151678888310718,2.0656416140232463,-2.0866998049040575
4.153474597172444,2.061875380699046,-2.107978159182622
4.15527030603417,2.058071076231006,-2.129102258363602
4.1570660148958964,2.054228977092841,-2.150072686557536
4.158861723757623,2.0503493587045947,-2.1708900333594627
4.160657432619349,2.046432495422632,-2.1915548933604256
4.162453141481075,2.042478660530013,-2.2120678674131256
4.1642488503428,2.0384881262272168,-2.2324295606557243
4.1660445592045265,2.034461163623224,-2.2526405834222274
4.167840268066253,2.0303980427269375,-2.272701550798395
4.169635976927979,2.0262990324389527,-2.2926130817557677
4.171431685789705,2.02216440054368,-2.31237580046173
4.173227394651431,2.0179944137017745,-2.331990334480949
4.1750231035131575,2.013789337442914,-2.3514573158189833
4.176818812374884,2.0095494361588884,-2.370777379900879
4.17861452123661,2.0052749730970336,-2.3899511657266004
4.180410230098335,2.0009662103539303,-2.408979316093074
4.182205938960061,1.996623408869471,-2.427862476384046
4.184001647821788,1.9922468284211778,-2.4466012956469996
4.185797356683514,1.9878367276188686,-2.4651964256383607
4.18759306554524,1.9833933638995622,-2.483648520745785
4.189388774406966,1.9789169935227204,-2.5019582380325645
4.191184483268692,1.9744078715657531,-2.520126236771336
4.192980192130419,1.9698662519197907,-2.538153178965885
4.194775900992144,1.965292387285758,-2.55603972832974
4.19657160985387,1.9606865291706816,-2.573786550896795
4.198367318715596,1.9560489278842978,-2.591394314033213
4.2001630275773225,1.951379832535904,-2.6088636873367044
4.201958736439049,1.9466794910314271,-2.6261953414596917
4.203754445300775,1.9419481500708125,-2.64338994880875
4.205550154162501,1.9371860551455848,-2.660448182834063
4.207345863024227,1.9323934505367037,-2.6773707184846174
4.209141571885953,1.927570579312603,-2.6941582313089185
4.210937280747679,1.9227176833274935,-2.7108113981100246
4.212732989609405,1.917835003219873,-2.72733089602406
4.214528698471131,1.9129227784112657,-2.743717403297374
4.216324407332857,1.9079812471051567,-2.7599715981652113
4.218120116194584,1.903010646286137,-2.7760941599508366
4.21991582505631,1.8980112117192849,-2.792085767766572
4.221711533918036,1.8929831779496835,-2.8079471011910324
4.223507242779761,1.8879267783021942,-2.8236788396363006
4.2253029516414875,1.882842244881374,-2.8392816628475255
4.227098660503214,1.877729808571605,-2.854756250270096
4.22889436936494,1.8725896990373878,-2.8701032806721645
4.230690078226666,1.8674221447237995,-2.8853234333769957
4.232485787088392,1.8622273728571435,-2.900417386952902
4.2342814959501185,1.8570056094457552,-2.915385819068916
4.236077204811845,1.8517570792809561,-2.9302294073274555
4.23787291367357,1.8464820059381775,-2.9449488286537036
4.239668622535296,1.8411806117782248,-2.9595447590624597
4.241464331397022,1.8358531179486854,-2.974017873480505
4.243260040258749,1.8304997443855013,-2.9883688462684073
4.245055749120475,1.82512070981465,-3.002598350809737
4.246851457982201,1.8197162317539581,-3.016707059388945
4.248647166843927,1.814286526515066,-3.0306956433689964
4.250442875705653,1.8088318092055138,-3.0445647722809883
4.25223858456738,1.8033522937309048,-3.0583151150009864
4.254034293429105,1.7978481927972412,-3.0719473389617664
4.255830002290831,1.7923197179133312,-3.0854621101195074
4.257625711152557,1.7867670793933148,-3.098860092909383
4.2594214200142835,1.781190486359299,-3.1121419507451615
4.26121712887601,1.7755901467440853,-3.125308344609223
4.263012837737736,1.7699662672939747,-3.1383599352508003
4.264808546599462,1.7643190535716993,-3.1512973801439688
4.266604255461188,1.7586487099594017,-3.1641213362743055
4.268399964322914,1.7529554396617306,-3.176832458395839
4.27019567318464,1.7472394447089763,-3.189431399786002
4.271991382046366,1.7415009259603296,-3.2019188116572113
4.273787090908092,1.7357400831071659,-3.214295342990336
4.275582799769818,1.729957114676426,-3.226561641789249
4.277378508631545,1.7241522180340405,-3.238718353448799
4.279174217493271,1.718325589388435,-3.250766121587478
4.280969926354997,1.7124774237940796,-3.262705587636638
4.282765635216722,1.706607915155092,-3.27453739177308
4.2845613440784485,1.7007172562288817,-3.286262170765219
4.286357052940175,1.6948056386298742,-3.297880560615418
4.288152761801901,1.6888732528332377,-3.3093931947059114
4.289948470663627,1.6829202881786687,-3.3208007039986494
4.291744179525353,1.676946932874228,-3.3321037178013486
4.2935398883870795,1.6709533740001776,-3.3433028631124624
4.295335597248806,1.6649397975128826,-3.354398764632282
4.297131306110531,1.658906388248718,-3.365392045107107
4.298927014972257,1.6528533299280166,-3.3762833247186204
4.300722723833983,1.646780805159018,-3.387073221849945
4.3025184326957095,1.640688995441866,-3.3977623523862017
4.304314141557436,1.6345780811726018,-3.4083513300697805
4.306109850419162,1.628448241647179,-3.4188407664226257
4.307905559280888,1.6222996550654858,-3.4292312708572577
4.309701268142614,1.6161324985353869,-3.4395234501660705
4.31149697700434,1.6099469480767599,-3.449717909043137
4.313292685866066,1.6037431786255398,-3.4598152503173547
4.315088394727792,1.5975213640377768,-3.4698160736756907
4.316884103589518,1.591281677093687,-3.4797209776837863
4.318679812451244,1.5850242895016884,-3.4895305578319653
4.320475521312971,1.5787493719024506,-3.4992454076343544
4.322271230174697,1.572457093872933,-3.5088661181403853
4.324066939036423,1.5661476239304164,-3.518393278834075
4.325862647898149,1.5598211295365192,-3.527827475935385
4.3276583567598745,1.553477777101206,-3.5371692941876804
4.329454065621601,1.5471177319867777,-3.546419316069471
4.331249774483327,1.5407411585118627,-3.5555781215168554
4.333045483345053,1.5343482199553697,-3.5646462885119408
4.334841192206779,1.5279390785604385,-3.573624392538832
4.3366369010685055,1.5215138955383594,-3.5825130073940943
4.338432609930232,1.5150728310724735,-3.5913127042874744
4.340228318791958,1.5086160443220737,-3.600024052774486
4.342024027653683,1.5021436934262387,-3.608647619179894
4.343819736515409,1.4956559355076742,-3.6171839692178405
4.345615445377136,1.4891529266765282,-3.625633665194083
4.347411154238862,1.4826348220341536,-3.633997268148725
4.349206863100588,1.476101775676875,-3.6422753365350498
4.351002571962314,1.4695539406997047,-3.650468427118802
4.35279828082404,1.4629914692000296,-3.6585770942565428
4.354593989685767,1.4564145122812804,-3.6666018904951687
4.356389698547492,1.44982322005655,-3.6745433664719935
4.358185407409218,1.4432177416521996,-3.6824020704373512
4.359981116270944,1.4365982252114224,-3.6901785490761614
4.3617768251326705,1.4299648178977657,-3.69787334706384
4.363572533994397,1.4233176658986382,-3.705487006833152
4.365368242856123,1.416656914428758,-3.713020069062711
4.367163951717849,1.4099827077335843,-3.7204730728435105
4.368959660579575,1.4032951890927197,-3.727846554857361
4.370755369441301,1.396594500823242,-3.7351410502872713
4.372551078303027,1.3898807842830385,-3.742357092317849
4.374346787164753,1.3831541798740872,-3.749495212557185
4.376142496026479,1.3764148270457037,-3.756555940315209
4.377938204888205,1.3696628642977469,-3.763539803636195
4.379733913749932,1.3628984291837978,-3.7704473286659375
4.381529622611658,1.3561216583142894,-3.7772790394852147
4.383325331473384,1.3493326873596183,-3.784035459186707
4.38512104033511,1.3425316510532022,-3.7907171083761955
4.3869167491968355,1.3357186831945138,-3.797324506338295
4.388712458058562,1.3288939166520664,-3.803858170814411
4.390508166920288,1.3220574833663803,-3.8103186175031385
4.392303875782014,1.315209514352907,-3.8167063611815872
4.39409958464374,1.3083501397049055,-3.8230219141843764
4.3958952935054665,1.3014794885963132,-3.8292657879357423
4.397691002367193,1.2945976892845532,-3.835438491905929
4.399486711228919,1.2877048691133237,-3.8415405341774007
4.401282420090644,1.280801154515362,-3.847572421433742
4.40307812895237,1.27388667101515,-3.85353465858218
4.404873837814097,1.2669615432316195,-3.8594277491532654
4.406669546675823,1.2600258948808116,-3.865252195311974
4.408465255537549,1.2530798487784982,-3.8710084976800725
4.410260964399275,1.2461235268427915,-3.876697155380526
4.412056673261001,1.239157050096711,-3.8823186660597027
4.413852382122728,1.2321805386707345,-3.8878735262981574
4.415648090984453,1.2251941118053142,-3.8933622306003275
4.417443799846179,1.2181978878533617,-3.8987852730598678
4.419239508707905,1.2111919842827354,-3.904143145505578
4.4210352175696315,1.204176517678665,-3.909436339022409
4.422830926431358,1.1971516037461838,-3.9146653430632834
4.424626635293084,1.1901173573125265,-3.9198306454713
4.42642234415481,1.1830738923295099,-3.924932733534447
4.428218053016536,1.1760213218758924,-3.929972092575617
4.430013761878262,1.1689597581597135,-3.9349492068629917
4.431809470739988,1.1618893125206131,-3.9398645592991772
4.433605179601714,1.154810095432156,-3.9447186316765577
4.43540088846344,1.1477222165041137,-3.949511904166591
4.437196597325166,1.1406257844847454,-3.9542448562634998
4.4389923061868926,1.133520907263071,-3.9589179653964908
4.440788015048619,1.1264076918711208,-3.9635317085617845
4.442583723910345,1.1192862444861917,-3.9680865608349154
4.44437943277207,1.1121566704330779,-3.9725829965364663
4.4461751416337965,1.105019074186312,-3.9770214884216055
4.447970850495523,1.0978735593723832,-3.9814025082351985
4.449766559357249,1.090720228771964,-3.9857265263232295
4.451562268218975,1.0835591843221337,-3.989994011766029
4.453357977080701,1.076390527118596,-3.9942054325781124
4.455153685942427,1.0692143574178865,-3.998361255552751
4.456949394804154,1.0620307746396045,-4.0024619460288235
4.45874510366588,1.0548398773686356,-4.0065079683238025
4.460540812527605,1.0476417633573776,-4.010499785234156
4.462336521389331,1.0404365295279638,-4.014437858523845
4.4641322302510575,1.033224271974519,-4.0183226489132196
4.465927939112784,1.0260050859654075,-4.022154615435092
4.46772364797451,1.0187790659454834,-4.0259342160675615
4.469519356836236,1.0115463055383689,-4.029661907412052
4.471315065697962,1.0043068975487381,-4.033338145115195
4.4731107745596885,0.9970609339646207,-4.03696338311943
4.474906483421414,0.9898085059597207,-4.040538074462363
4.47670219228314,0.9825497038957322,-4.044062670527371
4.478497901144866,0.9752846173247203,-4.047537621504338
4.480293610006592,0.9680133349914799,-4.050963376328598
4.482089318868319,0.9607359448359358,-4.054340382542154
4.483885027730045,0.9534525339955651,-4.057669086482418
4.485680736591771,0.9461631888078479,-4.060949932632729
4.487476445453497,0.938867994812731,-4.064183364671514
4.4892721543152225,0.9315670367551411,-4.067369824717337
4.491067863176949,0.9242603985875031,-4.070509753140161
4.492863572038675,0.9169481634723207,-4.073603589205277
4.494659280900401,0.9096304137847616,-4.076651770773543
4.496454989762127,0.9023072311152887,-4.079654733935012
4.4982506986238535,0.8949786962723272,-4.082612913514083
4.50004640748558,0.8876448892849714,-4.085526742725332
4.501842116347306,0.8803058894057211,-4.088396653384452
4.503637825209031,0.8729617751132696,-4.091223075347594
4.505433534070757,0.8656126241153114,-4.094006437388442
4.507229242932484,0.8582585133514322,-4.096747166509873
4.50902495179421,0.8508995189960048,-4.099445687860692
4.510820660655936,0.8435357164611418,-4.102102425135312
4.512616369517662,0.8361671803997047,-4.1047178003073
4.514412078379388,0.828793984708353,-4.107292233751503
4.516207787241115,0.821416202530636,-4.109826143899875
4.51800349610284,0.8140339062601601,-4.11231994747463
4.519799204964566,0.8066471675437659,-4.114774059466031
4.521594913826292,0.7992560572848071,-4.117188892849288
4.5233906226880185,0.7918606456464465,-4.119564859139668
4.525186331549745,0.7844610020550256,-4.121902367643093
4.526982040411471,0.7770571952034828,-4.124201825700391
4.528777749273197,0.7696492930548327,-4.12646363896485
4.530573458134923,0.7622373628457076,-4.128688210791598
4.5323691669966495,0.7548214710899506,-4.1308759427649555
4.534164875858375,0.74740168358228,-4.133027234309861
4.535960584720101,0.739978065401996,-4.135142482925014
4.537756293581827,0.7325506809167849,-4.137222083511194
4.539552002443553,0.725119593786551,-4.139266429392663
4.54134771130528,0.7176848669673354,-4.141275911395681
4.543143420167006,0.710246562715292,-4.143250918070551
4.544939129028732,0.702804742590731,-4.1451918358415
4.546734837890458,0.695359467462233,-4.147099048806835
4.5485305467521835,0.6879107975108372,-4.148972938683437
4.55032625561391,0.6804587922342653,-4.1508138845958165
4.552121964475636,0.6730035104512714,-4.152622263692285
4.553917673337362,0.6655450103060176,-4.154398450212371
4.555713382199088,0.658083349272537,-4.156142816202912
4.5575090910608145,0.6506185841592608,-4.157855731018456
4.559304799922541,0.6431507711136343,-4.159537561443383
4.561100508784267,0.6356799656267876,-4.161188671591987
4.562896217645992,0.6282062225383002,-4.162809423174929
4.564691926507718,0.6207295960409999,-4.164400174727634
4.566487635369445,0.6132501396858968,-4.1659612824818115
4.568283344231171,0.6057679063871437,-4.16749309961606
4.570079053092897,0.5982829484270855,-4.168995976566725
4.571874761954623,0.5907953174613929,-4.170470260883574
4.573670470816349,0.5833050645242619,-4.171916297213141
4.575466179678076,0.5758122400337009,-4.173334427004516
4.577261888539801,0.5683168937968825,-4.17472498941418
4.579057597401527,0.5608190750155689,-4.176088319501892
4.580853306263253,0.5533188322916455,-4.1774247501458195
4.5826490151249795,0.5458162136326926,-4.178734610510437
4.584444723986706,0.5383112664576558,-4.180018226945803
4.586240432848432,0.5308040376025934,-4.181275922382488
4.588036141710158,0.5232945733264909,-4.182508016475905
4.589831850571884,0.5157829193171692,-4.183714825806151
4.59162755943361,0.5082691206972575,-4.184896663445015
4.593423268295336,0.5007532220302373,-4.186053838833859
4.595218977157062,0.4932352673265941,-4.187186658463626
4.597014686018788,0.48571530005001046,-4.1882954249866655
4.598810394880514,0.4781933631236631,-4.18938043755257
4.6006061037422405,0.4706694989365755,-4.190441992005245
4.602401812603967,0.4631437493500653,-4.191480380222323
4.604197521465693,0.4556161557042581,-4.192495890803505
4.605993230327419,0.44808675882467797,-4.193488808437729
4.6077889391891445,0.44055559902892577,-4.194459413944807
4.609584648050871,0.43302271613339594,-4.19540798470841
4.611380356912597,0.4254881494601267,-4.196334794082102
4.613176065774323,0.4179519378436739,-4.197240111616929
4.614971774636049,0.41041411963808133,-4.198124202872688
4.616767483497775,0.4028747327239169,-4.1989873296455205
4.618563192359502,0.3953338145153942,-4.199829749484962
4.620358901221228,0.38779140196754713,-4.200651716293469
4.622154610082953,0.38024753158349217,-4.201453479638073
4.623950318944679,0.37270223942174474,-4.202235285008515
4.6257460278064055,0.3651555611036337,-4.202997373733974
4.627541736668132,0.3576075318207561,-4.203739983171806
4.629337445529858,0.3500581863425095,-4.204463346230147
4.631133154391584,0.3425075590237033,-4.205167691775924
4.63292886325331,0.3349556838122234,-4.205853244138025
4.6347245721150365,0.3274025942567644,-4.206520223443144
4.636520280976762,0.3198483235146405,-4.207168845590803
4.638315989838488,0.3122929043596314,-4.207799321923056
4.640111698700214,0.3047363691899332,-4.208411859227268
4.64190740756194,0.29717875003613564,-4.209006660277348
4.643703116423667,0.28962007856927263,-4.209583922673565
4.645498825285393,0.282060386108938,-4.210143840169267
4.647294534147119,0.27449970363145393,-4.210686601616165
4.649090243008845,0.26693806177809676,-4.211212391053154
4.6508859518705705,0.25937549086338985,-4.211721388291956
4.652681660732297,0.25181202088342836,-4.21221376835923
4.654477369594023,0.24424768152429205,-4.21268970153682
4.656273078455749,0.2366825021704832,-4.21314935338396
4.658068787317475,0.22911651191342672,-4.2135928846318
4.6598644961792015,0.22154973956002147,-4.214020451508149
4.661660205040928,0.21398221364124045,-4.214432205194851
4.663455913902654,0.2064139624207758,-4.214828292044281
4.665251622764379,0.19884501390373918,-4.215208853795837
4.667047331626105,0.19127539584538408,-4.215574026994462
4.668843040487832,0.1837051357599104,-4.2159239434888525
4.670638749349558,0.1761342609292785,-4.216258730156685
4.672434458211284,0.16856279841207208,-4.2165785088921215
4.67423016707301,0.16099077505241136,-4.216883396662707
4.676025875934736,0.15341821748889048,-4.21717350541223
4.677821584796463,0.145845152163563,-4.217448942092639
4.679617293658189,0.1382716053309513,-4.217709808504444
4.681413002519914,0.13069760306710093,-4.217956201754691
4.68320871138164,0.12312317127865106,-4.218188213417351
4.6850044202433665,0.1155483357119583,-4.218405930411089
4.686800129105093,0.10797312196222714,-4.218609434122889
4.688595837966819,0.1003975554826771,-4.21879880130177
4.690391546828545,0.09282166159373985,-4.218974103161604
4.692187255690271,0.08524546549226868,-4.219135406022256
4.6939829645519975,0.07766899226078047,-4.219282770961257
4.695778673413723,0.07009226687671927,-4.21941625393038
4.697574382275449,0.06251531422171488,-4.219535905692142
4.699370091137175,0.054938159090905936,-4.219641771848956
4.701165799998901,0.04736082620223107,-4.219733892714405
4.702961508860628,0.03978334020576328,-4.219812303555766
4.704757217722354,0.03220572569303895,-4.219877034392777
4.70655292658408,0.024628007206416152,-4.219928109879499
4.708348635445806,0.01705020924842098,-4.2199655497279425
4.7101443443075315,0.00947235629112395,-4.219989368239255
4.711940053169258,0.0018944727854891114,-4.2199995745222525
4.713735762030984,-0.0056834168292252,-4.219996172514411
4.71553147089271,-0.01326128811611154,-4.2199791609571005
4.717327179754436,-0.020839116631230326,-4.219948533258806
4.7191228886161625,-0.028416877914232076,-4.219904277699693
4.720918597477889,-0.03599454747899099,-4.219846377303063
4.722714306339615,-0.04357210080423647,-4.219774809895854
4.72451001520134,-0.051149513324185436,-4.2196895481166194
4.726305724063066,-0.058726760419209205,-4.219590559354987
4.728101432924793,-0.06630381740646468,-4.219477805781496
4.729897141786519,-0.07388065953057991,-4.219351244389574
4.731692850648245,-0.08145726195433137,-4.219210827156871
4.733488559509971,-0.08903359974934123,-4.219056500534557
4.735284268371697,-0.09660964788678966,-4.218888206138776
4.7370799772334236,-0.10418538122814681,-4.218705880192768
4.73887568609515,-0.11176077451592542,-4.218509454009811
4.740671394956875,-0.1193358023644447,-4.2182988535297
4.742467103818601,-0.12691043925064963,-4.218073999698313
4.7442628126803275,-0.13448465950489882,-4.217834808463438
4.746058521542054,-0.14205843730183554,-4.217581190409103
4.74785423040378,-0.14963174665125378,-4.217313051248228
4.749649939265506,-0.15720456138900238,-4.217030291632506
4.751445648127232,-0.16477685516792326,-4.216732807001133
4.753241356988958,-0.17234860144881597,-4.216420488090122
4.755037065850684,-0.17991977349144192,-4.216093220309191
4.75683277471241,-0.18749034434557024,-4.215750884317693
4.758628483574136,-0.19506028684203697,-4.215393355576357
4.760424192435862,-0.20262957358386852,-4.215020504948208
4.7622199012975885,-0.21019817693743933,-4.21463219802548
4.764015610159315,-0.21776606902365753,-4.214228295734701
4.765811319021041,-0.22533322170921463,-4.213808654063289
4.767607027882767,-0.23289960659785994,-4.213373124202501
4.769402736744492,-0.24046519502173436,-4.21292155243641
4.771198445606219,-0.2480299580327513,-4.212453780390312
4.772994154467945,-0.25559386639401305,-4.211969644729585
4.774789863329671,-0.26315689057128827,-4.211468977693977
4.776585572191397,-0.2707190007245392,-4.210951606425928
4.778381281053123,-0.27828016669950234,-4.210417353761597
4.78017698991485,-0.28584035801931884,-4.209866037707677
4.781972698776576,-0.2933995438762202,-4.209297471602369
4.783768407638301,-0.3009576931232699,-4.2087114643124535
4.785564116500027,-0.3085147742661798,-4.2081078202027555
4.7873598253617535,-0.3160707554551434,-4.207486339000144
4.78915553422348,-0.32362560447677474,-4.206846815896226
4.790951243085206,-0.33117928874607633,-4.206189041830455
4.792746951946932,-0.33873177529848864,-4.2055128032431055
4.794542660808658,-0.34628303078198563,-4.20481788213356
4.7963383696703845,-0.3538330214492495,-4.2041040561408005
4.79813407853211,-0.3613817131498922,-4.2033710987154915
4.799929787393836,-0.3689290713227713,-4.202618778970102
4.801725496255562,-0.3764750609883314,-4.201846861837111
4.803521205117288,-0.3840196467410508,-4.201055107955209
4.805316913979015,-0.39156279274193406,-4.20024327388302
4.807112622840741,-0.3991044627110819,-4.199411111990847
4.808908331702467,-0.4066446199203342,-4.198558370582806
4.810704040564193,-0.4141832271859683,-4.197684794102208
4.812499749425919,-0.4217202468614894,-4.196790122681926
4.814295458287645,-0.4292556408304699,-4.195874092691176
4.816091167149371,-0.4367893704994936,-4.19493643649127
4.817886876011097,-0.44432139679112787,-4.1939768827631285
4.819682584872823,-0.45185168013701227,-4.1929951561103795
4.8214782937345495,-0.45938018047099277,-4.191990977306381
4.823274002596276,-0.46690685722235037,-4.190964063804925
4.825069711458002,-0.4744316693090851,-4.189914128738259
4.826865420319728,-0.48195457513129775,-4.188840881960698
4.828661129181453,-0.4894755325646223,-4.18774402955735
4.83045683804318,-0.496994498953766,-4.186623274127221
4.832252546904906,-0.5045114311060871,-4.185478314649993
4.834048255766632,-0.5120262852852834,-4.184308846699736
4.835843964628358,-0.519539017205141,-4.183114562172907
4.837639673490084,-0.5270495820233646,-4.181895149740766
4.839435382351811,-0.5345579343354826,-4.1806502946772905
4.841231091213537,-0.5420640281688363,-4.1793796789257875
4.843026800075262,-0.5495678169766289,-4.178082981104447
4.844822508936988,-0.5570692536320906,-4.1767598765840575
4.8466182177987145,-0.56456829042267,-4.175410037582372
4.848413926660441,-0.572064879044335,-4.174033133136357
4.850209635522167,-0.5795589705959583,-4.17262882921321
4.852005344383893,-0.5870505155737514,-4.171196788582687
4.853801053245619,-0.5945394638658015,-4.169736671205682
4.8555967621073455,-0.6020257647466691,-4.168248133823438
4.857392470969071,-0.6095093668720766,-4.166730830407195
4.859188179830797,-0.6169902182736664,-4.165184411941691
4.860983888692523,-0.624468266353823,-4.163608526658313
4.862779597554249,-0.6319434578805938,-4.162002819735333
4.864575306415976,-0.639415738982674,-4.1603669338585725
4.866371015277702,-0.6468850551444661,-4.158700508949398
4.868166724139428,-0.6543513512012175,-4.15700318201484
4.869962433001154,-0.6618145713342314,-4.155274587624991
4.8717581418628795,-0.6692746590661425,-4.1535143576076905
4.873553850724606,-0.6767315572562967,-4.151722121592538
4.875349559586332,-0.6841852080961588,-4.149897505983935
4.877145268448058,-0.6916355531048216,-4.148040135282249
4.878940977309784,-0.6990825331245938,-4.146149631545359
4.8807366861715105,-0.7065260883166244,-4.144225614122199
4.882532395033237,-0.713966158156635,-4.142267699996927
4.884328103894963,-0.7214026814306981,-4.140275504066482
4.886123812756689,-0.7288355962310908,-4.138248638874131
4.887919521618414,-0.7362648399522147,-4.136186714548407
4.889715230480141,-0.7436903492865954,-4.134089339213887
4.891510939341867,-0.7511120602209216,-4.131956118791358
4.893306648203593,-0.7585299080321749,-4.129786656770218
4.895102357065319,-0.7659438272838159,-4.127580554863508
4.896898065927045,-0.7733537518220222,-4.125337412608232
4.8986937747887715,-0.7807596147720138,-4.123056827598504
4.900489483650498,-0.7881613485344097,-4.120738395063661
4.902285192512223,-0.7955588847816711,-4.118381708778651
4.904080901373949,-0.8029521544545949,-4.115986360236912
4.9058766102356755,-0.8103410877588512,-4.113551938966786
4.907672319097402,-0.8177256141615994,-4.111078032986715
4.909468027959128,-0.8251056623881482,-4.1085642281668555
4.911263736820854,-0.8324811604186805,-4.106010108623215
4.91305944568258,-0.8398520354850161,-4.103415256695442
4.914855154544306,-0.8472182140674374,-4.100779253046749
4.916650863406032,-0.85457962189157,-4.09810167665281
4.918446572267758,-0.8619361839253085,-4.095382104474243
4.920242281129484,-0.8692878243757801,-4.0926201122060135
4.92203798999121,-0.876634466686374,-4.089815273572439
4.9238336988529365,-0.8839760335338108,-4.086967160898958
4.925629407714663,-0.8913124468252476,-4.084075344990001
4.927425116576389,-0.898643627695441,-4.081139394568334
4.929220825438115,-0.9059694965039388,-4.078158877468541
4.93101653429984,-0.9132899728323203,-4.075133359576766
4.932812243161567,-0.9206049754814788,-4.072062405335863
4.934607952023293,-0.9279144224689317,-4.068945577850869
4.936403660885019,-0.9352182310261699,-4.065782438622545
4.938199369746745,-0.9425163175960504,-4.062572547741672
4.939995078608471,-0.9498085978302157,-4.059315463916802
4.941790787470198,-0.9570949865865389,-4.056010744440952
4.943586496331924,-0.9643753979266229,-4.052657945113891
4.945382205193649,-0.9716497451132933,-4.049256620375363
4.947177914055375,-0.978917940608158,-4.045806323493828
4.9489736229171015,-0.9861798960691549,-4.042306606227841
4.950769331778828,-0.9934355223481565,-4.038757018920425
4.952565040640554,-1.0006847294885741,-4.035157110826582
4.95436074950228,-1.0079274267230005,-4.03150642953598
4.956156458364006,-1.0151635224708628,-4.0278045218555825
4.9579521672257325,-1.0223929243360983,-4.024050932782686
4.959747876087459,-1.0296155391048436,-4.0202452064819205
4.961543584949184,-1.0368312727431404,-4.016386885441481
4.96333929381091,-1.044040030394671,-4.012475510961622
4.965135002672636,-1.0512417163784724,-4.00851062355434
4.966930711534363,-1.058436234186695,-4.004491761644413
4.968726420396089,-1.0656234864823473,-4.000418463256938
4.970522129257815,-1.0728033750970716,-3.996290264740576
4.972317838119541,-1.0799758010289024,-3.992106701100617
4.974113546981267,-1.0871406644400496,-3.98786730638756
4.975909255842993,-1.094297864654666,-3.9835716131642047
4.977704964704719,-1.1014473001566472,-3.9792191528942307
4.979500673566445,-1.1085888685873915,-3.974809455931094
4.981296382428171,-1.1157224667435954,-3.9703420511849603
4.9830920912898975,-1.1228479905750208,-3.965816466333649
4.984887800151624,-1.1299653351822905,-3.961232227900346
4.98668350901335,-1.1370743948146351,-3.9565888613313223
4.988479217875076,-1.1441750628676683,-3.9518858903631044
4.990274926736801,-1.1512672318811465,-3.9471228378773477
4.992070635598528,-1.15835079353672,-3.942299225434542
4.993866344460254,-1.1654256386556514,-3.9374145731296823
4.99566205332198,-1.1724916571965658,-3.9324684000474615
4.997457762183706,-1.1795487382531415,-3.927460223895895
4.999253471045432,-1.1865967700518298,-3.9223895609397093
5.001049179907159,-1.1936356399495212,-3.917255926444429
5.002844888768885,-1.2006652344312267,-3.9120588341101654
5.00464059763061,-1.2076854391077105,-3.9067977964934992
5.006436306492336,-1.2146961387131436,-3.9014723248520506
5.0082320153540625,-1.2216972171026959,-3.896081928711492
5.010027724215789,-1.2286885572501232,-3.8906261169979746
5.011823433077515,-1.2356700412453494,-3.8851043964283067
5.013619141939241,-1.2426415502920027,-3.8795162730087536
5.015414850800967,-1.249602964704931,-3.8738612510247346
5.0172105596626935,-1.2565541639077018,-3.868138833218459
5.019006268524419,-1.2634950264300648,-3.8623485215438786
5.020801977386145,-1.2704254299054125,-3.8564898157456002
5.022597686247871,-1.2773452510681573,-3.850562214724462
5.024393395109597,-1.2842543657511458,-3.844565215638251
5.026189103971324,-1.2911526488830039,-3.838498314079341
5.02798481283305,-1.2980399744854634,-3.8323610043078378
5.029780521694776,-1.3049162156706462,-3.8261527790850454
5.031576230556502,-1.3117812446383366,-3.819873129506934
5.033371939418228,-1.3186349326732063,-3.8135215451817746
5.035167648279954,-1.3254771501420095,-3.8070975142412418
5.03696335714168,-1.3323077664907568,-3.8006005230184488
5.038759066003406,-1.3391266502418222,-3.794030056325503
5.040554774865132,-1.345933668991056,-3.787385597697756
5.0423504837268585,-1.352728689404835,-3.7806666282724772
5.044146192588585,-1.3595115772170892,-3.773872628176633
5.045941901450311,-1.3662821972263002,-3.7670030757608326
5.047737610312037,-1.3730404132924312,-3.7600574470886268
5.049533319173762,-1.3797860883338637,-3.753035217368694
5.0513290280354886,-1.3865190843242772,-3.7459358594560395
5.053124736897215,-1.393239262289486,-3.7387588446735616
5.054920445758941,-1.3999464823042425,-3.731503642501188
5.056716154620667,-1.4066406034890253,-3.7241697205203645
5.058511863482393,-1.4133214840067587,-3.7167565446916124
5.0603075723441195,-1.4199889810595199,-3.709263578899335
5.062103281205846,-1.4266429508852083,-3.701690285229375
5.063898990067571,-1.4332832487541491,-3.6940361242243642
5.065694698929297,-1.4399097289657197,-3.6863005538845246
5.067490407791023,-1.4465222448448705,-3.6784830306113565
5.06928611665275,-1.4531206487386754,-3.6705830092298437
5.071081825514476,-1.4597047920128,-3.6625999418449235
5.072877534376202,-1.4662745250479616,-3.6545332789739144
5.074673243237928,-1.4728296972363517,-3.6463824692911646
5.076468952099654,-1.479370156978014,-3.6381469593727007
5.07826466096138,-1.4858957516772053,-3.6298261933409566
5.080060369823106,-1.492406327738735,-3.6214196137418493
5.081856078684832,-1.4989017305642227,-3.6129266611784057
5.083651787546558,-1.5053818045483884,-3.604346773289357
5.0854474964082845,-1.511846393075279,-3.5956793866032117
5.087243205270011,-1.518295338514479,-3.586923934983943
5.089038914131737,-1.5247284822172857,-3.5780798502860196
5.090834622993463,-1.5311456645128647,-3.5691465623766123
5.092630331855189,-1.5375467247043875,-3.560123498569378
5.094426040716915,-1.5439315010651224,-3.5510100847013777
5.096221749578641,-1.5502998308345477,-3.541805743412229
5.098017458440367,-1.5566515502143852,-3.5325098959093633
5.099813167302093,-1.5629864943646647,-3.5231219611242532
5.101608876163819,-1.569304497399752,-3.513641355445962
5.103404585025546,-1.5756053923843576,-3.5040674934316836
5.105200293887272,-1.5818890113295316,-3.494399786918567
5.106996002748998,-1.5881551851886577,-3.4846376460340163
5.108791711610723,-1.5944037438534244,-3.474780478274208
5.1105874204724495,-1.6006345161497924,-3.464827689170224
5.112383129334176,-1.6068473298339534,-3.4547786817995525
5.114178838195902,-1.6130420115882833,-3.444632856874907
5.115974547057628,-1.6192183870172918,-3.434389613365951
5.117770255919354,-1.625376280643577,-3.4240483472558476
5.1195659647810805,-1.6315155159037729,-3.4136084528291195
5.121361673642807,-1.637635915144515,-3.403069322027718
5.123157382504532,-1.6437372996183728,-3.3924303444510246
5.124953091366258,-1.6498194894798663,-3.381690907566792
5.126748800227984,-1.6558823037813981,-3.370850396255953
5.128544509089711,-1.6619255604692762,-3.3599081936896975
5.130340217951437,-1.667949076379708,-3.348863680419089
5.132135926813163,-1.6739526672348333,-3.3377162349634832
5.133931635674889,-1.6799361476387766,-3.3264652335107665
5.135727344536615,-1.68589933107371,-3.315110050572389
5.137523053398341,-1.6918420298959576,-3.3036500575844836
5.139318762260067,-1.6977640553321192,-3.292084624806346
5.141114471121793,-1.7036652174752385,-3.280413119610692
5.142910179983519,-1.7095453252809927,-3.2686349075272676
5.1447058888452455,-1.7154041865639258,-3.2567493523205644
5.146501597706972,-1.7212416079937305,-3.2447558152459695
5.148297306568698,-1.727057395091571,-3.2326536556936953
5.150093015430424,-1.7328513522264517,-3.2204422310777576
5.151888724292149,-1.7386232826116252,-3.2081208969692017
5.153684433153876,-1.744372988301092,-3.195689006341151
5.155480142015602,-1.7501002701861277,-3.1831459110787104
5.157275850877328,-1.7558049279918555,-3.1704909609797656
5.159071559739054,-1.7614867602739508,-3.1577235033553026
5.16086726860078,-1.7671455644153384,-3.144842884761356
5.162662977462507,-1.7727811366230135,-3.1318484493225713
5.164458686324233,-1.7783932719249205,-3.1187395394094426
5.166254395185959,-1.783981764166915,-3.1055154960601956
5.168050104047684,-1.7895464060097923,-3.0921756585811084
5.1698458129094105,-1.79508698892646,-3.078719364546511
5.171641521771137,-1.8006033031991227,-3.0651459500541374
5.173437230632863,-1.8060951379166275,-3.051454750158111
5.175232939494589,-1.811562280971879,-3.0376450978031317
5.177028648356315,-1.8170045190593676,-3.023716325101233
5.1788243572180415,-1.8224216376728057,-3.009667762721157
5.180620066079768,-1.8278134211028754,-2.995498740043789
5.182415774941493,-1.833179652435085,-2.9812085853953003
5.184211483803219,-1.838520113547774,-2.9667966260693563
5.186007192664945,-1.8438345851102036,-2.9522621880273543
5.187802901526672,-1.8491228465808112,-2.9376045967532955
5.189598610388398,-1.8543846762055833,-2.9228231763767094
5.191394319250124,-1.8596198510165698,-2.907917250827285
5.19319002811185,-1.8648281468305432,-2.8928861426358305
5.194985736973576,-1.8700093382478127,-2.8777291742998474
5.196781445835302,-1.8751631986511599,-2.8624456674286587
5.198577154697028,-1.8802895002049889,-2.8470349435760762
5.200372863558754,-1.8853880138545775,-2.8314963233078134
5.20216857242048,-1.8904585093255353,-2.8158291272784015
5.2039642812822064,-1.8955007551234218,-2.8000326763644163
5.205759990143933,-1.9005145185335264,-2.7841062905653575
5.207555699005659,-1.9054995656208549,-2.7680492907911076
5.209351407867385,-1.910455661230285,-2.7518609971965975
5.21114711672911,-1.9153825689869133,-2.7355407310247766
5.2129428255908365,-1.920280051296609,-2.7190878133853675
5.214738534452563,-1.925147869346756,-2.702501565743365
5.216534243314289,-1.929985783107188,-2.685781310540758
5.218329952176015,-1.9347935513313852,-2.6689263707968536
5.220125661037741,-1.9395709315578185,-2.6519360702748074
5.2219213698994675,-1.9443176801115694,-2.634809733881305
5.223717078761194,-1.949033552106135,-2.6175466872557784
5.225512787622919,-1.9537183014454926,-2.600146257492053
5.227308496484645,-1.9583716808263971,-2.582607773149448
5.229104205346371,-1.962993441740885,-2.5649305636421538
5.230899914208098,-1.9675833344790676,-2.547113961337555
5.232695623069824,-1.9721411081321478,-2.529157298591933
5.23449133193155,-1.9766665105957062,-2.511059910981217
5.236287040793276,-1.98115928857324,-2.4928211355357277
5.238082749655002,-1.9856191875799687,-2.474440311606152
5.239878458516729,-1.9900459519469174,-2.455916781107792
5.241674167378454,-1.9944393248252557,-2.4372498879987603
5.24346987624018,-1.9987990481909668,-2.4184389794235095
5.245265585101906,-2.0031248628497154,-2.399483404924574
5.2470612939636325,-2.0074165084421125,-2.3803825175860993
5.248857002825359,-2.01167372344919,-2.3611356726682686
5.250652711687085,-2.0158962451982285,-2.3417422297056234
5.252448420548811,-2.0200838098688623,-2.322201551163694
5.254244129410537,-2.0242361524995105,-2.3025130034604047
5.256039838272263,-2.0283530069941254,-2.2826759568994603
5.257835547133989,-2.032434106129257,-2.262689785403893
5.259631255995715,-2.0364791815614316,-2.2425538675152623
5.261426964857441,-2.040487963834892,-2.222267586260429
5.263222673719167,-2.0444601823896433,-2.2018303284854213
5.265018382580894,-2.0483955655698693,-2.1812414865651775
5.26681409144262,-2.0522938406326605,-2.160500458159298
5.268609800304346,-2.0561547337571207,-2.1396066446355277
5.270405509166071,-2.05997797005382,-2.118559454533653
5.2722012180277975,-2.0637632735746085,-2.0973583001460128
5.273996926889524,-2.067510367322796,-2.076002601181237
5.27579263575125,-2.0712189732636888,-2.054491782388368
5.277588344612976,-2.0748888123355336,-2.0328252750445586
5.279384053474702,-2.0785196044608063,-2.0110025162667355
5.2811797623364285,-2.0821110685578987,-1.9890229506991373
5.282975471198155,-2.085662922553196,-1.9668860291588428
5.28477118005988,-2.0891748833935524,-1.9445912095905624
5.286566888921606,-2.092646667059148,-1.922137957777181
5.288362597783332,-2.0960779885767478,-1.899525746162922
5.290158306645059,-2.0994685620334,-1.8767540551634097
5.291954015506785,-2.1028181005905027,-1.8538223735875545
5.293749724368511,-2.1061263164982917,-1.8307301981490551
5.295545433230237,-2.1093929211107874,-1.8074770336440336
5.297341142091963,-2.1126176249011177,-1.7840623942833032
5.299136850953689,-2.1158001374772772,-1.76048580280419
5.300932559815415,-2.118940167598354,-1.7367467908258047
5.302728268677141,-2.1220374231911343,-1.7128448993597443
5.304523977538867,-2.125091611367192,-1.6887796797870889
5.3063196864005935,-2.128102438440402,-1.6645506922374762
5.30811539526232,-2.1310696099448982,-1.6401575081204098
5.309911104124046,-2.133992830653485,-1.6155997083489024
5.311706812985772,-2.136871804596512,-1.5908768850048103
5.313502521847498,-2.1397062350811895,-1.565988640694904
5.315298230709224,-2.142495824711365,-1.5409345894168422
5.31709393957095,-2.1452402754077924,-1.5157143563815365
5.318889648432676,-2.1479392884288178,-1.4903275786348755
5.320685357294402,-2.150592564391589,-1.4647739048578854
5.322481066156128,-2.1531998032936928,-1.4390529968322239
5.324276775017855,-2.1557607045353038,-1.4131645274195745
5.326072483879581,-2.158274966941796,-1.387108183181773
5.327868192741307,-2.1607422887868233,-1.3608836633816066
5.329663901603032,-2.1631623678159264,-1.3344906803380852
5.3314596104647585,-2.165534901270564,-1.3079289607142996
5.333255319326485,-2.1678595859127077,-1.2811982438520886
5.335051028188211,-2.17013611804986,-1.2542982839480743
5.336846737049937,-2.1723641935606173,-1.227228849276507
5.338642445911663,-2.1745435079206925,-1.199989722855399
5.3404381547733895,-2.1766737562294827,-1.1725807029350221
5.342233863635116,-2.1787546332370606,-1.145001602020912
5.344029572496841,-2.180785833371766,-1.117252249205336
5.345825281358567,-2.182767050768229,-1.089332488568573
5.347620990220293,-2.184697979295915,-1.061242180400157
5.3494166990820196,-2.186578312588195,-1.0329812016429685
5.351212407943746,-2.188407744071913,-1.0045494454047343
5.353008116805472,-2.1901859669974595,-0.9759468219572297
5.354803825667198,-2.1919126744693678,-0.9471732588695047
5.356599534528924,-2.1935875594774004,-0.9182287009856792
5.35839524339065,-2.1952103149281896,-0.8891131105581705
5.360190952252376,-2.19678063367734,-0.8598264685355516
5.361986661114102,-2.1982982085620955,-0.8303687736299635
5.363782369975828,-2.1997627324344715,-0.8007400437382016
5.365578078837554,-2.2011738981949516,-0.7709403148759008
5.367373787699281,-2.202531398826678,-0.7409696430649148
5.369169496561007,-2.203834927430136,-0.7108281030898665
5.370965205422733,-2.205084177258402,-0.680515790274505
5.372760914284458,-2.2062788417528623,-0.6500328192826643
5.3745566231461845,-2.207418614579485,-0.6193793250286461
5.376352332007911,-2.208503189665571,-0.5885554643647595
5.378148040869637,-2.2095322612370554,-0.5575614130171047
5.379943749731363,-2.210505523856287,-0.5263973690716739
5.381739458593089,-2.211422672460361,-0.4950635526412838
5.3835351674548155,-2.2122834023999176,-0.46356020457771757
5.385330876316542,-2.213087409478504,-0.43188758798162746
5.387126585178268,-2.213834389992396,-0.4000459884245799
5.388922294039993,-2.214524040770965,-0.3680357144819623
5.390718002901719,-2.215156059217535,-0.33585709664496477
5.392513711763446,-2.215730143350742,-0.30351049011834164
5.394309420625172,-2.2162459918464137,-0.27099627182280983
5.396105129486898,-2.216703304079929,-0.23831484337044626
5.397900838348624,-2.2171017801690995,-0.20546663044296307
5.39969654721035,-2.217441121017527,-0.17245208270288967
5.401492256072077,-2.217721028358459,-0.1392716742154576
5.403287964933802,-2.217941204799166,-0.10592590466984574
5.405083673795528,-2.218101353865756,-0.0724152978914816
5.406879382657254,-2.2182011800485277,-0.038740403662806955
5.4086750915189805,-2.218240388847765,-0.004901797479028858
5.410470800380707,-2.21821868682003,0.0290999197849473
5.412266509242433,-2.2181357816249516,0.06326412047563679
5.414062218104159,-2.2179913820724506,0.09759015113797175
5.415857926965885,-2.2177851981704437,0.13207733076114891
5.417653635827611,-2.2175169411730424,0.16672495193326142
5.419449344689337,-2.2171863236291873,0.20153228053043645
5.421245053551063,-2.216793059431723,0.23649855394047845
5.423040762412789,-2.216336863866978,0.2716229820620697
5.424836471274515,-2.215817453664749,0.30690474759342834
5.426632180136242,-2.2152345470487296,0.34234300401170253
5.428427888997968,-2.214587863787423,0.3779368771938962
5.430223597859694,-2.213877125245429,0.4136854636183073
5.432019306721419,-2.2131020544352107,0.44958783123050233
5.4338150155831455,-2.2122623760692455,0.4856430186883642
5.435610724444872,-2.211357816612626,0.5218500353176836
5.437406433306598,-2.210388104336056,0.5582078608012964
5.439202142168324,-2.2093529693692546,0.5947154448904257
5.44099785103005,-2.2082521437547706,0.6313717072714553
5.4427935598917765,-2.2070853615021884,0.668175537454907
5.444589268753503,-2.205852358642705,0.7051257941537158
5.446384977615229,-2.2045528732841277,0.742221306038182
5.448180686476954,-2.203186645666206,0.7794608699374094
5.44997639533868,-2.2017534182163705,0.8168432521493684
5.451772104200407,-2.200252935605792,0.8543671874416957
5.453567813062133,-2.1986849448058403,0.8920313791183075
5.455363521923859,-2.197049195144861,0.9298344986419237
5.457159230785585,-2.1953454383653117,0.9677751859005211
5.458954939647311,-2.1935734286812085,1.0058520483635647
5.460750648509038,-2.191732922835913,1.044063661059802
5.462546357370763,-2.1898236801602557,1.0824085673100114
5.464342066232489,-2.187845462630917,1.120885277194894
5.466137775094215,-2.185798034929182,1.1594922679103448
5.4679334839559415,-2.18368116449991,1.1982279843003596
5.469729192817668,-2.181494621610857,1.2370908377024037
5.471524901679394,-2.1792381794122333,1.276079206169456
5.47332061054112,-2.176911613996541,1.315191434336782
5.475116319402846,-2.1745147044586783,1.3544258338438198
5.476912028264572,-2.1720472329562788,1.393780681846479
5.478707737126298,-2.1695089847702986,1.4332542226380693
5.480503445988024,-2.166899748365843,1.4728446656731007
5.48229915484975,-2.1642193154532015,1.5125501864998723
5.484094863711476,-2.1614674810491037,1.5523689275820372
5.485890572573203,-2.1586440435381626,1.5922989950789554
5.487686281434929,-2.155748804734547,1.6323384628647017
5.489481990296655,-2.1527815699437927,1.672485368908738
5.49127769915838,-2.149742148024804,1.712737717229906
5.4930734080201065,-2.1466303514520355,1.7530934772747029
5.494869116881833,-2.1434459963777996,1.7935505833177599
5.496664825743559,-2.1401889026947227,1.8341069351945902
5.498460534605285,-2.1368588940983395,1.8747603970359348
5.500256243467011,-2.133455798149793,1.91550879939939
5.5020519523287374,-2.1299794463386648,1.9563499370267576
5.503847661190464,-2.1264296741458795,1.9972815695767918
5.505643370052189,-2.12280632110671,2.0383014214031547
5.507439078913915,-2.119109230873845,2.079407181998505
5.509234787775641,-2.1153382512805505,2.1205965064163834
5.5110304966373675,-2.111493234403834,2.16186701291754
5.512826205499094,-2.1075740366276956,2.2032162860341487
5.51462191436082,-2.1035805187063796,2.244641873905273
5.516417623222546,-2.099512545827659,2.2861412904084943
5.518213332084272,-2.0953699876761083,2.327712013383554
5.5200090409459985,-2.091152718496383,2.369351485942417
5.521804749807724,-2.086860617156465,2.411057116091797
5.52360045866945,-2.0824935672109053,2.4528262757117503
5.525396167531176,-2.0780514569639705,2.494656302753917
5.527191876392902,-2.073534179532793,2.536544499198712
5.528987585254629,-2.0689416329104007,2.5784881323653863
5.530783294116355,-2.064273720028692,2.6204844341126687
5.532579002978081,-2.0595303488213035,2.662530601749147
5.534374711839807,-2.0547114322863758,2.704623797700201
5.5361704207015325,-2.0498168885492,2.7467611486642336
5.537966129563259,-2.0448466409247117,2.788939747855323
5.539761838424985,-2.039800617979859,2.831156653071431
5.541557547286711,-2.034678753595806,2.873408887427153
5.543353256148437,-2.0294809870299386,2.9156934398200103
5.5451489650101635,-2.0242072629777232,2.958007264663997
5.54694467387189,-2.018857531634318,3.000347282422488
5.548740382733616,-2.013431748756008,3.0427103789865124
5.550536091595341,-2.0079298757213877,3.0850934061188435
5.552331800457067,-2.0023518795923163,3.127493182364382
5.554127509318794,-1.9966977331745996,3.169906491939933
5.55592321818052,-1.9909674150784156,3.2123300858888366
5.557718927042246,-1.9851609097784533,3.254760681448143
5.559514635903972,-1.9792782076737658,3.297194963247651
5.561310344765698,-1.973319305147272,3.3396295818222117
5.563106053627425,-1.9672842046249812,3.382061156087523
5.56490176248915,-1.9611729146348473,3.4244862710419706
5.566697471350876,-1.954985449865271,3.4669014804644678
5.568493180212602,-1.9487218312232528,3.509303304560784
5.5702888890743285,-1.9423820858921417,3.5516882326724892
5.572084597936055,-1.935966247389006,3.594052721545004
5.573880306797781,-1.9294743556215654,3.63639319636011
5.575676015659507,-1.922906456944734,3.678706051524205
5.577471724521233,-1.9162626042166988,3.720987649580287
5.579267433382959,-1.9095428568545452,3.7632343228177763
5.581063142244685,-1.9027472808894244,3.8054423723843374
5.582858851106411,-1.8958759490212422,3.8476080699956223
5.584654559968137,-1.8889289406728322,3.8897276561811185
5.586450268829863,-1.8819063420436264,3.93179734268223
5.58824597769159,-1.8748082461628135,3.9738133112976466
5.590041686553316,-1.8676347529419322,4.0157717149380545
5.591837395415042,-1.860385969226927,4.057668677337478
5.593633104276768,-1.8530620088496366,4.099500294196812
5.5954288131384935,-1.8456629926786954,4.141262632528786
5.59722452200022,-1.8381890486698091,4.182951732023543
5.599020230861946,-1.8306403119154864,4.2245636042603785
5.600815939723672,-1.8230169246940708,4.266094234317563
5.602611648585398,-1.8153190365181828,4.307539580084008
5.6044073574471245,-1.8075468041824752,4.348895573469402
5.606203066308851,-1.7997003918107444,4.390158119216281
5.607998775170577,-1.7917799709023337,4.4313230977532925
5.609794484032302,-1.7837857203778715,4.472386363973957
5.611590192894028,-1.7757178266242537,4.513343746936904
5.613385901755755,-1.7675764835389534,4.5541910525193074
5.615181610617481,-1.7593618925735448,4.594924061629424
5.616977319479207,-1.7510742627764975,4.635538532105077
5.618773028340933,-1.7427138108352076,4.676030198313974
5.620568737202659,-1.7342807611172195,4.716394772164012
5.622364446064386,-1.7257753457106866,4.756627942581471
5.624160154926111,-1.717197804464013,4.796725377642641
5.625955863787837,-1.7085483850246388,4.836682723241559
5.627751572649563,-1.6998273428770578,4.876495604777542
5.6295472815112895,-1.691034941379917,4.916159627210703
5.631342990373016,-1.6821714518023012,4.955670375028642
5.633138699234742,-1.673237153359107,4.995023413945088
5.634934408096468,-1.6642323332455589,5.034214290433603
5.636730116958194,-1.6551572866707922,5.0732385324603335
5.63852582581992,-1.6460123168905478,5.1120916500169145
5.640321534681646,-1.6367977352389131,5.15076913562007
5.642117243543372,-1.627513861159142,5.189266465144282
5.643912952405098,-1.6181610222335139,5.227579098054935
5.645708661266824,-1.6087395542122152,5.265702477874612
5.6475043701285506,-1.5992498010412615,5.303632032804817
5.649300078990277,-1.589692114889404,5.341363176358804
5.651095787852003,-1.5800668561740514,5.378891308149836
5.652891496713728,-1.5703743935861736,5.416211814146532
5.6546872055754545,-1.5606151041141454,5.453320066850508
5.656482914437181,-1.550789373066617,5.490211427106039
5.658278623298907,-1.5408975940942498,5.52688124302314
5.660074332160633,-1.5309401692104625,5.563324852353445
5.661870041022359,-1.5209175088110467,5.5995375815687245
5.663665749884085,-1.5108300316927206,5.635514747570624
5.665461458745812,-1.50067816507059,5.671251657546338
5.667257167607538,-1.4904623445944916,5.706743609923403
5.669052876469263,-1.4801830143642105,5.741985895124645
5.670848585330989,-1.4698406269435578,5.776973796001172
5.6726442941927155,-1.4594356433733602,5.811702588709443
5.674440003054442,-1.448968533183227,5.846167542289392
5.676235711916168,-1.4384397744021962,5.880363921384467
5.678031420777894,-1.427849853568202,5.914286984676219
5.67982712963962,-1.4171992657363568,5.9479319872823835
5.6816228385013465,-1.4064885144860335,5.9812941804016075
5.683418547363072,-1.395718111926769,6.014368812312653
5.685214256224798,-1.3848885787029175,6.047151128996119
5.687009965086524,-1.374000443997131,6.079636374822782
5.68880567394825,-1.3630542455325843,6.1118197934084675
5.690601382809977,-1.3520505295739451,6.143696628069239
5.692397091671703,-1.3409898509271434,6.175262122642965
5.694192800533429,-1.3298727729378372,6.20651152223317
5.695988509395155,-1.318699867488647,6.237440073608712
5.6977842182568805,-1.307471714995106,6.2680430263584155
5.699579927118607,-1.2961889044003214,6.298315633324058
5.701375635980333,-1.2848520331683864,6.328253151666185
5.703171344842059,-1.273461707276441,6.357850842508838
5.704967053703785,-1.2620185412054776,6.38710397340425
5.7067627625655115,-1.2505231579298193,6.416007817666713
5.708558471427238,-1.23897618890528,6.444557655638227
5.710354180288964,-1.2273782740560053,6.472748775376846
5.712149889150689,-1.2157300617599973,6.500576473311702
5.713945598012415,-1.204032208833266,6.5280360548980445
5.715741306874142,-1.192285380512701,6.555122835971704
5.717537015735868,-1.1804902504375407,6.58183214300445
5.719332724597594,-1.1686475006295203,6.6081593131928065
5.72112843345932,-1.1567578214716494,6.634099696811723
5.722924142321046,-1.1448219116856444,6.6596486565817505
5.724719851182773,-1.132840478307964,6.684801569301068
5.726515560044498,-1.1208142366645144,6.709553825745561
5.728311268906224,-1.108743910343929,6.733900832189831
5.73010697776795,-1.0966302311695215,6.757838011484107
5.7319026866296765,-1.0844739391698275,6.781360801877411
5.733698395491403,-1.0722757825477587,6.804464660836728
5.735494104353129,-1.060036517648358,6.82714506284876
5.737289813214855,-1.0477569089252026,6.849397502350917
5.739085522076581,-1.0354377289053627,6.8712174931873085
5.7408812309383075,-1.0230797581529958,6.892600570218565
5.742676939800033,-1.0106837852315296,6.91354228943286
5.744472648661759,-0.9982506066644152,6.934038229128302
5.746268357523485,-0.985781026894545,6.954083990690084
5.748064066385211,-0.973275858242199,6.973675199500872
5.749859775246938,-0.9607359208616097,6.992807505257214
5.751655484108664,-0.9481620426961208,7.011476583079767
5.75345119297039,-0.9355550594319378,7.029678134068406
5.755246901832116,-0.9229158144504678,7.047407886545675
5.7570426106938415,-0.9102451587792542,7.064661596539733
5.758838319555568,-0.897543951041479,7.081435048139627
5.760634028417294,-0.8848130574041138,7.097724055454834
5.76242973727902,-0.8720533515246037,7.113524462060149
5.764225446140746,-0.8592657144961737,7.1288321426055115
5.7660211550024725,-0.8464510347917311,7.143643003459931
5.767816863864199,-0.8336102082063548,7.157952983144477
5.769612572725925,-0.8207441377983893,7.171758053459153
5.77140828158765,-0.8078537338291476,7.185054220476549
5.773203990449376,-0.7949399137011758,7.197837524741678
5.774999699311103,-0.7820036018951978,7.210104042237874
5.776795408172829,-0.7690457299056057,7.2218498856357884
5.778591117034555,-0.7560672361745756,7.2330712041490655
5.780386825896281,-0.7430690660248185,7.243764185244083
5.782182534758007,-0.730052171590937,7.253925054850895
5.783978243619734,-0.7170175117493931,7.263550078223656
5.785773952481459,-0.7039660520471429,7.272635561017537
5.787569661343185,-0.6908987646288375,7.281177849299824
5.789365370204911,-0.6778166281627419,7.2891733314484055
5.7911610790666375,-0.66472062776524,7.296618437480084
5.792956787928364,-0.6516117549239988,7.303509641176652
5.79475249679009,-0.6384910074197958,7.309843460029385
5.796548205651816,-0.6253593892470042,7.315616456171624
5.798343914513542,-0.6122179105327381,7.320825237072669
5.8001396233752684,-0.5990675874546767,7.325466456581386
5.801935332236994,-0.5859094421575718,7.32953681504278
5.80373104109872,-0.5727445026684104,7.33303306059696
5.805526749960446,-0.5595738028103376,7.335951989762001
5.807322458822172,-0.5463983821152208,7.33829044804457
5.8091181676838985,-0.5332192857349414,7.340045330739286
5.810913876545625,-0.5200375643514188,7.341213583395011
5.812709585407351,-0.5068542740853542,7.3417922030749585
5.814505294269077,-0.49367047640369754,7.34177823814297
5.8163010031308024,-0.48048723802589,7.341168790495066
5.818096711992529,-0.4673056308288063,7.339961014363182
5.819892420854255,-0.45412673175054297,7.338152118335771
5.821688129715981,-0.44095162269291255,7.335739365554871
5.823483838577707,-0.42778139042273733,7.332720074462728
5.825279547439433,-0.41461712647196663,7.329091619640015
5.82707525630116,-0.40145992703657,7.32485143196404
5.828870965162886,-0.3883108928742512,7.319996999863298
5.830666674024611,-0.37517112920102297,7.314525869700494
5.832462382886337,-0.36204174558655083,7.308435646044552
5.8342580917480635,-0.34892385584844976,7.301723993205499
5.83605380060979,-0.3358185779453536,7.294388635026293
5.837849509471516,-0.32272703386890783,7.286427355715496
5.839645218333242,-0.30965034953464643,7.277838001032432
5.841440927194968,-0.296589654671759,7.268618477951349
5.8432366360566945,-0.2835460827117827,7.2587667557660875
5.84503234491842,-0.27052077067623287,7.248280866856137
5.846828053780146,-0.2575148590631336,7.237158907077989
5.848623762641872,-0.24452949173257393,7.225399036139834
5.850419471503598,-0.23156581579117622,7.212999478505011
5.852215180365325,-0.21862498147557652,7.1999585236515165
5.854010889227051,-0.2057081420348936,7.186274527060109
5.855806598088777,-0.19281645361222444,7.171945910011689
5.857602306950503,-0.17995107512516284,7.156971161291492
5.8593980158122285,-0.1671131681453706,7.141348836213479
5.861193724673955,-0.15430389677718,7.125077558566006
5.862989433535681,-0.14152442753533448,7.108156020170508
5.864785142397407,-0.12877592922176265,7.090582981894577
5.866580851259133,-0.1160595728014919,7.072357273679025
5.8683765601208595,-0.10337653127767947,7.053477795607165
5.870172268982586,-0.09072797956579211,7.033943517988777
5.871967977844312,-0.07811509436694601,7.01375348169525
5.873763686706038,-0.06553905404041249,6.992906799160175
5.875559395567763,-0.053001038475343244,6.971402654186095
5.87735510442949,-0.0405022289616628,6.949240302642906
5.879150813291216,-0.028043808060259027,6.926419073408421
5.880946522152942,-0.01562695947236137,6.902938367557217
5.882742231014668,-0.003252867908219612,6.878797660201112
5.884537939876394,0.009077281044955962,6.853996499634092
5.886333648738121,0.021362301055719218,6.828534508620219
5.888129357599847,0.033601005181816655,6.8024113843295755
5.889925066461572,0.0457922060042545,6.775626898566575
5.891720775323298,0.05793471576204065,6.7481808985136995
5.8935164841850245,0.07002734648747516,6.720073307064921
5.895312193046751,0.08206891014211586,6.691304122650315
5.897107901908477,0.09405821875327838,6.661873419888663
5.898903610770203,0.10599408455111209,6.631781350159571
5.900699319631929,0.11787532010620975,6.601028141351578
5.9024950284936555,0.12970073846773872,6.569614098711484
5.904290737355381,0.14146915330205936,6.537539604492547
5.906086446217107,0.15317937903186707,6.504805118720535
5.907882155078833,0.16483023097570437,6.471411179306829
5.909677863940559,0.1764205254879984,6.437358401896464
5.911473572802286,0.1879490800994595,6.402647481065781
5.913269281664012,0.199414713657899,6.367279189396779
5.915064990525738,0.21081624646939698,6.331254378401374
5.916860699387464,0.22215250043984774,6.294573978292417
5.9186564082491895,0.2334222992168028,6.257238998720604
5.920452117110916,0.24462446833166715,6.219250528444186
5.922247825972642,0.2557578353421163,6.1806097354205605
5.924043534834368,0.2668212299748343,6.141317867447426
5.925839243696094,0.27781348426846547,6.101376251677059
5.9276349525578205,0.2887334327167912,6.06078629537543
5.929430661419547,0.29957991241210113,6.019549485578034
5.931226370281273,0.3103517631887408,5.977667389217566
5.933022079142998,0.3210478277668012,5.935141653418129
5.934817788004724,0.33166695189596895,5.891974005323152
5.936613496866451,0.3422079844994247,5.848166252364616
5.938409205728177,0.3526697778178831,5.803720282085422
5.940204914589903,0.36305118755365723,5.758638062172693
5.942000623451629,0.373351073014777,5.712921641043422
5.943796332313355,0.38356829725911334,5.666573146734243
5.9455920411750816,0.39370172723849534,5.619594788089376
5.947387750036808,0.4037502339427943,5.571988853886322
5.949183458898533,0.41371269254395276,5.52375771281921
5.950979167760259,0.42358798253994967,5.474903814606246
5.9527748766219855,0.43337498789862305,5.425429688019068
5.954570585483712,0.44307259720140924,5.375337942467584
5.956366294345438,0.4526797037869155,5.324631267120128
5.958162003207164,0.46219520589431645,5.2733124306869605
5.95995771206889,0.47161800680656063,5.221384282139141
5.961753420930616,0.48094701499335624,5.1688497493956875
5.963549129792342,0.4901811442539042,5.115711840125714
5.965344838654068,0.4993193138593974,5.061973641401485
5.967140547515794,0.5083604486951702,5.007638318821339
5.96893625637752,0.5173034794025874,4.952709117517218
5.9707319652392465,0.5261473425205767,4.897189361019461
5.972527674100973,0.5348909806267922,4.8410824514122375
5.974323382962699,0.5435333424784055,4.784391869078197
5.976119091824425,0.552073383152478,4.727121172570792
5.97791480068615,0.560510064185902,4.669273997942591
5.979710509547877,0.5688423537149071,4.610854059183822
5.981506218409603,0.5770692266140419,4.5518651473230864
5.983301927271329,0.5851896646346997,4.492311130388504
5.985097636133055,0.5932026565430925,4.432195953196771
5.986893344994781,0.6011071982576816,4.3715236368202515
5.988689053856508,0.6089022929860297,4.310298278470404
5.990484762718234,0.6165869513610692,4.248524050920466
5.992280471579959,0.6241601915767347,4.186205202555415
5.994076180441685,0.63162103952297,4.12334605658371
5.9958718893034115,0.6389685289200457,4.059951010892959
5.997667598165138,0.6462017014522087,3.9960245375114662
5.999463307026864,0.6533196069006142,3.9315711821863437
6.00125901588859,0.6603213032755109,3.8665955645944545
6.003054724750316,0.6672058569476818,3.801102376738141
6.0048504336120425,0.673972342779096,3.7350963836557667
6.006646142473768,0.6806198442527629,3.6685824221560632
6.008441851335494,0.6871474536017564,3.6015654006404936
6.01023756019722,0.6935542719373842,3.53405029899223
6.012033269058946,0.6998394093765006,3.4660421673771142
6.013828977920673,0.7060019851679042,3.397546126382433
6.015624686782399,0.712041127817854,3.3285673660454758
6.017420395644125,0.7179559752146004,3.2591111454871586
6.019216104505851,0.7237456747520072,3.1891827924956924
6.021011813367577,0.7294093834521519,3.118787702766079
6.022807522229303,0.734946268086943,3.0479313397058223
6.024603231091029,0.7403555052987152,2.9766192331082126
6.026398939952755,0.7456362817197617,2.9048569794021257
6.028194648814481,0.7507877940908089,2.8326502407416405
6.0299903576762075,0.7558092493784143,2.7600047438736115
6.031786066537934,0.7606998648912343,2.6869262805928606
6.03358177539966,0.7654588683951691,2.6134207059436143
6.035377484261386,0.7700854982273724,2.539493938757964
6.037173193123111,0.7745790034090575,2.465151959785139
6.038968901984838,0.7789386437571542,2.390400811763671
6.040764610846564,0.7831636899947118,2.3152465988829363
6.04256031970829,0.7872534238600964,2.2396954852399453
6.044356028570016,0.7912071382149346,2.1637536953333925
6.046151737431742,0.7950241371507774,2.087427512148521
6.047947446293469,0.7987037360944801,2.010723277406923
6.049743155155195,0.802245261912279,1.9336473901343518
6.05153886401692,0.8056480530125176,1.8562063061777765
6.053334572878646,0.8089114594470644,1.77840653786121
6.0551302817403725,0.8120348430113178,1.7002546524425008
6.056925990602099,0.8150175773428684,1.6217572717802662
6.058721699463825,0.8178590480187384,1.542921071595593
6.060517408325551,0.8205586526512001,1.4637527806171666
6.062313117187277,0.8231158009821731,1.3842591794710477
6.0641088260490035,0.8255299149761466,1.3044471004475255
6.065904534910729,0.8278004289116446,1.2243234262188096
6.067700243772455,0.8299267894711964,1.1438950890341193
6.069495952634181,0.831908455829799,1.0631690702367358
6.071291661495907,0.8337448997418638,0.982152398892877
6.073087370357634,0.8354356056266209,0.9008521512532396
6.07488307921936,0.8369800706519672,0.8192754501368248
6.076678788081086,0.838377804816745,0.737429463260053
6.078474496942812,0.8396283310314456,0.655321403342235
6.0802702058045375,0.8407311851972942,0.5729585261071701
6.082065914666264,0.8416859162837297,0.4903481304718848
6.08386162352799,0.8424920864042554,0.4074975569701155
6.085657332389716,0.8431492708906431,0.3244141869029882
6.087453041251442,0.8436570583654763,0.2411054416562308
6.0892487501131685,0.8440150508130122,0.1575787814844798
6.091044458974895,0.8442228636483837,0.07384170484514563
6.092840167836621,0.844280125785073,-0.01009825282838328
6.094635876698347,0.8441864797006857,-0.09423351999271466
6.096431585560072,0.8439415815009991,-0.1785564897271996
6.098227294421799,0.8435451009822731,-0.2630595209218711
6.100023003283525,0.8429967216918122,-0.34773493957640506
6.101818712145251,0.8422961409867528,-0.43257503899996047
6.103614421006977,0.8414430700910954,-0.5175720814043494
6.105410129868703,0.8404372341509484,-0.6027182988532775
6.1072058387304295,0.8392783722879597,-0.688005894011745
6.109001547592156,0.8379662376509652,-0.7734270413117804
6.110797256453881,0.8365005974658024,-0.8589738879571928
6.112592965315607,0.8348812330833101,-0.944638555167021
6.1143886741773334,0.8331079400254884,-1.0304131384253346
6.11618438303906,0.8311805280298017,-1.1162897096073099
6.117980091900786,0.8290988210916495,-1.2022603171402135
6.119775800762512,0.8268626575049518,-1.2883169875410605
6.121571509624238,0.8244718899008723,-1.3744517260660947
6.123367218485964,0.8219263852846694,-1.4606565182151419
6.12516292734769,0.8192260250706376,-1.5469233305032135
6.126958636209416,0.8163707051151773,-1.6332441113764415
6.128754345071142,0.8133603357479433,-1.7196107927719415
6.130550053932868,0.810194841801102,-1.8060152904897373
6.1323457627945945,0.8068741626366549,-1.8924495061023447
6.134141471656321,0.8033982521718531,-1.9789053270602428
6.135937180518047,0.7997670789026798,-2.0653746287124797
6.137732889379773,0.7959806259253916,-2.1518492746785967
6.139528598241498,0.7920388909561408,-2.2383211183973906
6.141324307103225,0.7879418863486322,-2.3247820038263534
6.143120015964951,0.7836896391098511,-2.411223766629611
6.144915724826677,0.7792821909138284,-2.4976382359098714
6.146711433688403,0.7747195981134518,-2.5840172340196865
6.148507142550129,0.7700019317503201,-2.6703525786597737
6.150302851411856,0.7651292775626354,-2.7566360838782162
6.152098560273582,0.760101735991132,-2.8428595607754565
6.153894269135308,0.7549194221830331,-2.9290148186478233
6.155689977997033,0.7495824659940434,-3.015093666575152
6.1574856868587595,0.7440910119883568,-3.1010879139647947
6.159281395720486,0.7384452194367227,-3.186989371911641
6.161077104582212,0.7326452623125057,-3.272789854208424
6.162872813443938,0.7266913292857886,-3.358481178344918
6.164668522305664,0.7205836237154916,-3.4440551672287874
6.1664642311673905,0.7143223636395319,-3.5295036493132588
6.168259940029117,0.7079077817629903,-3.614818460440094
6.170055648890842,0.7013401254443198,-3.699991444344741
6.171851357752568,0.6946196566795665,-3.7850144546769378
6.173647066614294,0.6877466520846374,-3.869879355061778
6.175442775476021,0.6807214028755848,-3.9545780208760646
6.177238484337747,0.6735442148469301,-4.039102339836731
6.179034193199473,0.6662154083480187,-4.123444213677274
6.180829902061199,0.658735318257416,-4.207595558658461
6.182625610922925,0.6511042939553395,-4.29154830732803
6.184421319784651,0.64332269929415,-4.375294408776043
6.186217028646377,0.6353909125668564,-4.4588258304667505
6.188012737508103,0.6273093264737263,-4.542134558932487
6.189808446369829,0.6190783480869035,-4.625212600878337
6.1916041552315555,0.6106983988131104,-4.708051984481099
6.193399864093282,0.6021699143544202,-4.7906447599666
6.195195572955008,0.5934933446670829,-4.872983001336095
6.196991281816734,0.5846691539184559,-4.955058807049051
6.198786990678459,0.5756978204419992,-5.0368643010501035
6.200582699540186,0.5665798366903488,-5.118391634123531
6.202378408401912,0.5573157091865354,-5.199632984681513
6.204174117263638,0.5479059584732622,-5.280580559779979
6.205969826125364,0.5383511190603052,-5.361226596301005
6.20776553498709,0.5286517393700503,-5.441563362229561
6.209561243848817,0.5188083816811423,-5.52158315720308
6.211356952710543,0.5088216220702737,-5.601278313871471
6.213152661572268,0.4986920503521274,-5.68064119895184
6.214948370433994,0.4884202700174477,-5.759664213855763
6.2167440792957205,0.4780068981693263,-5.838339796357394
6.218539788157447,0.4674525654576091,-5.9166604210236775
6.220335497019173,0.45675791601151483,-5.994618600504985
6.222131205880899,0.44592360737044107,-6.072206886525987
6.223926914742625,0.43495031041297666,-6.149417870857098
6.2257226236043515,0.4238387092841305,-6.226244186155471
6.227518332466078,0.4125895013207856,-6.302678507252856
6.229314041327803,0.4012033969754007,-6.378713551793979
6.231109750189529,0.38968111973793274,-6.45434208152995
6.232905459051255,0.37802340605607837,-6.529556903064892
6.234701167912982,0.3662310052537368,-6.604350868796848
6.236496876774708,0.3543046794477878,-6.678716878114054
6.238292585636434,0.3422452034631681,-6.752647878030537
6.24008829449816,0.33005336474625957,-6.826136864279685
6.241884003359886,0.31772996327660874,-6.899176882266266
6.243679712221612,0.30527581147699495,-6.971761027929623
6.245475421083338,0.2926917341218233,-7.043882448629079
6.247271129945064,0.2799785682439551,-7.115534344132034
6.24906683880679,0.2671371630398561,-7.186709967385573
6.2508625476685165,0.25416837977318496,-7.257402625535091
6.252658256530243,0.24107309167678795,-7.3276056807417
6.254453965391969,0.227852183853127,-7.397312550977419
6.256249674253695,0.21450655317315737,-7.466516711043813
6.25804538311542,0.20103710817367682,-7.535211693307508
6.2598410919771466,0.18744476895312023,-7.6033910885592295
6.261636800838873,0.17373046706592285,-7.671048546879777
6.263432509700599,0.15989514541532798,-7.73817777835889
6.265228218562325,0.14593975814476312,-7.804772554080574
6.267023927424051,0.1318652705277561,-7.8708267068045
6.2688196362857775,0.11767265885642046,-7.936334131766753
6.270615345147504,0.10336291032852474,-8.001288787495842
6.272411054009229,0.08893702293317304,-8.06568469657251
6.274206762870955,0.07439600533507068,-8.12951594641037
6.276002471732681,0.05974087675750191,-8.192776689958796
6.277798180594408,0.0449726668638949,-8.255461146490159
6.279593889456134,0.030092415638100667,-8.317563602309313
6.28138959831786,0.015101173263362633,-8.379078411497545
6.283185307179586,2.067203796960731e-15,-8.439999996585803
